Sector_A,Sector_B,Correlation,Zone,Period,Regime
XLK,XLK,1.0,US,P1 (2005-2012),GOLDILOCKS
XLY,XLK,0.877697133086842,US,P1 (2005-2012),GOLDILOCKS
XLF,XLK,0.7843070034594141,US,P1 (2005-2012),GOLDILOCKS
XLE,XLK,0.5939603674346619,US,P1 (2005-2012),GOLDILOCKS
XLB,XLK,0.7881388022370844,US,P1 (2005-2012),GOLDILOCKS
XLRE,XLK,,US,P1 (2005-2012),GOLDILOCKS
XLC,XLK,,US,P1 (2005-2012),GOLDILOCKS
XLU,XLK,0.362905769177095,US,P1 (2005-2012),GOLDILOCKS
XLV,XLK,0.8238294475521427,US,P1 (2005-2012),GOLDILOCKS
XLI,XLK,0.8501715049953215,US,P1 (2005-2012),GOLDILOCKS
DBC,XLK,0.3493555708474815,US,P1 (2005-2012),GOLDILOCKS
XLK,XLY,0.877697133086842,US,P1 (2005-2012),GOLDILOCKS
XLY,XLY,1.0,US,P1 (2005-2012),GOLDILOCKS
XLF,XLY,0.8345986157017121,US,P1 (2005-2012),GOLDILOCKS
XLE,XLY,0.5845340253635782,US,P1 (2005-2012),GOLDILOCKS
XLB,XLY,0.7958297987486151,US,P1 (2005-2012),GOLDILOCKS
XLRE,XLY,,US,P1 (2005-2012),GOLDILOCKS
XLC,XLY,,US,P1 (2005-2012),GOLDILOCKS
XLU,XLY,0.4776327060574141,US,P1 (2005-2012),GOLDILOCKS
XLV,XLY,0.8245941713433579,US,P1 (2005-2012),GOLDILOCKS
XLI,XLY,0.8883567566193624,US,P1 (2005-2012),GOLDILOCKS
DBC,XLY,0.328415378274699,US,P1 (2005-2012),GOLDILOCKS
XLK,XLF,0.7843070034594141,US,P1 (2005-2012),GOLDILOCKS
XLY,XLF,0.8345986157017121,US,P1 (2005-2012),GOLDILOCKS
XLF,XLF,1.0,US,P1 (2005-2012),GOLDILOCKS
XLE,XLF,0.5716534536593435,US,P1 (2005-2012),GOLDILOCKS
XLB,XLF,0.7465006476833556,US,P1 (2005-2012),GOLDILOCKS
XLRE,XLF,,US,P1 (2005-2012),GOLDILOCKS
XLC,XLF,,US,P1 (2005-2012),GOLDILOCKS
XLU,XLF,0.464088824945671,US,P1 (2005-2012),GOLDILOCKS
XLV,XLF,0.7906515541694941,US,P1 (2005-2012),GOLDILOCKS
XLI,XLF,0.8415836488673515,US,P1 (2005-2012),GOLDILOCKS
DBC,XLF,0.3268878899644584,US,P1 (2005-2012),GOLDILOCKS
XLK,XLE,0.5939603674346619,US,P1 (2005-2012),GOLDILOCKS
XLY,XLE,0.5845340253635782,US,P1 (2005-2012),GOLDILOCKS
XLF,XLE,0.5716534536593435,US,P1 (2005-2012),GOLDILOCKS
XLE,XLE,1.0,US,P1 (2005-2012),GOLDILOCKS
XLB,XLE,0.7732331774297836,US,P1 (2005-2012),GOLDILOCKS
XLRE,XLE,,US,P1 (2005-2012),GOLDILOCKS
XLC,XLE,,US,P1 (2005-2012),GOLDILOCKS
XLU,XLE,0.43230802664789736,US,P1 (2005-2012),GOLDILOCKS
XLV,XLE,0.5450394382585786,US,P1 (2005-2012),GOLDILOCKS
XLI,XLE,0.6312680654389954,US,P1 (2005-2012),GOLDILOCKS
DBC,XLE,0.7194967299868571,US,P1 (2005-2012),GOLDILOCKS
XLK,XLB,0.7881388022370844,US,P1 (2005-2012),GOLDILOCKS
XLY,XLB,0.7958297987486151,US,P1 (2005-2012),GOLDILOCKS
XLF,XLB,0.7465006476833556,US,P1 (2005-2012),GOLDILOCKS
XLE,XLB,0.7732331774297836,US,P1 (2005-2012),GOLDILOCKS
XLB,XLB,1.0,US,P1 (2005-2012),GOLDILOCKS
XLRE,XLB,,US,P1 (2005-2012),GOLDILOCKS
XLC,XLB,,US,P1 (2005-2012),GOLDILOCKS
XLU,XLB,0.3763311539063685,US,P1 (2005-2012),GOLDILOCKS
XLV,XLB,0.7130115541626278,US,P1 (2005-2012),GOLDILOCKS
XLI,XLB,0.8341543148356286,US,P1 (2005-2012),GOLDILOCKS
DBC,XLB,0.5506133819359179,US,P1 (2005-2012),GOLDILOCKS
XLK,XLRE,,US,P1 (2005-2012),GOLDILOCKS
XLY,XLRE,,US,P1 (2005-2012),GOLDILOCKS
XLF,XLRE,,US,P1 (2005-2012),GOLDILOCKS
XLE,XLRE,,US,P1 (2005-2012),GOLDILOCKS
XLB,XLRE,,US,P1 (2005-2012),GOLDILOCKS
XLRE,XLRE,,US,P1 (2005-2012),GOLDILOCKS
XLC,XLRE,,US,P1 (2005-2012),GOLDILOCKS
XLU,XLRE,,US,P1 (2005-2012),GOLDILOCKS
XLV,XLRE,,US,P1 (2005-2012),GOLDILOCKS
XLI,XLRE,,US,P1 (2005-2012),GOLDILOCKS
DBC,XLRE,,US,P1 (2005-2012),GOLDILOCKS
XLK,XLC,,US,P1 (2005-2012),GOLDILOCKS
XLY,XLC,,US,P1 (2005-2012),GOLDILOCKS
XLF,XLC,,US,P1 (2005-2012),GOLDILOCKS
XLE,XLC,,US,P1 (2005-2012),GOLDILOCKS
XLB,XLC,,US,P1 (2005-2012),GOLDILOCKS
XLRE,XLC,,US,P1 (2005-2012),GOLDILOCKS
XLC,XLC,,US,P1 (2005-2012),GOLDILOCKS
XLU,XLC,,US,P1 (2005-2012),GOLDILOCKS
XLV,XLC,,US,P1 (2005-2012),GOLDILOCKS
XLI,XLC,,US,P1 (2005-2012),GOLDILOCKS
DBC,XLC,,US,P1 (2005-2012),GOLDILOCKS
XLK,XLU,0.362905769177095,US,P1 (2005-2012),GOLDILOCKS
XLY,XLU,0.4776327060574141,US,P1 (2005-2012),GOLDILOCKS
XLF,XLU,0.464088824945671,US,P1 (2005-2012),GOLDILOCKS
XLE,XLU,0.43230802664789736,US,P1 (2005-2012),GOLDILOCKS
XLB,XLU,0.3763311539063685,US,P1 (2005-2012),GOLDILOCKS
XLRE,XLU,,US,P1 (2005-2012),GOLDILOCKS
XLC,XLU,,US,P1 (2005-2012),GOLDILOCKS
XLU,XLU,1.0,US,P1 (2005-2012),GOLDILOCKS
XLV,XLU,0.5059085091989199,US,P1 (2005-2012),GOLDILOCKS
XLI,XLU,0.4326243110221564,US,P1 (2005-2012),GOLDILOCKS
DBC,XLU,0.2309091925422612,US,P1 (2005-2012),GOLDILOCKS
XLK,XLV,0.8238294475521427,US,P1 (2005-2012),GOLDILOCKS
XLY,XLV,0.8245941713433579,US,P1 (2005-2012),GOLDILOCKS
XLF,XLV,0.7906515541694941,US,P1 (2005-2012),GOLDILOCKS
XLE,XLV,0.5450394382585786,US,P1 (2005-2012),GOLDILOCKS
XLB,XLV,0.7130115541626278,US,P1 (2005-2012),GOLDILOCKS
XLRE,XLV,,US,P1 (2005-2012),GOLDILOCKS
XLC,XLV,,US,P1 (2005-2012),GOLDILOCKS
XLU,XLV,0.5059085091989199,US,P1 (2005-2012),GOLDILOCKS
XLV,XLV,1.0,US,P1 (2005-2012),GOLDILOCKS
XLI,XLV,0.8196119205333465,US,P1 (2005-2012),GOLDILOCKS
DBC,XLV,0.33449089072227906,US,P1 (2005-2012),GOLDILOCKS
XLK,XLI,0.8501715049953215,US,P1 (2005-2012),GOLDILOCKS
XLY,XLI,0.8883567566193624,US,P1 (2005-2012),GOLDILOCKS
XLF,XLI,0.8415836488673515,US,P1 (2005-2012),GOLDILOCKS
XLE,XLI,0.6312680654389954,US,P1 (2005-2012),GOLDILOCKS
XLB,XLI,0.8341543148356286,US,P1 (2005-2012),GOLDILOCKS
XLRE,XLI,,US,P1 (2005-2012),GOLDILOCKS
XLC,XLI,,US,P1 (2005-2012),GOLDILOCKS
XLU,XLI,0.4326243110221564,US,P1 (2005-2012),GOLDILOCKS
XLV,XLI,0.8196119205333465,US,P1 (2005-2012),GOLDILOCKS
XLI,XLI,1.0,US,P1 (2005-2012),GOLDILOCKS
DBC,XLI,0.40091274840432656,US,P1 (2005-2012),GOLDILOCKS
XLK,DBC,0.3493555708474815,US,P1 (2005-2012),GOLDILOCKS
XLY,DBC,0.328415378274699,US,P1 (2005-2012),GOLDILOCKS
XLF,DBC,0.3268878899644584,US,P1 (2005-2012),GOLDILOCKS
XLE,DBC,0.7194967299868571,US,P1 (2005-2012),GOLDILOCKS
XLB,DBC,0.5506133819359179,US,P1 (2005-2012),GOLDILOCKS
XLRE,DBC,,US,P1 (2005-2012),GOLDILOCKS
XLC,DBC,,US,P1 (2005-2012),GOLDILOCKS
XLU,DBC,0.2309091925422612,US,P1 (2005-2012),GOLDILOCKS
XLV,DBC,0.33449089072227906,US,P1 (2005-2012),GOLDILOCKS
XLI,DBC,0.40091274840432656,US,P1 (2005-2012),GOLDILOCKS
DBC,DBC,1.0,US,P1 (2005-2012),GOLDILOCKS
XLK,XLK,1.0,US,P1 (2005-2012),REFLATION
XLY,XLK,0.8048658155798384,US,P1 (2005-2012),REFLATION
XLF,XLK,0.7147341938198036,US,P1 (2005-2012),REFLATION
XLE,XLK,0.6198815829253772,US,P1 (2005-2012),REFLATION
XLB,XLK,0.74363791662888,US,P1 (2005-2012),REFLATION
XLRE,XLK,,US,P1 (2005-2012),REFLATION
XLC,XLK,,US,P1 (2005-2012),REFLATION
XLU,XLK,0.558736060179884,US,P1 (2005-2012),REFLATION
XLV,XLK,0.6782945019287341,US,P1 (2005-2012),REFLATION
XLI,XLK,0.806011538601913,US,P1 (2005-2012),REFLATION
DBC,XLK,0.34432808537912346,US,P1 (2005-2012),REFLATION
XLK,XLY,0.8048658155798384,US,P1 (2005-2012),REFLATION
XLY,XLY,1.0,US,P1 (2005-2012),REFLATION
XLF,XLY,0.7591813835307141,US,P1 (2005-2012),REFLATION
XLE,XLY,0.6274189936376776,US,P1 (2005-2012),REFLATION
XLB,XLY,0.7616716029565286,US,P1 (2005-2012),REFLATION
XLRE,XLY,,US,P1 (2005-2012),REFLATION
XLC,XLY,,US,P1 (2005-2012),REFLATION
XLU,XLY,0.6012717799746556,US,P1 (2005-2012),REFLATION
XLV,XLY,0.7001694364313803,US,P1 (2005-2012),REFLATION
XLI,XLY,0.8548869470769928,US,P1 (2005-2012),REFLATION
DBC,XLY,0.32159130410858283,US,P1 (2005-2012),REFLATION
XLK,XLF,0.7147341938198036,US,P1 (2005-2012),REFLATION
XLY,XLF,0.7591813835307141,US,P1 (2005-2012),REFLATION
XLF,XLF,1.0,US,P1 (2005-2012),REFLATION
XLE,XLF,0.6114876323620442,US,P1 (2005-2012),REFLATION
XLB,XLF,0.7408495213085583,US,P1 (2005-2012),REFLATION
XLRE,XLF,,US,P1 (2005-2012),REFLATION
XLC,XLF,,US,P1 (2005-2012),REFLATION
XLU,XLF,0.5718764370067606,US,P1 (2005-2012),REFLATION
XLV,XLF,0.6430657573317605,US,P1 (2005-2012),REFLATION
XLI,XLF,0.7849076840835731,US,P1 (2005-2012),REFLATION
DBC,XLF,0.36325691148986217,US,P1 (2005-2012),REFLATION
XLK,XLE,0.6198815829253772,US,P1 (2005-2012),REFLATION
XLY,XLE,0.6274189936376776,US,P1 (2005-2012),REFLATION
XLF,XLE,0.6114876323620442,US,P1 (2005-2012),REFLATION
XLE,XLE,1.0,US,P1 (2005-2012),REFLATION
XLB,XLE,0.7852105377088372,US,P1 (2005-2012),REFLATION
XLRE,XLE,,US,P1 (2005-2012),REFLATION
XLC,XLE,,US,P1 (2005-2012),REFLATION
XLU,XLE,0.5718776385671521,US,P1 (2005-2012),REFLATION
XLV,XLE,0.5448722224747651,US,P1 (2005-2012),REFLATION
XLI,XLE,0.7009405280989676,US,P1 (2005-2012),REFLATION
DBC,XLE,0.6499097459421573,US,P1 (2005-2012),REFLATION
XLK,XLB,0.74363791662888,US,P1 (2005-2012),REFLATION
XLY,XLB,0.7616716029565286,US,P1 (2005-2012),REFLATION
XLF,XLB,0.7408495213085583,US,P1 (2005-2012),REFLATION
XLE,XLB,0.7852105377088372,US,P1 (2005-2012),REFLATION
XLB,XLB,1.0,US,P1 (2005-2012),REFLATION
XLRE,XLB,,US,P1 (2005-2012),REFLATION
XLC,XLB,,US,P1 (2005-2012),REFLATION
XLU,XLB,0.5851656073210874,US,P1 (2005-2012),REFLATION
XLV,XLB,0.6406465136219207,US,P1 (2005-2012),REFLATION
XLI,XLB,0.82698807544491,US,P1 (2005-2012),REFLATION
DBC,XLB,0.5224436291373452,US,P1 (2005-2012),REFLATION
XLK,XLRE,,US,P1 (2005-2012),REFLATION
XLY,XLRE,,US,P1 (2005-2012),REFLATION
XLF,XLRE,,US,P1 (2005-2012),REFLATION
XLE,XLRE,,US,P1 (2005-2012),REFLATION
XLB,XLRE,,US,P1 (2005-2012),REFLATION
XLRE,XLRE,,US,P1 (2005-2012),REFLATION
XLC,XLRE,,US,P1 (2005-2012),REFLATION
XLU,XLRE,,US,P1 (2005-2012),REFLATION
XLV,XLRE,,US,P1 (2005-2012),REFLATION
XLI,XLRE,,US,P1 (2005-2012),REFLATION
DBC,XLRE,,US,P1 (2005-2012),REFLATION
XLK,XLC,,US,P1 (2005-2012),REFLATION
XLY,XLC,,US,P1 (2005-2012),REFLATION
XLF,XLC,,US,P1 (2005-2012),REFLATION
XLE,XLC,,US,P1 (2005-2012),REFLATION
XLB,XLC,,US,P1 (2005-2012),REFLATION
XLRE,XLC,,US,P1 (2005-2012),REFLATION
XLC,XLC,,US,P1 (2005-2012),REFLATION
XLU,XLC,,US,P1 (2005-2012),REFLATION
XLV,XLC,,US,P1 (2005-2012),REFLATION
XLI,XLC,,US,P1 (2005-2012),REFLATION
DBC,XLC,,US,P1 (2005-2012),REFLATION
XLK,XLU,0.558736060179884,US,P1 (2005-2012),REFLATION
XLY,XLU,0.6012717799746556,US,P1 (2005-2012),REFLATION
XLF,XLU,0.5718764370067606,US,P1 (2005-2012),REFLATION
XLE,XLU,0.5718776385671521,US,P1 (2005-2012),REFLATION
XLB,XLU,0.5851656073210874,US,P1 (2005-2012),REFLATION
XLRE,XLU,,US,P1 (2005-2012),REFLATION
XLC,XLU,,US,P1 (2005-2012),REFLATION
XLU,XLU,1.0,US,P1 (2005-2012),REFLATION
XLV,XLU,0.6084012787031918,US,P1 (2005-2012),REFLATION
XLI,XLU,0.6122617681076155,US,P1 (2005-2012),REFLATION
DBC,XLU,0.2745524542463529,US,P1 (2005-2012),REFLATION
XLK,XLV,0.6782945019287341,US,P1 (2005-2012),REFLATION
XLY,XLV,0.7001694364313803,US,P1 (2005-2012),REFLATION
XLF,XLV,0.6430657573317605,US,P1 (2005-2012),REFLATION
XLE,XLV,0.5448722224747651,US,P1 (2005-2012),REFLATION
XLB,XLV,0.6406465136219207,US,P1 (2005-2012),REFLATION
XLRE,XLV,,US,P1 (2005-2012),REFLATION
XLC,XLV,,US,P1 (2005-2012),REFLATION
XLU,XLV,0.6084012787031918,US,P1 (2005-2012),REFLATION
XLV,XLV,1.0,US,P1 (2005-2012),REFLATION
XLI,XLV,0.7025650014437206,US,P1 (2005-2012),REFLATION
DBC,XLV,0.2471418941878315,US,P1 (2005-2012),REFLATION
XLK,XLI,0.806011538601913,US,P1 (2005-2012),REFLATION
XLY,XLI,0.8548869470769928,US,P1 (2005-2012),REFLATION
XLF,XLI,0.7849076840835731,US,P1 (2005-2012),REFLATION
XLE,XLI,0.7009405280989676,US,P1 (2005-2012),REFLATION
XLB,XLI,0.82698807544491,US,P1 (2005-2012),REFLATION
XLRE,XLI,,US,P1 (2005-2012),REFLATION
XLC,XLI,,US,P1 (2005-2012),REFLATION
XLU,XLI,0.6122617681076155,US,P1 (2005-2012),REFLATION
XLV,XLI,0.7025650014437206,US,P1 (2005-2012),REFLATION
XLI,XLI,1.0,US,P1 (2005-2012),REFLATION
DBC,XLI,0.39950674275779763,US,P1 (2005-2012),REFLATION
XLK,DBC,0.34432808537912346,US,P1 (2005-2012),REFLATION
XLY,DBC,0.32159130410858283,US,P1 (2005-2012),REFLATION
XLF,DBC,0.36325691148986217,US,P1 (2005-2012),REFLATION
XLE,DBC,0.6499097459421573,US,P1 (2005-2012),REFLATION
XLB,DBC,0.5224436291373452,US,P1 (2005-2012),REFLATION
XLRE,DBC,,US,P1 (2005-2012),REFLATION
XLC,DBC,,US,P1 (2005-2012),REFLATION
XLU,DBC,0.2745524542463529,US,P1 (2005-2012),REFLATION
XLV,DBC,0.2471418941878315,US,P1 (2005-2012),REFLATION
XLI,DBC,0.39950674275779763,US,P1 (2005-2012),REFLATION
DBC,DBC,1.0,US,P1 (2005-2012),REFLATION
XLK,XLK,1.0,US,P1 (2005-2012),STAGFLATION
XLY,XLK,0.8255748273590489,US,P1 (2005-2012),STAGFLATION
XLF,XLK,0.6922257230495573,US,P1 (2005-2012),STAGFLATION
XLE,XLK,0.5297369792642176,US,P1 (2005-2012),STAGFLATION
XLB,XLK,0.7074961101309927,US,P1 (2005-2012),STAGFLATION
XLRE,XLK,,US,P1 (2005-2012),STAGFLATION
XLC,XLK,,US,P1 (2005-2012),STAGFLATION
XLU,XLK,0.5047768249715289,US,P1 (2005-2012),STAGFLATION
XLV,XLK,0.534420367962395,US,P1 (2005-2012),STAGFLATION
XLI,XLK,0.7829247168154205,US,P1 (2005-2012),STAGFLATION
DBC,XLK,-0.047188042023458006,US,P1 (2005-2012),STAGFLATION
XLK,XLY,0.8255748273590489,US,P1 (2005-2012),STAGFLATION
XLY,XLY,1.0,US,P1 (2005-2012),STAGFLATION
XLF,XLY,0.8012439339552669,US,P1 (2005-2012),STAGFLATION
XLE,XLY,0.415711861553135,US,P1 (2005-2012),STAGFLATION
XLB,XLY,0.6398814556470825,US,P1 (2005-2012),STAGFLATION
XLRE,XLY,,US,P1 (2005-2012),STAGFLATION
XLC,XLY,,US,P1 (2005-2012),STAGFLATION
XLU,XLY,0.5506016853409863,US,P1 (2005-2012),STAGFLATION
XLV,XLY,0.6366770413581174,US,P1 (2005-2012),STAGFLATION
XLI,XLY,0.8065012417851762,US,P1 (2005-2012),STAGFLATION
DBC,XLY,-0.11129203610504468,US,P1 (2005-2012),STAGFLATION
XLK,XLF,0.6922257230495573,US,P1 (2005-2012),STAGFLATION
XLY,XLF,0.8012439339552669,US,P1 (2005-2012),STAGFLATION
XLF,XLF,1.0,US,P1 (2005-2012),STAGFLATION
XLE,XLF,0.4687434788328252,US,P1 (2005-2012),STAGFLATION
XLB,XLF,0.5829625579471417,US,P1 (2005-2012),STAGFLATION
XLRE,XLF,,US,P1 (2005-2012),STAGFLATION
XLC,XLF,,US,P1 (2005-2012),STAGFLATION
XLU,XLF,0.47103428034204126,US,P1 (2005-2012),STAGFLATION
XLV,XLF,0.5986051422915786,US,P1 (2005-2012),STAGFLATION
XLI,XLF,0.753747320178378,US,P1 (2005-2012),STAGFLATION
DBC,XLF,-0.010606339197321518,US,P1 (2005-2012),STAGFLATION
XLK,XLE,0.5297369792642176,US,P1 (2005-2012),STAGFLATION
XLY,XLE,0.415711861553135,US,P1 (2005-2012),STAGFLATION
XLF,XLE,0.4687434788328252,US,P1 (2005-2012),STAGFLATION
XLE,XLE,1.0,US,P1 (2005-2012),STAGFLATION
XLB,XLE,0.7686780363005602,US,P1 (2005-2012),STAGFLATION
XLRE,XLE,,US,P1 (2005-2012),STAGFLATION
XLC,XLE,,US,P1 (2005-2012),STAGFLATION
XLU,XLE,0.5035411056186461,US,P1 (2005-2012),STAGFLATION
XLV,XLE,0.39595850719203707,US,P1 (2005-2012),STAGFLATION
XLI,XLE,0.6303808849274464,US,P1 (2005-2012),STAGFLATION
DBC,XLE,0.5250617825938426,US,P1 (2005-2012),STAGFLATION
XLK,XLB,0.7074961101309927,US,P1 (2005-2012),STAGFLATION
XLY,XLB,0.6398814556470825,US,P1 (2005-2012),STAGFLATION
XLF,XLB,0.5829625579471417,US,P1 (2005-2012),STAGFLATION
XLE,XLB,0.7686780363005602,US,P1 (2005-2012),STAGFLATION
XLB,XLB,1.0,US,P1 (2005-2012),STAGFLATION
XLRE,XLB,,US,P1 (2005-2012),STAGFLATION
XLC,XLB,,US,P1 (2005-2012),STAGFLATION
XLU,XLB,0.49564114743087173,US,P1 (2005-2012),STAGFLATION
XLV,XLB,0.5251572964781075,US,P1 (2005-2012),STAGFLATION
XLI,XLB,0.7966562507819877,US,P1 (2005-2012),STAGFLATION
DBC,XLB,0.25695066484651813,US,P1 (2005-2012),STAGFLATION
XLK,XLRE,,US,P1 (2005-2012),STAGFLATION
XLY,XLRE,,US,P1 (2005-2012),STAGFLATION
XLF,XLRE,,US,P1 (2005-2012),STAGFLATION
XLE,XLRE,,US,P1 (2005-2012),STAGFLATION
XLB,XLRE,,US,P1 (2005-2012),STAGFLATION
XLRE,XLRE,,US,P1 (2005-2012),STAGFLATION
XLC,XLRE,,US,P1 (2005-2012),STAGFLATION
XLU,XLRE,,US,P1 (2005-2012),STAGFLATION
XLV,XLRE,,US,P1 (2005-2012),STAGFLATION
XLI,XLRE,,US,P1 (2005-2012),STAGFLATION
DBC,XLRE,,US,P1 (2005-2012),STAGFLATION
XLK,XLC,,US,P1 (2005-2012),STAGFLATION
XLY,XLC,,US,P1 (2005-2012),STAGFLATION
XLF,XLC,,US,P1 (2005-2012),STAGFLATION
XLE,XLC,,US,P1 (2005-2012),STAGFLATION
XLB,XLC,,US,P1 (2005-2012),STAGFLATION
XLRE,XLC,,US,P1 (2005-2012),STAGFLATION
XLC,XLC,,US,P1 (2005-2012),STAGFLATION
XLU,XLC,,US,P1 (2005-2012),STAGFLATION
XLV,XLC,,US,P1 (2005-2012),STAGFLATION
XLI,XLC,,US,P1 (2005-2012),STAGFLATION
DBC,XLC,,US,P1 (2005-2012),STAGFLATION
XLK,XLU,0.5047768249715289,US,P1 (2005-2012),STAGFLATION
XLY,XLU,0.5506016853409863,US,P1 (2005-2012),STAGFLATION
XLF,XLU,0.47103428034204126,US,P1 (2005-2012),STAGFLATION
XLE,XLU,0.5035411056186461,US,P1 (2005-2012),STAGFLATION
XLB,XLU,0.49564114743087173,US,P1 (2005-2012),STAGFLATION
XLRE,XLU,,US,P1 (2005-2012),STAGFLATION
XLC,XLU,,US,P1 (2005-2012),STAGFLATION
XLU,XLU,1.0,US,P1 (2005-2012),STAGFLATION
XLV,XLU,0.5438037642459184,US,P1 (2005-2012),STAGFLATION
XLI,XLU,0.5428372997963075,US,P1 (2005-2012),STAGFLATION
DBC,XLU,0.04966667541882595,US,P1 (2005-2012),STAGFLATION
XLK,XLV,0.534420367962395,US,P1 (2005-2012),STAGFLATION
XLY,XLV,0.6366770413581174,US,P1 (2005-2012),STAGFLATION
XLF,XLV,0.5986051422915786,US,P1 (2005-2012),STAGFLATION
XLE,XLV,0.39595850719203707,US,P1 (2005-2012),STAGFLATION
XLB,XLV,0.5251572964781075,US,P1 (2005-2012),STAGFLATION
XLRE,XLV,,US,P1 (2005-2012),STAGFLATION
XLC,XLV,,US,P1 (2005-2012),STAGFLATION
XLU,XLV,0.5438037642459184,US,P1 (2005-2012),STAGFLATION
XLV,XLV,1.0,US,P1 (2005-2012),STAGFLATION
XLI,XLV,0.6171868654966212,US,P1 (2005-2012),STAGFLATION
DBC,XLV,-0.09788899296848463,US,P1 (2005-2012),STAGFLATION
XLK,XLI,0.7829247168154205,US,P1 (2005-2012),STAGFLATION
XLY,XLI,0.8065012417851762,US,P1 (2005-2012),STAGFLATION
XLF,XLI,0.753747320178378,US,P1 (2005-2012),STAGFLATION
XLE,XLI,0.6303808849274464,US,P1 (2005-2012),STAGFLATION
XLB,XLI,0.7966562507819877,US,P1 (2005-2012),STAGFLATION
XLRE,XLI,,US,P1 (2005-2012),STAGFLATION
XLC,XLI,,US,P1 (2005-2012),STAGFLATION
XLU,XLI,0.5428372997963075,US,P1 (2005-2012),STAGFLATION
XLV,XLI,0.6171868654966212,US,P1 (2005-2012),STAGFLATION
XLI,XLI,1.0,US,P1 (2005-2012),STAGFLATION
DBC,XLI,0.072796577751125,US,P1 (2005-2012),STAGFLATION
XLK,DBC,-0.047188042023458006,US,P1 (2005-2012),STAGFLATION
XLY,DBC,-0.11129203610504468,US,P1 (2005-2012),STAGFLATION
XLF,DBC,-0.010606339197321518,US,P1 (2005-2012),STAGFLATION
XLE,DBC,0.5250617825938426,US,P1 (2005-2012),STAGFLATION
XLB,DBC,0.25695066484651813,US,P1 (2005-2012),STAGFLATION
XLRE,DBC,,US,P1 (2005-2012),STAGFLATION
XLC,DBC,,US,P1 (2005-2012),STAGFLATION
XLU,DBC,0.04966667541882595,US,P1 (2005-2012),STAGFLATION
XLV,DBC,-0.09788899296848463,US,P1 (2005-2012),STAGFLATION
XLI,DBC,0.072796577751125,US,P1 (2005-2012),STAGFLATION
DBC,DBC,1.0,US,P1 (2005-2012),STAGFLATION
XLK,XLK,1.0,US,P1 (2005-2012),DEFLATION
XLY,XLK,0.8662404273090788,US,P1 (2005-2012),DEFLATION
XLF,XLK,0.7859466978915243,US,P1 (2005-2012),DEFLATION
XLE,XLK,0.8286927808281856,US,P1 (2005-2012),DEFLATION
XLB,XLK,0.8428749049435528,US,P1 (2005-2012),DEFLATION
XLRE,XLK,,US,P1 (2005-2012),DEFLATION
XLC,XLK,,US,P1 (2005-2012),DEFLATION
XLU,XLK,0.7823876218348056,US,P1 (2005-2012),DEFLATION
XLV,XLK,0.7769801254766359,US,P1 (2005-2012),DEFLATION
XLI,XLK,0.8803741016284168,US,P1 (2005-2012),DEFLATION
DBC,XLK,0.5209486985131937,US,P1 (2005-2012),DEFLATION
XLK,XLY,0.8662404273090788,US,P1 (2005-2012),DEFLATION
XLY,XLY,1.0,US,P1 (2005-2012),DEFLATION
XLF,XLY,0.8325482791002675,US,P1 (2005-2012),DEFLATION
XLE,XLY,0.7563944243147322,US,P1 (2005-2012),DEFLATION
XLB,XLY,0.8174239929223033,US,P1 (2005-2012),DEFLATION
XLRE,XLY,,US,P1 (2005-2012),DEFLATION
XLC,XLY,,US,P1 (2005-2012),DEFLATION
XLU,XLY,0.6830218304494982,US,P1 (2005-2012),DEFLATION
XLV,XLY,0.7580089508367893,US,P1 (2005-2012),DEFLATION
XLI,XLY,0.8941145158419417,US,P1 (2005-2012),DEFLATION
DBC,XLY,0.4806766353353582,US,P1 (2005-2012),DEFLATION
XLK,XLF,0.7859466978915243,US,P1 (2005-2012),DEFLATION
XLY,XLF,0.8325482791002675,US,P1 (2005-2012),DEFLATION
XLF,XLF,1.0,US,P1 (2005-2012),DEFLATION
XLE,XLF,0.6784767396093387,US,P1 (2005-2012),DEFLATION
XLB,XLF,0.7288383270817168,US,P1 (2005-2012),DEFLATION
XLRE,XLF,,US,P1 (2005-2012),DEFLATION
XLC,XLF,,US,P1 (2005-2012),DEFLATION
XLU,XLF,0.6079019228478808,US,P1 (2005-2012),DEFLATION
XLV,XLF,0.6623771123168043,US,P1 (2005-2012),DEFLATION
XLI,XLF,0.8027681650636141,US,P1 (2005-2012),DEFLATION
DBC,XLF,0.40236417581855777,US,P1 (2005-2012),DEFLATION
XLK,XLE,0.8286927808281856,US,P1 (2005-2012),DEFLATION
XLY,XLE,0.7563944243147322,US,P1 (2005-2012),DEFLATION
XLF,XLE,0.6784767396093387,US,P1 (2005-2012),DEFLATION
XLE,XLE,1.0,US,P1 (2005-2012),DEFLATION
XLB,XLE,0.8759658309916672,US,P1 (2005-2012),DEFLATION
XLRE,XLE,,US,P1 (2005-2012),DEFLATION
XLC,XLE,,US,P1 (2005-2012),DEFLATION
XLU,XLE,0.8126055904949753,US,P1 (2005-2012),DEFLATION
XLV,XLE,0.729415675270509,US,P1 (2005-2012),DEFLATION
XLI,XLE,0.8197519931702484,US,P1 (2005-2012),DEFLATION
DBC,XLE,0.7130861965803952,US,P1 (2005-2012),DEFLATION
XLK,XLB,0.8428749049435528,US,P1 (2005-2012),DEFLATION
XLY,XLB,0.8174239929223033,US,P1 (2005-2012),DEFLATION
XLF,XLB,0.7288383270817168,US,P1 (2005-2012),DEFLATION
XLE,XLB,0.8759658309916672,US,P1 (2005-2012),DEFLATION
XLB,XLB,1.0,US,P1 (2005-2012),DEFLATION
XLRE,XLB,,US,P1 (2005-2012),DEFLATION
XLC,XLB,,US,P1 (2005-2012),DEFLATION
XLU,XLB,0.730471061429275,US,P1 (2005-2012),DEFLATION
XLV,XLB,0.7648222530411721,US,P1 (2005-2012),DEFLATION
XLI,XLB,0.8901209474925242,US,P1 (2005-2012),DEFLATION
DBC,XLB,0.6635492703228593,US,P1 (2005-2012),DEFLATION
XLK,XLRE,,US,P1 (2005-2012),DEFLATION
XLY,XLRE,,US,P1 (2005-2012),DEFLATION
XLF,XLRE,,US,P1 (2005-2012),DEFLATION
XLE,XLRE,,US,P1 (2005-2012),DEFLATION
XLB,XLRE,,US,P1 (2005-2012),DEFLATION
XLRE,XLRE,,US,P1 (2005-2012),DEFLATION
XLC,XLRE,,US,P1 (2005-2012),DEFLATION
XLU,XLRE,,US,P1 (2005-2012),DEFLATION
XLV,XLRE,,US,P1 (2005-2012),DEFLATION
XLI,XLRE,,US,P1 (2005-2012),DEFLATION
DBC,XLRE,,US,P1 (2005-2012),DEFLATION
XLK,XLC,,US,P1 (2005-2012),DEFLATION
XLY,XLC,,US,P1 (2005-2012),DEFLATION
XLF,XLC,,US,P1 (2005-2012),DEFLATION
XLE,XLC,,US,P1 (2005-2012),DEFLATION
XLB,XLC,,US,P1 (2005-2012),DEFLATION
XLRE,XLC,,US,P1 (2005-2012),DEFLATION
XLC,XLC,,US,P1 (2005-2012),DEFLATION
XLU,XLC,,US,P1 (2005-2012),DEFLATION
XLV,XLC,,US,P1 (2005-2012),DEFLATION
XLI,XLC,,US,P1 (2005-2012),DEFLATION
DBC,XLC,,US,P1 (2005-2012),DEFLATION
XLK,XLU,0.7823876218348056,US,P1 (2005-2012),DEFLATION
XLY,XLU,0.6830218304494982,US,P1 (2005-2012),DEFLATION
XLF,XLU,0.6079019228478808,US,P1 (2005-2012),DEFLATION
XLE,XLU,0.8126055904949753,US,P1 (2005-2012),DEFLATION
XLB,XLU,0.730471061429275,US,P1 (2005-2012),DEFLATION
XLRE,XLU,,US,P1 (2005-2012),DEFLATION
XLC,XLU,,US,P1 (2005-2012),DEFLATION
XLU,XLU,1.0,US,P1 (2005-2012),DEFLATION
XLV,XLU,0.762439469118558,US,P1 (2005-2012),DEFLATION
XLI,XLU,0.7333050176278615,US,P1 (2005-2012),DEFLATION
DBC,XLU,0.4836699774712189,US,P1 (2005-2012),DEFLATION
XLK,XLV,0.7769801254766359,US,P1 (2005-2012),DEFLATION
XLY,XLV,0.7580089508367893,US,P1 (2005-2012),DEFLATION
XLF,XLV,0.6623771123168043,US,P1 (2005-2012),DEFLATION
XLE,XLV,0.729415675270509,US,P1 (2005-2012),DEFLATION
XLB,XLV,0.7648222530411721,US,P1 (2005-2012),DEFLATION
XLRE,XLV,,US,P1 (2005-2012),DEFLATION
XLC,XLV,,US,P1 (2005-2012),DEFLATION
XLU,XLV,0.762439469118558,US,P1 (2005-2012),DEFLATION
XLV,XLV,1.0,US,P1 (2005-2012),DEFLATION
XLI,XLV,0.8083851675328784,US,P1 (2005-2012),DEFLATION
DBC,XLV,0.42104942125363826,US,P1 (2005-2012),DEFLATION
XLK,XLI,0.8803741016284168,US,P1 (2005-2012),DEFLATION
XLY,XLI,0.8941145158419417,US,P1 (2005-2012),DEFLATION
XLF,XLI,0.8027681650636141,US,P1 (2005-2012),DEFLATION
XLE,XLI,0.8197519931702484,US,P1 (2005-2012),DEFLATION
XLB,XLI,0.8901209474925242,US,P1 (2005-2012),DEFLATION
XLRE,XLI,,US,P1 (2005-2012),DEFLATION
XLC,XLI,,US,P1 (2005-2012),DEFLATION
XLU,XLI,0.7333050176278615,US,P1 (2005-2012),DEFLATION
XLV,XLI,0.8083851675328784,US,P1 (2005-2012),DEFLATION
XLI,XLI,1.0,US,P1 (2005-2012),DEFLATION
DBC,XLI,0.5385665551110941,US,P1 (2005-2012),DEFLATION
XLK,DBC,0.5209486985131937,US,P1 (2005-2012),DEFLATION
XLY,DBC,0.4806766353353582,US,P1 (2005-2012),DEFLATION
XLF,DBC,0.40236417581855777,US,P1 (2005-2012),DEFLATION
XLE,DBC,0.7130861965803952,US,P1 (2005-2012),DEFLATION
XLB,DBC,0.6635492703228593,US,P1 (2005-2012),DEFLATION
XLRE,DBC,,US,P1 (2005-2012),DEFLATION
XLC,DBC,,US,P1 (2005-2012),DEFLATION
XLU,DBC,0.4836699774712189,US,P1 (2005-2012),DEFLATION
XLV,DBC,0.42104942125363826,US,P1 (2005-2012),DEFLATION
XLI,DBC,0.5385665551110941,US,P1 (2005-2012),DEFLATION
DBC,DBC,1.0,US,P1 (2005-2012),DEFLATION
XLK,XLK,1.0,US,P2 (2013-2019),GOLDILOCKS
XLY,XLK,0.8038863502393462,US,P2 (2013-2019),GOLDILOCKS
XLF,XLK,0.6777906146708808,US,P2 (2013-2019),GOLDILOCKS
XLE,XLK,0.44104273094966356,US,P2 (2013-2019),GOLDILOCKS
XLB,XLK,0.6725467937675876,US,P2 (2013-2019),GOLDILOCKS
XLRE,XLK,0.2936477351785007,US,P2 (2013-2019),GOLDILOCKS
XLC,XLK,0.5680134164302674,US,P2 (2013-2019),GOLDILOCKS
XLU,XLK,0.19388842524323038,US,P2 (2013-2019),GOLDILOCKS
XLV,XLK,0.6921846696823064,US,P2 (2013-2019),GOLDILOCKS
XLI,XLK,0.7457248616193171,US,P2 (2013-2019),GOLDILOCKS
DBC,XLK,0.21945555737679656,US,P2 (2013-2019),GOLDILOCKS
XLK,XLY,0.8038863502393462,US,P2 (2013-2019),GOLDILOCKS
XLY,XLY,1.0,US,P2 (2013-2019),GOLDILOCKS
XLF,XLY,0.7388371331327376,US,P2 (2013-2019),GOLDILOCKS
XLE,XLY,0.47143546037852274,US,P2 (2013-2019),GOLDILOCKS
XLB,XLY,0.6935442939865296,US,P2 (2013-2019),GOLDILOCKS
XLRE,XLY,0.30425765472169336,US,P2 (2013-2019),GOLDILOCKS
XLC,XLY,0.5060942777114162,US,P2 (2013-2019),GOLDILOCKS
XLU,XLY,0.19390581295581508,US,P2 (2013-2019),GOLDILOCKS
XLV,XLY,0.6779336446941605,US,P2 (2013-2019),GOLDILOCKS
XLI,XLY,0.770068209834885,US,P2 (2013-2019),GOLDILOCKS
DBC,XLY,0.2157878803186692,US,P2 (2013-2019),GOLDILOCKS
XLK,XLF,0.6777906146708808,US,P2 (2013-2019),GOLDILOCKS
XLY,XLF,0.7388371331327376,US,P2 (2013-2019),GOLDILOCKS
XLF,XLF,1.0,US,P2 (2013-2019),GOLDILOCKS
XLE,XLF,0.5159683430354882,US,P2 (2013-2019),GOLDILOCKS
XLB,XLF,0.7037396598043558,US,P2 (2013-2019),GOLDILOCKS
XLRE,XLF,0.1854338012107412,US,P2 (2013-2019),GOLDILOCKS
XLC,XLF,0.38322989887963527,US,P2 (2013-2019),GOLDILOCKS
XLU,XLF,0.10172900121649964,US,P2 (2013-2019),GOLDILOCKS
XLV,XLF,0.6243504514271296,US,P2 (2013-2019),GOLDILOCKS
XLI,XLF,0.7887321339978259,US,P2 (2013-2019),GOLDILOCKS
DBC,XLF,0.23451307170628635,US,P2 (2013-2019),GOLDILOCKS
XLK,XLE,0.44104273094966356,US,P2 (2013-2019),GOLDILOCKS
XLY,XLE,0.47143546037852274,US,P2 (2013-2019),GOLDILOCKS
XLF,XLE,0.5159683430354882,US,P2 (2013-2019),GOLDILOCKS
XLE,XLE,1.0,US,P2 (2013-2019),GOLDILOCKS
XLB,XLE,0.6393296291199666,US,P2 (2013-2019),GOLDILOCKS
XLRE,XLE,0.10289538099073178,US,P2 (2013-2019),GOLDILOCKS
XLC,XLE,0.285640439268072,US,P2 (2013-2019),GOLDILOCKS
XLU,XLE,0.08670092421926776,US,P2 (2013-2019),GOLDILOCKS
XLV,XLE,0.3842091470430099,US,P2 (2013-2019),GOLDILOCKS
XLI,XLE,0.5891253276601975,US,P2 (2013-2019),GOLDILOCKS
DBC,XLE,0.685774920995358,US,P2 (2013-2019),GOLDILOCKS
XLK,XLB,0.6725467937675876,US,P2 (2013-2019),GOLDILOCKS
XLY,XLB,0.6935442939865296,US,P2 (2013-2019),GOLDILOCKS
XLF,XLB,0.7037396598043558,US,P2 (2013-2019),GOLDILOCKS
XLE,XLB,0.6393296291199666,US,P2 (2013-2019),GOLDILOCKS
XLB,XLB,1.0,US,P2 (2013-2019),GOLDILOCKS
XLRE,XLB,0.2548593975015405,US,P2 (2013-2019),GOLDILOCKS
XLC,XLB,0.3577987372243501,US,P2 (2013-2019),GOLDILOCKS
XLU,XLB,0.17673136142938628,US,P2 (2013-2019),GOLDILOCKS
XLV,XLB,0.5880907329574672,US,P2 (2013-2019),GOLDILOCKS
XLI,XLB,0.8136651342837521,US,P2 (2013-2019),GOLDILOCKS
DBC,XLB,0.37260603627524347,US,P2 (2013-2019),GOLDILOCKS
XLK,XLRE,0.2936477351785007,US,P2 (2013-2019),GOLDILOCKS
XLY,XLRE,0.30425765472169336,US,P2 (2013-2019),GOLDILOCKS
XLF,XLRE,0.1854338012107412,US,P2 (2013-2019),GOLDILOCKS
XLE,XLRE,0.10289538099073178,US,P2 (2013-2019),GOLDILOCKS
XLB,XLRE,0.2548593975015405,US,P2 (2013-2019),GOLDILOCKS
XLRE,XLRE,1.0,US,P2 (2013-2019),GOLDILOCKS
XLC,XLRE,0.230586100914086,US,P2 (2013-2019),GOLDILOCKS
XLU,XLRE,0.4456904614551241,US,P2 (2013-2019),GOLDILOCKS
XLV,XLRE,0.3296415599200893,US,P2 (2013-2019),GOLDILOCKS
XLI,XLRE,0.25782461248609445,US,P2 (2013-2019),GOLDILOCKS
DBC,XLRE,0.03673135323837595,US,P2 (2013-2019),GOLDILOCKS
XLK,XLC,0.5680134164302674,US,P2 (2013-2019),GOLDILOCKS
XLY,XLC,0.5060942777114162,US,P2 (2013-2019),GOLDILOCKS
XLF,XLC,0.38322989887963527,US,P2 (2013-2019),GOLDILOCKS
XLE,XLC,0.285640439268072,US,P2 (2013-2019),GOLDILOCKS
XLB,XLC,0.3577987372243501,US,P2 (2013-2019),GOLDILOCKS
XLRE,XLC,0.230586100914086,US,P2 (2013-2019),GOLDILOCKS
XLC,XLC,1.0,US,P2 (2013-2019),GOLDILOCKS
XLU,XLC,0.03754405365396128,US,P2 (2013-2019),GOLDILOCKS
XLV,XLC,0.3766362133181706,US,P2 (2013-2019),GOLDILOCKS
XLI,XLC,0.3987221707934248,US,P2 (2013-2019),GOLDILOCKS
DBC,XLC,0.1834695030186777,US,P2 (2013-2019),GOLDILOCKS
XLK,XLU,0.19388842524323038,US,P2 (2013-2019),GOLDILOCKS
XLY,XLU,0.19390581295581508,US,P2 (2013-2019),GOLDILOCKS
XLF,XLU,0.10172900121649964,US,P2 (2013-2019),GOLDILOCKS
XLE,XLU,0.08670092421926776,US,P2 (2013-2019),GOLDILOCKS
XLB,XLU,0.17673136142938628,US,P2 (2013-2019),GOLDILOCKS
XLRE,XLU,0.4456904614551241,US,P2 (2013-2019),GOLDILOCKS
XLC,XLU,0.03754405365396128,US,P2 (2013-2019),GOLDILOCKS
XLU,XLU,1.0,US,P2 (2013-2019),GOLDILOCKS
XLV,XLU,0.3129627274299049,US,P2 (2013-2019),GOLDILOCKS
XLI,XLU,0.1904504101793882,US,P2 (2013-2019),GOLDILOCKS
DBC,XLU,-0.053922988919315774,US,P2 (2013-2019),GOLDILOCKS
XLK,XLV,0.6921846696823064,US,P2 (2013-2019),GOLDILOCKS
XLY,XLV,0.6779336446941605,US,P2 (2013-2019),GOLDILOCKS
XLF,XLV,0.6243504514271296,US,P2 (2013-2019),GOLDILOCKS
XLE,XLV,0.3842091470430099,US,P2 (2013-2019),GOLDILOCKS
XLB,XLV,0.5880907329574672,US,P2 (2013-2019),GOLDILOCKS
XLRE,XLV,0.3296415599200893,US,P2 (2013-2019),GOLDILOCKS
XLC,XLV,0.3766362133181706,US,P2 (2013-2019),GOLDILOCKS
XLU,XLV,0.3129627274299049,US,P2 (2013-2019),GOLDILOCKS
XLV,XLV,1.0,US,P2 (2013-2019),GOLDILOCKS
XLI,XLV,0.6627285813799183,US,P2 (2013-2019),GOLDILOCKS
DBC,XLV,0.1272413939489507,US,P2 (2013-2019),GOLDILOCKS
XLK,XLI,0.7457248616193171,US,P2 (2013-2019),GOLDILOCKS
XLY,XLI,0.770068209834885,US,P2 (2013-2019),GOLDILOCKS
XLF,XLI,0.7887321339978259,US,P2 (2013-2019),GOLDILOCKS
XLE,XLI,0.5891253276601975,US,P2 (2013-2019),GOLDILOCKS
XLB,XLI,0.8136651342837521,US,P2 (2013-2019),GOLDILOCKS
XLRE,XLI,0.25782461248609445,US,P2 (2013-2019),GOLDILOCKS
XLC,XLI,0.3987221707934248,US,P2 (2013-2019),GOLDILOCKS
XLU,XLI,0.1904504101793882,US,P2 (2013-2019),GOLDILOCKS
XLV,XLI,0.6627285813799183,US,P2 (2013-2019),GOLDILOCKS
XLI,XLI,1.0,US,P2 (2013-2019),GOLDILOCKS
DBC,XLI,0.2912917827233135,US,P2 (2013-2019),GOLDILOCKS
XLK,DBC,0.21945555737679656,US,P2 (2013-2019),GOLDILOCKS
XLY,DBC,0.2157878803186692,US,P2 (2013-2019),GOLDILOCKS
XLF,DBC,0.23451307170628635,US,P2 (2013-2019),GOLDILOCKS
XLE,DBC,0.685774920995358,US,P2 (2013-2019),GOLDILOCKS
XLB,DBC,0.37260603627524347,US,P2 (2013-2019),GOLDILOCKS
XLRE,DBC,0.03673135323837595,US,P2 (2013-2019),GOLDILOCKS
XLC,DBC,0.1834695030186777,US,P2 (2013-2019),GOLDILOCKS
XLU,DBC,-0.053922988919315774,US,P2 (2013-2019),GOLDILOCKS
XLV,DBC,0.1272413939489507,US,P2 (2013-2019),GOLDILOCKS
XLI,DBC,0.2912917827233135,US,P2 (2013-2019),GOLDILOCKS
DBC,DBC,1.0,US,P2 (2013-2019),GOLDILOCKS
XLK,XLK,1.0,US,P2 (2013-2019),REFLATION
XLY,XLK,0.7780743057697649,US,P2 (2013-2019),REFLATION
XLF,XLK,0.666299681685678,US,P2 (2013-2019),REFLATION
XLE,XLK,0.5587431963665538,US,P2 (2013-2019),REFLATION
XLB,XLK,0.7059006260880716,US,P2 (2013-2019),REFLATION
XLRE,XLK,0.32072548915143534,US,P2 (2013-2019),REFLATION
XLC,XLK,,US,P2 (2013-2019),REFLATION
XLU,XLK,0.3409198706725615,US,P2 (2013-2019),REFLATION
XLV,XLK,0.6508863580323684,US,P2 (2013-2019),REFLATION
XLI,XLK,0.7377578886521751,US,P2 (2013-2019),REFLATION
DBC,XLK,0.23637693714220395,US,P2 (2013-2019),REFLATION
XLK,XLY,0.7780743057697649,US,P2 (2013-2019),REFLATION
XLY,XLY,1.0,US,P2 (2013-2019),REFLATION
XLF,XLY,0.7464288231647879,US,P2 (2013-2019),REFLATION
XLE,XLY,0.6047776717162447,US,P2 (2013-2019),REFLATION
XLB,XLY,0.7654370682890601,US,P2 (2013-2019),REFLATION
XLRE,XLY,0.2786685556415158,US,P2 (2013-2019),REFLATION
XLC,XLY,,US,P2 (2013-2019),REFLATION
XLU,XLY,0.3369158401273546,US,P2 (2013-2019),REFLATION
XLV,XLY,0.7170895774075912,US,P2 (2013-2019),REFLATION
XLI,XLY,0.8147475166994602,US,P2 (2013-2019),REFLATION
DBC,XLY,0.23854724586429918,US,P2 (2013-2019),REFLATION
XLK,XLF,0.666299681685678,US,P2 (2013-2019),REFLATION
XLY,XLF,0.7464288231647879,US,P2 (2013-2019),REFLATION
XLF,XLF,1.0,US,P2 (2013-2019),REFLATION
XLE,XLF,0.636091045742707,US,P2 (2013-2019),REFLATION
XLB,XLF,0.7473596103492345,US,P2 (2013-2019),REFLATION
XLRE,XLF,0.11349187971851542,US,P2 (2013-2019),REFLATION
XLC,XLF,,US,P2 (2013-2019),REFLATION
XLU,XLF,0.18748472387909731,US,P2 (2013-2019),REFLATION
XLV,XLF,0.6839433463044889,US,P2 (2013-2019),REFLATION
XLI,XLF,0.819340613747193,US,P2 (2013-2019),REFLATION
DBC,XLF,0.23492870489551154,US,P2 (2013-2019),REFLATION
XLK,XLE,0.5587431963665538,US,P2 (2013-2019),REFLATION
XLY,XLE,0.6047776717162447,US,P2 (2013-2019),REFLATION
XLF,XLE,0.636091045742707,US,P2 (2013-2019),REFLATION
XLE,XLE,1.0,US,P2 (2013-2019),REFLATION
XLB,XLE,0.7108546355304819,US,P2 (2013-2019),REFLATION
XLRE,XLE,0.1893435353938661,US,P2 (2013-2019),REFLATION
XLC,XLE,,US,P2 (2013-2019),REFLATION
XLU,XLE,0.2894116963440559,US,P2 (2013-2019),REFLATION
XLV,XLE,0.5272528660569515,US,P2 (2013-2019),REFLATION
XLI,XLE,0.681258800792029,US,P2 (2013-2019),REFLATION
DBC,XLE,0.5886800176299462,US,P2 (2013-2019),REFLATION
XLK,XLB,0.7059006260880716,US,P2 (2013-2019),REFLATION
XLY,XLB,0.7654370682890601,US,P2 (2013-2019),REFLATION
XLF,XLB,0.7473596103492345,US,P2 (2013-2019),REFLATION
XLE,XLB,0.7108546355304819,US,P2 (2013-2019),REFLATION
XLB,XLB,1.0,US,P2 (2013-2019),REFLATION
XLRE,XLB,0.24320658536009973,US,P2 (2013-2019),REFLATION
XLC,XLB,,US,P2 (2013-2019),REFLATION
XLU,XLB,0.3303049990902039,US,P2 (2013-2019),REFLATION
XLV,XLB,0.6494619777218479,US,P2 (2013-2019),REFLATION
XLI,XLB,0.8375657893582013,US,P2 (2013-2019),REFLATION
DBC,XLB,0.379949316008128,US,P2 (2013-2019),REFLATION
XLK,XLRE,0.32072548915143534,US,P2 (2013-2019),REFLATION
XLY,XLRE,0.2786685556415158,US,P2 (2013-2019),REFLATION
XLF,XLRE,0.11349187971851542,US,P2 (2013-2019),REFLATION
XLE,XLRE,0.1893435353938661,US,P2 (2013-2019),REFLATION
XLB,XLRE,0.24320658536009973,US,P2 (2013-2019),REFLATION
XLRE,XLRE,1.0,US,P2 (2013-2019),REFLATION
XLC,XLRE,,US,P2 (2013-2019),REFLATION
XLU,XLRE,0.4822403505558326,US,P2 (2013-2019),REFLATION
XLV,XLRE,0.18831094136981733,US,P2 (2013-2019),REFLATION
XLI,XLRE,0.2290148103554765,US,P2 (2013-2019),REFLATION
DBC,XLRE,0.07230836062098171,US,P2 (2013-2019),REFLATION
XLK,XLC,,US,P2 (2013-2019),REFLATION
XLY,XLC,,US,P2 (2013-2019),REFLATION
XLF,XLC,,US,P2 (2013-2019),REFLATION
XLE,XLC,,US,P2 (2013-2019),REFLATION
XLB,XLC,,US,P2 (2013-2019),REFLATION
XLRE,XLC,,US,P2 (2013-2019),REFLATION
XLC,XLC,,US,P2 (2013-2019),REFLATION
XLU,XLC,,US,P2 (2013-2019),REFLATION
XLV,XLC,,US,P2 (2013-2019),REFLATION
XLI,XLC,,US,P2 (2013-2019),REFLATION
DBC,XLC,,US,P2 (2013-2019),REFLATION
XLK,XLU,0.3409198706725615,US,P2 (2013-2019),REFLATION
XLY,XLU,0.3369158401273546,US,P2 (2013-2019),REFLATION
XLF,XLU,0.18748472387909731,US,P2 (2013-2019),REFLATION
XLE,XLU,0.2894116963440559,US,P2 (2013-2019),REFLATION
XLB,XLU,0.3303049990902039,US,P2 (2013-2019),REFLATION
XLRE,XLU,0.4822403505558326,US,P2 (2013-2019),REFLATION
XLC,XLU,,US,P2 (2013-2019),REFLATION
XLU,XLU,1.0,US,P2 (2013-2019),REFLATION
XLV,XLU,0.31719868298490855,US,P2 (2013-2019),REFLATION
XLI,XLU,0.3280278420814214,US,P2 (2013-2019),REFLATION
DBC,XLU,0.13471630235883195,US,P2 (2013-2019),REFLATION
XLK,XLV,0.6508863580323684,US,P2 (2013-2019),REFLATION
XLY,XLV,0.7170895774075912,US,P2 (2013-2019),REFLATION
XLF,XLV,0.6839433463044889,US,P2 (2013-2019),REFLATION
XLE,XLV,0.5272528660569515,US,P2 (2013-2019),REFLATION
XLB,XLV,0.6494619777218479,US,P2 (2013-2019),REFLATION
XLRE,XLV,0.18831094136981733,US,P2 (2013-2019),REFLATION
XLC,XLV,,US,P2 (2013-2019),REFLATION
XLU,XLV,0.31719868298490855,US,P2 (2013-2019),REFLATION
XLV,XLV,1.0,US,P2 (2013-2019),REFLATION
XLI,XLV,0.6996835662261836,US,P2 (2013-2019),REFLATION
DBC,XLV,0.1689344663985202,US,P2 (2013-2019),REFLATION
XLK,XLI,0.7377578886521751,US,P2 (2013-2019),REFLATION
XLY,XLI,0.8147475166994602,US,P2 (2013-2019),REFLATION
XLF,XLI,0.819340613747193,US,P2 (2013-2019),REFLATION
XLE,XLI,0.681258800792029,US,P2 (2013-2019),REFLATION
XLB,XLI,0.8375657893582013,US,P2 (2013-2019),REFLATION
XLRE,XLI,0.2290148103554765,US,P2 (2013-2019),REFLATION
XLC,XLI,,US,P2 (2013-2019),REFLATION
XLU,XLI,0.3280278420814214,US,P2 (2013-2019),REFLATION
XLV,XLI,0.6996835662261836,US,P2 (2013-2019),REFLATION
XLI,XLI,1.0,US,P2 (2013-2019),REFLATION
DBC,XLI,0.28069831906250303,US,P2 (2013-2019),REFLATION
XLK,DBC,0.23637693714220395,US,P2 (2013-2019),REFLATION
XLY,DBC,0.23854724586429918,US,P2 (2013-2019),REFLATION
XLF,DBC,0.23492870489551154,US,P2 (2013-2019),REFLATION
XLE,DBC,0.5886800176299462,US,P2 (2013-2019),REFLATION
XLB,DBC,0.379949316008128,US,P2 (2013-2019),REFLATION
XLRE,DBC,0.07230836062098171,US,P2 (2013-2019),REFLATION
XLC,DBC,,US,P2 (2013-2019),REFLATION
XLU,DBC,0.13471630235883195,US,P2 (2013-2019),REFLATION
XLV,DBC,0.1689344663985202,US,P2 (2013-2019),REFLATION
XLI,DBC,0.28069831906250303,US,P2 (2013-2019),REFLATION
DBC,DBC,1.0,US,P2 (2013-2019),REFLATION
XLK,XLK,1.0,US,P2 (2013-2019),STAGFLATION
XLY,XLK,1.0,US,P2 (2013-2019),STAGFLATION
XLF,XLK,1.0,US,P2 (2013-2019),STAGFLATION
XLE,XLK,1.0,US,P2 (2013-2019),STAGFLATION
XLB,XLK,1.0,US,P2 (2013-2019),STAGFLATION
XLRE,XLK,1.0,US,P2 (2013-2019),STAGFLATION
XLC,XLK,,US,P2 (2013-2019),STAGFLATION
XLU,XLK,-0.9999999999999999,US,P2 (2013-2019),STAGFLATION
XLV,XLK,1.0,US,P2 (2013-2019),STAGFLATION
XLI,XLK,1.0,US,P2 (2013-2019),STAGFLATION
DBC,XLK,1.0,US,P2 (2013-2019),STAGFLATION
XLK,XLY,1.0,US,P2 (2013-2019),STAGFLATION
XLY,XLY,1.0,US,P2 (2013-2019),STAGFLATION
XLF,XLY,1.0,US,P2 (2013-2019),STAGFLATION
XLE,XLY,1.0,US,P2 (2013-2019),STAGFLATION
XLB,XLY,1.0,US,P2 (2013-2019),STAGFLATION
XLRE,XLY,1.0,US,P2 (2013-2019),STAGFLATION
XLC,XLY,,US,P2 (2013-2019),STAGFLATION
XLU,XLY,-1.0,US,P2 (2013-2019),STAGFLATION
XLV,XLY,1.0,US,P2 (2013-2019),STAGFLATION
XLI,XLY,1.0,US,P2 (2013-2019),STAGFLATION
DBC,XLY,1.0,US,P2 (2013-2019),STAGFLATION
XLK,XLF,1.0,US,P2 (2013-2019),STAGFLATION
XLY,XLF,1.0,US,P2 (2013-2019),STAGFLATION
XLF,XLF,1.0,US,P2 (2013-2019),STAGFLATION
XLE,XLF,1.0000000000000002,US,P2 (2013-2019),STAGFLATION
XLB,XLF,1.0,US,P2 (2013-2019),STAGFLATION
XLRE,XLF,1.0,US,P2 (2013-2019),STAGFLATION
XLC,XLF,,US,P2 (2013-2019),STAGFLATION
XLU,XLF,-1.0,US,P2 (2013-2019),STAGFLATION
XLV,XLF,1.0,US,P2 (2013-2019),STAGFLATION
XLI,XLF,1.0,US,P2 (2013-2019),STAGFLATION
DBC,XLF,1.0,US,P2 (2013-2019),STAGFLATION
XLK,XLE,1.0,US,P2 (2013-2019),STAGFLATION
XLY,XLE,1.0,US,P2 (2013-2019),STAGFLATION
XLF,XLE,1.0000000000000002,US,P2 (2013-2019),STAGFLATION
XLE,XLE,1.0,US,P2 (2013-2019),STAGFLATION
XLB,XLE,1.0,US,P2 (2013-2019),STAGFLATION
XLRE,XLE,1.0,US,P2 (2013-2019),STAGFLATION
XLC,XLE,,US,P2 (2013-2019),STAGFLATION
XLU,XLE,-1.0,US,P2 (2013-2019),STAGFLATION
XLV,XLE,1.0,US,P2 (2013-2019),STAGFLATION
XLI,XLE,1.0,US,P2 (2013-2019),STAGFLATION
DBC,XLE,1.0,US,P2 (2013-2019),STAGFLATION
XLK,XLB,1.0,US,P2 (2013-2019),STAGFLATION
XLY,XLB,1.0,US,P2 (2013-2019),STAGFLATION
XLF,XLB,1.0,US,P2 (2013-2019),STAGFLATION
XLE,XLB,1.0,US,P2 (2013-2019),STAGFLATION
XLB,XLB,1.0,US,P2 (2013-2019),STAGFLATION
XLRE,XLB,1.0,US,P2 (2013-2019),STAGFLATION
XLC,XLB,,US,P2 (2013-2019),STAGFLATION
XLU,XLB,-0.9999999999999999,US,P2 (2013-2019),STAGFLATION
XLV,XLB,1.0,US,P2 (2013-2019),STAGFLATION
XLI,XLB,1.0,US,P2 (2013-2019),STAGFLATION
DBC,XLB,1.0,US,P2 (2013-2019),STAGFLATION
XLK,XLRE,1.0,US,P2 (2013-2019),STAGFLATION
XLY,XLRE,1.0,US,P2 (2013-2019),STAGFLATION
XLF,XLRE,1.0,US,P2 (2013-2019),STAGFLATION
XLE,XLRE,1.0,US,P2 (2013-2019),STAGFLATION
XLB,XLRE,1.0,US,P2 (2013-2019),STAGFLATION
XLRE,XLRE,1.0,US,P2 (2013-2019),STAGFLATION
XLC,XLRE,,US,P2 (2013-2019),STAGFLATION
XLU,XLRE,-1.0,US,P2 (2013-2019),STAGFLATION
XLV,XLRE,1.0,US,P2 (2013-2019),STAGFLATION
XLI,XLRE,1.0,US,P2 (2013-2019),STAGFLATION
DBC,XLRE,1.0000000000000002,US,P2 (2013-2019),STAGFLATION
XLK,XLC,,US,P2 (2013-2019),STAGFLATION
XLY,XLC,,US,P2 (2013-2019),STAGFLATION
XLF,XLC,,US,P2 (2013-2019),STAGFLATION
XLE,XLC,,US,P2 (2013-2019),STAGFLATION
XLB,XLC,,US,P2 (2013-2019),STAGFLATION
XLRE,XLC,,US,P2 (2013-2019),STAGFLATION
XLC,XLC,,US,P2 (2013-2019),STAGFLATION
XLU,XLC,,US,P2 (2013-2019),STAGFLATION
XLV,XLC,,US,P2 (2013-2019),STAGFLATION
XLI,XLC,,US,P2 (2013-2019),STAGFLATION
DBC,XLC,,US,P2 (2013-2019),STAGFLATION
XLK,XLU,-0.9999999999999999,US,P2 (2013-2019),STAGFLATION
XLY,XLU,-1.0,US,P2 (2013-2019),STAGFLATION
XLF,XLU,-1.0,US,P2 (2013-2019),STAGFLATION
XLE,XLU,-1.0,US,P2 (2013-2019),STAGFLATION
XLB,XLU,-0.9999999999999999,US,P2 (2013-2019),STAGFLATION
XLRE,XLU,-1.0,US,P2 (2013-2019),STAGFLATION
XLC,XLU,,US,P2 (2013-2019),STAGFLATION
XLU,XLU,1.0,US,P2 (2013-2019),STAGFLATION
XLV,XLU,-1.0,US,P2 (2013-2019),STAGFLATION
XLI,XLU,-0.9999999999999999,US,P2 (2013-2019),STAGFLATION
DBC,XLU,-1.0,US,P2 (2013-2019),STAGFLATION
XLK,XLV,1.0,US,P2 (2013-2019),STAGFLATION
XLY,XLV,1.0,US,P2 (2013-2019),STAGFLATION
XLF,XLV,1.0,US,P2 (2013-2019),STAGFLATION
XLE,XLV,1.0,US,P2 (2013-2019),STAGFLATION
XLB,XLV,1.0,US,P2 (2013-2019),STAGFLATION
XLRE,XLV,1.0,US,P2 (2013-2019),STAGFLATION
XLC,XLV,,US,P2 (2013-2019),STAGFLATION
XLU,XLV,-1.0,US,P2 (2013-2019),STAGFLATION
XLV,XLV,1.0,US,P2 (2013-2019),STAGFLATION
XLI,XLV,1.0,US,P2 (2013-2019),STAGFLATION
DBC,XLV,1.0000000000000002,US,P2 (2013-2019),STAGFLATION
XLK,XLI,1.0,US,P2 (2013-2019),STAGFLATION
XLY,XLI,1.0,US,P2 (2013-2019),STAGFLATION
XLF,XLI,1.0,US,P2 (2013-2019),STAGFLATION
XLE,XLI,1.0,US,P2 (2013-2019),STAGFLATION
XLB,XLI,1.0,US,P2 (2013-2019),STAGFLATION
XLRE,XLI,1.0,US,P2 (2013-2019),STAGFLATION
XLC,XLI,,US,P2 (2013-2019),STAGFLATION
XLU,XLI,-0.9999999999999999,US,P2 (2013-2019),STAGFLATION
XLV,XLI,1.0,US,P2 (2013-2019),STAGFLATION
XLI,XLI,1.0,US,P2 (2013-2019),STAGFLATION
DBC,XLI,1.0,US,P2 (2013-2019),STAGFLATION
XLK,DBC,1.0,US,P2 (2013-2019),STAGFLATION
XLY,DBC,1.0,US,P2 (2013-2019),STAGFLATION
XLF,DBC,1.0,US,P2 (2013-2019),STAGFLATION
XLE,DBC,1.0,US,P2 (2013-2019),STAGFLATION
XLB,DBC,1.0,US,P2 (2013-2019),STAGFLATION
XLRE,DBC,1.0000000000000002,US,P2 (2013-2019),STAGFLATION
XLC,DBC,,US,P2 (2013-2019),STAGFLATION
XLU,DBC,-1.0,US,P2 (2013-2019),STAGFLATION
XLV,DBC,1.0000000000000002,US,P2 (2013-2019),STAGFLATION
XLI,DBC,1.0,US,P2 (2013-2019),STAGFLATION
DBC,DBC,1.0,US,P2 (2013-2019),STAGFLATION
XLK,XLK,1.0,US,P2 (2013-2019),DEFLATION
XLY,XLK,0.916164399182968,US,P2 (2013-2019),DEFLATION
XLF,XLK,0.8187012519241266,US,P2 (2013-2019),DEFLATION
XLE,XLK,0.7012827458368122,US,P2 (2013-2019),DEFLATION
XLB,XLK,0.7574571092389124,US,P2 (2013-2019),DEFLATION
XLRE,XLK,0.39217870865114823,US,P2 (2013-2019),DEFLATION
XLC,XLK,0.624134593966348,US,P2 (2013-2019),DEFLATION
XLU,XLK,0.3606294044365011,US,P2 (2013-2019),DEFLATION
XLV,XLK,0.7879591003329691,US,P2 (2013-2019),DEFLATION
XLI,XLK,0.8698554391821549,US,P2 (2013-2019),DEFLATION
DBC,XLK,0.3824714995741465,US,P2 (2013-2019),DEFLATION
XLK,XLY,0.916164399182968,US,P2 (2013-2019),DEFLATION
XLY,XLY,1.0,US,P2 (2013-2019),DEFLATION
XLF,XLY,0.8307861973292877,US,P2 (2013-2019),DEFLATION
XLE,XLY,0.7117510909274111,US,P2 (2013-2019),DEFLATION
XLB,XLY,0.7593237140814457,US,P2 (2013-2019),DEFLATION
XLRE,XLY,0.48151077582662516,US,P2 (2013-2019),DEFLATION
XLC,XLY,0.5986841958653586,US,P2 (2013-2019),DEFLATION
XLU,XLY,0.39540285376408757,US,P2 (2013-2019),DEFLATION
XLV,XLY,0.7985200823165238,US,P2 (2013-2019),DEFLATION
XLI,XLY,0.8727692419974502,US,P2 (2013-2019),DEFLATION
DBC,XLY,0.37667541831234846,US,P2 (2013-2019),DEFLATION
XLK,XLF,0.8187012519241266,US,P2 (2013-2019),DEFLATION
XLY,XLF,0.8307861973292877,US,P2 (2013-2019),DEFLATION
XLF,XLF,1.0,US,P2 (2013-2019),DEFLATION
XLE,XLF,0.7526652298404366,US,P2 (2013-2019),DEFLATION
XLB,XLF,0.8149121927057587,US,P2 (2013-2019),DEFLATION
XLRE,XLF,0.47729523018471703,US,P2 (2013-2019),DEFLATION
XLC,XLF,0.39346551429423343,US,P2 (2013-2019),DEFLATION
XLU,XLF,0.4423928361918697,US,P2 (2013-2019),DEFLATION
XLV,XLF,0.7658314330711767,US,P2 (2013-2019),DEFLATION
XLI,XLF,0.880243921845317,US,P2 (2013-2019),DEFLATION
DBC,XLF,0.4060877379324073,US,P2 (2013-2019),DEFLATION
XLK,XLE,0.7012827458368122,US,P2 (2013-2019),DEFLATION
XLY,XLE,0.7117510909274111,US,P2 (2013-2019),DEFLATION
XLF,XLE,0.7526652298404366,US,P2 (2013-2019),DEFLATION
XLE,XLE,1.0,US,P2 (2013-2019),DEFLATION
XLB,XLE,0.8215950851830809,US,P2 (2013-2019),DEFLATION
XLRE,XLE,0.33800909368110704,US,P2 (2013-2019),DEFLATION
XLC,XLE,0.36656757073966917,US,P2 (2013-2019),DEFLATION
XLU,XLE,0.38919999840464614,US,P2 (2013-2019),DEFLATION
XLV,XLE,0.6514814484814087,US,P2 (2013-2019),DEFLATION
XLI,XLE,0.7698221159952927,US,P2 (2013-2019),DEFLATION
DBC,XLE,0.7336945604701675,US,P2 (2013-2019),DEFLATION
XLK,XLB,0.7574571092389124,US,P2 (2013-2019),DEFLATION
XLY,XLB,0.7593237140814457,US,P2 (2013-2019),DEFLATION
XLF,XLB,0.8149121927057587,US,P2 (2013-2019),DEFLATION
XLE,XLB,0.8215950851830809,US,P2 (2013-2019),DEFLATION
XLB,XLB,1.0,US,P2 (2013-2019),DEFLATION
XLRE,XLB,0.3830611181885108,US,P2 (2013-2019),DEFLATION
XLC,XLB,0.37642509268138064,US,P2 (2013-2019),DEFLATION
XLU,XLB,0.37679646274962,US,P2 (2013-2019),DEFLATION
XLV,XLB,0.7179000049697454,US,P2 (2013-2019),DEFLATION
XLI,XLB,0.8812877905367769,US,P2 (2013-2019),DEFLATION
DBC,XLB,0.5007095293939227,US,P2 (2013-2019),DEFLATION
XLK,XLRE,0.39217870865114823,US,P2 (2013-2019),DEFLATION
XLY,XLRE,0.48151077582662516,US,P2 (2013-2019),DEFLATION
XLF,XLRE,0.47729523018471703,US,P2 (2013-2019),DEFLATION
XLE,XLRE,0.33800909368110704,US,P2 (2013-2019),DEFLATION
XLB,XLRE,0.3830611181885108,US,P2 (2013-2019),DEFLATION
XLRE,XLRE,1.0,US,P2 (2013-2019),DEFLATION
XLC,XLRE,0.2823853317862468,US,P2 (2013-2019),DEFLATION
XLU,XLRE,0.4323431434596668,US,P2 (2013-2019),DEFLATION
XLV,XLRE,0.42079731636899315,US,P2 (2013-2019),DEFLATION
XLI,XLRE,0.43712577222413823,US,P2 (2013-2019),DEFLATION
DBC,XLRE,0.178819814573618,US,P2 (2013-2019),DEFLATION
XLK,XLC,0.624134593966348,US,P2 (2013-2019),DEFLATION
XLY,XLC,0.5986841958653586,US,P2 (2013-2019),DEFLATION
XLF,XLC,0.39346551429423343,US,P2 (2013-2019),DEFLATION
XLE,XLC,0.36656757073966917,US,P2 (2013-2019),DEFLATION
XLB,XLC,0.37642509268138064,US,P2 (2013-2019),DEFLATION
XLRE,XLC,0.2823853317862468,US,P2 (2013-2019),DEFLATION
XLC,XLC,1.0,US,P2 (2013-2019),DEFLATION
XLU,XLC,0.07793218361837986,US,P2 (2013-2019),DEFLATION
XLV,XLC,0.4248497880749344,US,P2 (2013-2019),DEFLATION
XLI,XLC,0.5176509583238962,US,P2 (2013-2019),DEFLATION
DBC,XLC,0.1634404439518473,US,P2 (2013-2019),DEFLATION
XLK,XLU,0.3606294044365011,US,P2 (2013-2019),DEFLATION
XLY,XLU,0.39540285376408757,US,P2 (2013-2019),DEFLATION
XLF,XLU,0.4423928361918697,US,P2 (2013-2019),DEFLATION
XLE,XLU,0.38919999840464614,US,P2 (2013-2019),DEFLATION
XLB,XLU,0.37679646274962,US,P2 (2013-2019),DEFLATION
XLRE,XLU,0.4323431434596668,US,P2 (2013-2019),DEFLATION
XLC,XLU,0.07793218361837986,US,P2 (2013-2019),DEFLATION
XLU,XLU,1.0,US,P2 (2013-2019),DEFLATION
XLV,XLU,0.422137869463775,US,P2 (2013-2019),DEFLATION
XLI,XLU,0.45241799027125473,US,P2 (2013-2019),DEFLATION
DBC,XLU,0.26700473893484195,US,P2 (2013-2019),DEFLATION
XLK,XLV,0.7879591003329691,US,P2 (2013-2019),DEFLATION
XLY,XLV,0.7985200823165238,US,P2 (2013-2019),DEFLATION
XLF,XLV,0.7658314330711767,US,P2 (2013-2019),DEFLATION
XLE,XLV,0.6514814484814087,US,P2 (2013-2019),DEFLATION
XLB,XLV,0.7179000049697454,US,P2 (2013-2019),DEFLATION
XLRE,XLV,0.42079731636899315,US,P2 (2013-2019),DEFLATION
XLC,XLV,0.4248497880749344,US,P2 (2013-2019),DEFLATION
XLU,XLV,0.422137869463775,US,P2 (2013-2019),DEFLATION
XLV,XLV,1.0,US,P2 (2013-2019),DEFLATION
XLI,XLV,0.7760589094945859,US,P2 (2013-2019),DEFLATION
DBC,XLV,0.30193418902570807,US,P2 (2013-2019),DEFLATION
XLK,XLI,0.8698554391821549,US,P2 (2013-2019),DEFLATION
XLY,XLI,0.8727692419974502,US,P2 (2013-2019),DEFLATION
XLF,XLI,0.880243921845317,US,P2 (2013-2019),DEFLATION
XLE,XLI,0.7698221159952927,US,P2 (2013-2019),DEFLATION
XLB,XLI,0.8812877905367769,US,P2 (2013-2019),DEFLATION
XLRE,XLI,0.43712577222413823,US,P2 (2013-2019),DEFLATION
XLC,XLI,0.5176509583238962,US,P2 (2013-2019),DEFLATION
XLU,XLI,0.45241799027125473,US,P2 (2013-2019),DEFLATION
XLV,XLI,0.7760589094945859,US,P2 (2013-2019),DEFLATION
XLI,XLI,1.0,US,P2 (2013-2019),DEFLATION
DBC,XLI,0.412997687409264,US,P2 (2013-2019),DEFLATION
XLK,DBC,0.3824714995741465,US,P2 (2013-2019),DEFLATION
XLY,DBC,0.37667541831234846,US,P2 (2013-2019),DEFLATION
XLF,DBC,0.4060877379324073,US,P2 (2013-2019),DEFLATION
XLE,DBC,0.7336945604701675,US,P2 (2013-2019),DEFLATION
XLB,DBC,0.5007095293939227,US,P2 (2013-2019),DEFLATION
XLRE,DBC,0.178819814573618,US,P2 (2013-2019),DEFLATION
XLC,DBC,0.1634404439518473,US,P2 (2013-2019),DEFLATION
XLU,DBC,0.26700473893484195,US,P2 (2013-2019),DEFLATION
XLV,DBC,0.30193418902570807,US,P2 (2013-2019),DEFLATION
XLI,DBC,0.412997687409264,US,P2 (2013-2019),DEFLATION
DBC,DBC,1.0,US,P2 (2013-2019),DEFLATION
XLK,XLK,1.0,US,P3 (2020-2022),GOLDILOCKS
XLY,XLK,0.819378535168548,US,P3 (2020-2022),GOLDILOCKS
XLF,XLK,0.48128923922650263,US,P3 (2020-2022),GOLDILOCKS
XLE,XLK,0.3608981856051613,US,P3 (2020-2022),GOLDILOCKS
XLB,XLK,0.6039426218313407,US,P3 (2020-2022),GOLDILOCKS
XLRE,XLK,0.5582605560478908,US,P3 (2020-2022),GOLDILOCKS
XLC,XLK,0.8071756922431884,US,P3 (2020-2022),GOLDILOCKS
XLU,XLK,0.39326318967259655,US,P3 (2020-2022),GOLDILOCKS
XLV,XLK,0.6810964388599283,US,P3 (2020-2022),GOLDILOCKS
XLI,XLK,0.573093996095778,US,P3 (2020-2022),GOLDILOCKS
DBC,XLK,0.4466680487900504,US,P3 (2020-2022),GOLDILOCKS
XLK,XLY,0.819378535168548,US,P3 (2020-2022),GOLDILOCKS
XLY,XLY,1.0,US,P3 (2020-2022),GOLDILOCKS
XLF,XLY,0.6375002228237445,US,P3 (2020-2022),GOLDILOCKS
XLE,XLY,0.5335102199920768,US,P3 (2020-2022),GOLDILOCKS
XLB,XLY,0.6765917501815145,US,P3 (2020-2022),GOLDILOCKS
XLRE,XLY,0.6138457055038825,US,P3 (2020-2022),GOLDILOCKS
XLC,XLY,0.7869992733133961,US,P3 (2020-2022),GOLDILOCKS
XLU,XLY,0.4505426244716093,US,P3 (2020-2022),GOLDILOCKS
XLV,XLY,0.6334333219066759,US,P3 (2020-2022),GOLDILOCKS
XLI,XLY,0.7153528117222767,US,P3 (2020-2022),GOLDILOCKS
DBC,XLY,0.509564253960386,US,P3 (2020-2022),GOLDILOCKS
XLK,XLF,0.48128923922650263,US,P3 (2020-2022),GOLDILOCKS
XLY,XLF,0.6375002228237445,US,P3 (2020-2022),GOLDILOCKS
XLF,XLF,1.0,US,P3 (2020-2022),GOLDILOCKS
XLE,XLF,0.8359518564797679,US,P3 (2020-2022),GOLDILOCKS
XLB,XLF,0.7765342999107357,US,P3 (2020-2022),GOLDILOCKS
XLRE,XLF,0.629289360528763,US,P3 (2020-2022),GOLDILOCKS
XLC,XLF,0.5256135844288112,US,P3 (2020-2022),GOLDILOCKS
XLU,XLF,0.5010238728625501,US,P3 (2020-2022),GOLDILOCKS
XLV,XLF,0.5757149109095107,US,P3 (2020-2022),GOLDILOCKS
XLI,XLF,0.8646305523486405,US,P3 (2020-2022),GOLDILOCKS
DBC,XLF,0.5258621787421746,US,P3 (2020-2022),GOLDILOCKS
XLK,XLE,0.3608981856051613,US,P3 (2020-2022),GOLDILOCKS
XLY,XLE,0.5335102199920768,US,P3 (2020-2022),GOLDILOCKS
XLF,XLE,0.8359518564797679,US,P3 (2020-2022),GOLDILOCKS
XLE,XLE,1.0,US,P3 (2020-2022),GOLDILOCKS
XLB,XLE,0.6788408325016939,US,P3 (2020-2022),GOLDILOCKS
XLRE,XLE,0.5111008104685029,US,P3 (2020-2022),GOLDILOCKS
XLC,XLE,0.39486112830031833,US,P3 (2020-2022),GOLDILOCKS
XLU,XLE,0.38800699496687907,US,P3 (2020-2022),GOLDILOCKS
XLV,XLE,0.44602783855421796,US,P3 (2020-2022),GOLDILOCKS
XLI,XLE,0.7651976250675824,US,P3 (2020-2022),GOLDILOCKS
DBC,XLE,0.6162603804183397,US,P3 (2020-2022),GOLDILOCKS
XLK,XLB,0.6039426218313407,US,P3 (2020-2022),GOLDILOCKS
XLY,XLB,0.6765917501815145,US,P3 (2020-2022),GOLDILOCKS
XLF,XLB,0.7765342999107357,US,P3 (2020-2022),GOLDILOCKS
XLE,XLB,0.6788408325016939,US,P3 (2020-2022),GOLDILOCKS
XLB,XLB,1.0,US,P3 (2020-2022),GOLDILOCKS
XLRE,XLB,0.6513050081800856,US,P3 (2020-2022),GOLDILOCKS
XLC,XLB,0.5998092310291551,US,P3 (2020-2022),GOLDILOCKS
XLU,XLB,0.5415304944834902,US,P3 (2020-2022),GOLDILOCKS
XLV,XLB,0.6695539068228179,US,P3 (2020-2022),GOLDILOCKS
XLI,XLB,0.8758544997313382,US,P3 (2020-2022),GOLDILOCKS
DBC,XLB,0.5611869480227304,US,P3 (2020-2022),GOLDILOCKS
XLK,XLRE,0.5582605560478908,US,P3 (2020-2022),GOLDILOCKS
XLY,XLRE,0.6138457055038825,US,P3 (2020-2022),GOLDILOCKS
XLF,XLRE,0.629289360528763,US,P3 (2020-2022),GOLDILOCKS
XLE,XLRE,0.5111008104685029,US,P3 (2020-2022),GOLDILOCKS
XLB,XLRE,0.6513050081800856,US,P3 (2020-2022),GOLDILOCKS
XLRE,XLRE,1.0,US,P3 (2020-2022),GOLDILOCKS
XLC,XLRE,0.5852734351480957,US,P3 (2020-2022),GOLDILOCKS
XLU,XLRE,0.7244165204199376,US,P3 (2020-2022),GOLDILOCKS
XLV,XLRE,0.6359945206081837,US,P3 (2020-2022),GOLDILOCKS
XLI,XLRE,0.6969408160369609,US,P3 (2020-2022),GOLDILOCKS
DBC,XLRE,0.3846735722640128,US,P3 (2020-2022),GOLDILOCKS
XLK,XLC,0.8071756922431884,US,P3 (2020-2022),GOLDILOCKS
XLY,XLC,0.7869992733133961,US,P3 (2020-2022),GOLDILOCKS
XLF,XLC,0.5256135844288112,US,P3 (2020-2022),GOLDILOCKS
XLE,XLC,0.39486112830031833,US,P3 (2020-2022),GOLDILOCKS
XLB,XLC,0.5998092310291551,US,P3 (2020-2022),GOLDILOCKS
XLRE,XLC,0.5852734351480957,US,P3 (2020-2022),GOLDILOCKS
XLC,XLC,1.0,US,P3 (2020-2022),GOLDILOCKS
XLU,XLC,0.46017694111961527,US,P3 (2020-2022),GOLDILOCKS
XLV,XLC,0.6420467156391257,US,P3 (2020-2022),GOLDILOCKS
XLI,XLC,0.5819618094445225,US,P3 (2020-2022),GOLDILOCKS
DBC,XLC,0.45885161112087824,US,P3 (2020-2022),GOLDILOCKS
XLK,XLU,0.39326318967259655,US,P3 (2020-2022),GOLDILOCKS
XLY,XLU,0.4505426244716093,US,P3 (2020-2022),GOLDILOCKS
XLF,XLU,0.5010238728625501,US,P3 (2020-2022),GOLDILOCKS
XLE,XLU,0.38800699496687907,US,P3 (2020-2022),GOLDILOCKS
XLB,XLU,0.5415304944834902,US,P3 (2020-2022),GOLDILOCKS
XLRE,XLU,0.7244165204199376,US,P3 (2020-2022),GOLDILOCKS
XLC,XLU,0.46017694111961527,US,P3 (2020-2022),GOLDILOCKS
XLU,XLU,1.0,US,P3 (2020-2022),GOLDILOCKS
XLV,XLU,0.5617476394574221,US,P3 (2020-2022),GOLDILOCKS
XLI,XLU,0.5732861088594315,US,P3 (2020-2022),GOLDILOCKS
DBC,XLU,0.2682798250159198,US,P3 (2020-2022),GOLDILOCKS
XLK,XLV,0.6810964388599283,US,P3 (2020-2022),GOLDILOCKS
XLY,XLV,0.6334333219066759,US,P3 (2020-2022),GOLDILOCKS
XLF,XLV,0.5757149109095107,US,P3 (2020-2022),GOLDILOCKS
XLE,XLV,0.44602783855421796,US,P3 (2020-2022),GOLDILOCKS
XLB,XLV,0.6695539068228179,US,P3 (2020-2022),GOLDILOCKS
XLRE,XLV,0.6359945206081837,US,P3 (2020-2022),GOLDILOCKS
XLC,XLV,0.6420467156391257,US,P3 (2020-2022),GOLDILOCKS
XLU,XLV,0.5617476394574221,US,P3 (2020-2022),GOLDILOCKS
XLV,XLV,1.0,US,P3 (2020-2022),GOLDILOCKS
XLI,XLV,0.6538077334975292,US,P3 (2020-2022),GOLDILOCKS
DBC,XLV,0.43868360338777174,US,P3 (2020-2022),GOLDILOCKS
XLK,XLI,0.573093996095778,US,P3 (2020-2022),GOLDILOCKS
XLY,XLI,0.7153528117222767,US,P3 (2020-2022),GOLDILOCKS
XLF,XLI,0.8646305523486405,US,P3 (2020-2022),GOLDILOCKS
XLE,XLI,0.7651976250675824,US,P3 (2020-2022),GOLDILOCKS
XLB,XLI,0.8758544997313382,US,P3 (2020-2022),GOLDILOCKS
XLRE,XLI,0.6969408160369609,US,P3 (2020-2022),GOLDILOCKS
XLC,XLI,0.5819618094445225,US,P3 (2020-2022),GOLDILOCKS
XLU,XLI,0.5732861088594315,US,P3 (2020-2022),GOLDILOCKS
XLV,XLI,0.6538077334975292,US,P3 (2020-2022),GOLDILOCKS
XLI,XLI,1.0,US,P3 (2020-2022),GOLDILOCKS
DBC,XLI,0.5676691544803053,US,P3 (2020-2022),GOLDILOCKS
XLK,DBC,0.4466680487900504,US,P3 (2020-2022),GOLDILOCKS
XLY,DBC,0.509564253960386,US,P3 (2020-2022),GOLDILOCKS
XLF,DBC,0.5258621787421746,US,P3 (2020-2022),GOLDILOCKS
XLE,DBC,0.6162603804183397,US,P3 (2020-2022),GOLDILOCKS
XLB,DBC,0.5611869480227304,US,P3 (2020-2022),GOLDILOCKS
XLRE,DBC,0.3846735722640128,US,P3 (2020-2022),GOLDILOCKS
XLC,DBC,0.45885161112087824,US,P3 (2020-2022),GOLDILOCKS
XLU,DBC,0.2682798250159198,US,P3 (2020-2022),GOLDILOCKS
XLV,DBC,0.43868360338777174,US,P3 (2020-2022),GOLDILOCKS
XLI,DBC,0.5676691544803053,US,P3 (2020-2022),GOLDILOCKS
DBC,DBC,1.0,US,P3 (2020-2022),GOLDILOCKS
XLK,XLK,1.0,US,P3 (2020-2022),REFLATION
XLY,XLK,0.7987754760167022,US,P3 (2020-2022),REFLATION
XLF,XLK,0.37123714285365095,US,P3 (2020-2022),REFLATION
XLE,XLK,0.09674793423051875,US,P3 (2020-2022),REFLATION
XLB,XLK,0.47456890554759423,US,P3 (2020-2022),REFLATION
XLRE,XLK,0.5327411406584203,US,P3 (2020-2022),REFLATION
XLC,XLK,0.7816038645385541,US,P3 (2020-2022),REFLATION
XLU,XLK,0.26119723635095465,US,P3 (2020-2022),REFLATION
XLV,XLK,0.5784791950718003,US,P3 (2020-2022),REFLATION
XLI,XLK,0.5045000756777068,US,P3 (2020-2022),REFLATION
DBC,XLK,0.16397159579538995,US,P3 (2020-2022),REFLATION
XLK,XLY,0.7987754760167022,US,P3 (2020-2022),REFLATION
XLY,XLY,1.0,US,P3 (2020-2022),REFLATION
XLF,XLY,0.47494571039035977,US,P3 (2020-2022),REFLATION
XLE,XLY,0.1779054090897928,US,P3 (2020-2022),REFLATION
XLB,XLY,0.5649453420968825,US,P3 (2020-2022),REFLATION
XLRE,XLY,0.48649111479793644,US,P3 (2020-2022),REFLATION
XLC,XLY,0.6931878315023787,US,P3 (2020-2022),REFLATION
XLU,XLY,0.2581256322930441,US,P3 (2020-2022),REFLATION
XLV,XLY,0.45471691832462974,US,P3 (2020-2022),REFLATION
XLI,XLY,0.5831134000960013,US,P3 (2020-2022),REFLATION
DBC,XLY,0.14899488695000462,US,P3 (2020-2022),REFLATION
XLK,XLF,0.37123714285365095,US,P3 (2020-2022),REFLATION
XLY,XLF,0.47494571039035977,US,P3 (2020-2022),REFLATION
XLF,XLF,1.0,US,P3 (2020-2022),REFLATION
XLE,XLF,0.6288931140816457,US,P3 (2020-2022),REFLATION
XLB,XLF,0.7641502243841369,US,P3 (2020-2022),REFLATION
XLRE,XLF,0.3059812831671583,US,P3 (2020-2022),REFLATION
XLC,XLF,0.3991114839855252,US,P3 (2020-2022),REFLATION
XLU,XLF,0.2430563632603615,US,P3 (2020-2022),REFLATION
XLV,XLF,0.3897863389963078,US,P3 (2020-2022),REFLATION
XLI,XLF,0.8387362881239001,US,P3 (2020-2022),REFLATION
DBC,XLF,0.29814832493837995,US,P3 (2020-2022),REFLATION
XLK,XLE,0.09674793423051875,US,P3 (2020-2022),REFLATION
XLY,XLE,0.1779054090897928,US,P3 (2020-2022),REFLATION
XLF,XLE,0.6288931140816457,US,P3 (2020-2022),REFLATION
XLE,XLE,1.0,US,P3 (2020-2022),REFLATION
XLB,XLE,0.5418476864926578,US,P3 (2020-2022),REFLATION
XLRE,XLE,0.10357025164366203,US,P3 (2020-2022),REFLATION
XLC,XLE,0.18280465073571842,US,P3 (2020-2022),REFLATION
XLU,XLE,-0.02357655318763234,US,P3 (2020-2022),REFLATION
XLV,XLE,0.13536078646494734,US,P3 (2020-2022),REFLATION
XLI,XLE,0.5245626139553767,US,P3 (2020-2022),REFLATION
DBC,XLE,0.609477896775915,US,P3 (2020-2022),REFLATION
XLK,XLB,0.47456890554759423,US,P3 (2020-2022),REFLATION
XLY,XLB,0.5649453420968825,US,P3 (2020-2022),REFLATION
XLF,XLB,0.7641502243841369,US,P3 (2020-2022),REFLATION
XLE,XLB,0.5418476864926578,US,P3 (2020-2022),REFLATION
XLB,XLB,1.0,US,P3 (2020-2022),REFLATION
XLRE,XLB,0.39253611843351033,US,P3 (2020-2022),REFLATION
XLC,XLB,0.46807820571904757,US,P3 (2020-2022),REFLATION
XLU,XLB,0.2964562803188186,US,P3 (2020-2022),REFLATION
XLV,XLB,0.5245220264876445,US,P3 (2020-2022),REFLATION
XLI,XLB,0.8585846970801669,US,P3 (2020-2022),REFLATION
DBC,XLB,0.3433371274067931,US,P3 (2020-2022),REFLATION
XLK,XLRE,0.5327411406584203,US,P3 (2020-2022),REFLATION
XLY,XLRE,0.48649111479793644,US,P3 (2020-2022),REFLATION
XLF,XLRE,0.3059812831671583,US,P3 (2020-2022),REFLATION
XLE,XLRE,0.10357025164366203,US,P3 (2020-2022),REFLATION
XLB,XLRE,0.39253611843351033,US,P3 (2020-2022),REFLATION
XLRE,XLRE,1.0,US,P3 (2020-2022),REFLATION
XLC,XLRE,0.4624050289609596,US,P3 (2020-2022),REFLATION
XLU,XLRE,0.5724558276058468,US,P3 (2020-2022),REFLATION
XLV,XLRE,0.5104269250161069,US,P3 (2020-2022),REFLATION
XLI,XLRE,0.4508017977301173,US,P3 (2020-2022),REFLATION
DBC,XLRE,0.07663788493454941,US,P3 (2020-2022),REFLATION
XLK,XLC,0.7816038645385541,US,P3 (2020-2022),REFLATION
XLY,XLC,0.6931878315023787,US,P3 (2020-2022),REFLATION
XLF,XLC,0.3991114839855252,US,P3 (2020-2022),REFLATION
XLE,XLC,0.18280465073571842,US,P3 (2020-2022),REFLATION
XLB,XLC,0.46807820571904757,US,P3 (2020-2022),REFLATION
XLRE,XLC,0.4624050289609596,US,P3 (2020-2022),REFLATION
XLC,XLC,1.0,US,P3 (2020-2022),REFLATION
XLU,XLC,0.29860874608305177,US,P3 (2020-2022),REFLATION
XLV,XLC,0.4488521919860348,US,P3 (2020-2022),REFLATION
XLI,XLC,0.4844448324038268,US,P3 (2020-2022),REFLATION
DBC,XLC,0.18934429319234003,US,P3 (2020-2022),REFLATION
XLK,XLU,0.26119723635095465,US,P3 (2020-2022),REFLATION
XLY,XLU,0.2581256322930441,US,P3 (2020-2022),REFLATION
XLF,XLU,0.2430563632603615,US,P3 (2020-2022),REFLATION
XLE,XLU,-0.02357655318763234,US,P3 (2020-2022),REFLATION
XLB,XLU,0.2964562803188186,US,P3 (2020-2022),REFLATION
XLRE,XLU,0.5724558276058468,US,P3 (2020-2022),REFLATION
XLC,XLU,0.29860874608305177,US,P3 (2020-2022),REFLATION
XLU,XLU,1.0,US,P3 (2020-2022),REFLATION
XLV,XLU,0.5092977900434987,US,P3 (2020-2022),REFLATION
XLI,XLU,0.3228147654765985,US,P3 (2020-2022),REFLATION
DBC,XLU,-0.07778602278707918,US,P3 (2020-2022),REFLATION
XLK,XLV,0.5784791950718003,US,P3 (2020-2022),REFLATION
XLY,XLV,0.45471691832462974,US,P3 (2020-2022),REFLATION
XLF,XLV,0.3897863389963078,US,P3 (2020-2022),REFLATION
XLE,XLV,0.13536078646494734,US,P3 (2020-2022),REFLATION
XLB,XLV,0.5245220264876445,US,P3 (2020-2022),REFLATION
XLRE,XLV,0.5104269250161069,US,P3 (2020-2022),REFLATION
XLC,XLV,0.4488521919860348,US,P3 (2020-2022),REFLATION
XLU,XLV,0.5092977900434987,US,P3 (2020-2022),REFLATION
XLV,XLV,1.0,US,P3 (2020-2022),REFLATION
XLI,XLV,0.5032504218279841,US,P3 (2020-2022),REFLATION
DBC,XLV,0.05686825017561681,US,P3 (2020-2022),REFLATION
XLK,XLI,0.5045000756777068,US,P3 (2020-2022),REFLATION
XLY,XLI,0.5831134000960013,US,P3 (2020-2022),REFLATION
XLF,XLI,0.8387362881239001,US,P3 (2020-2022),REFLATION
XLE,XLI,0.5245626139553767,US,P3 (2020-2022),REFLATION
XLB,XLI,0.8585846970801669,US,P3 (2020-2022),REFLATION
XLRE,XLI,0.4508017977301173,US,P3 (2020-2022),REFLATION
XLC,XLI,0.4844448324038268,US,P3 (2020-2022),REFLATION
XLU,XLI,0.3228147654765985,US,P3 (2020-2022),REFLATION
XLV,XLI,0.5032504218279841,US,P3 (2020-2022),REFLATION
XLI,XLI,1.0,US,P3 (2020-2022),REFLATION
DBC,XLI,0.26027270182329393,US,P3 (2020-2022),REFLATION
XLK,DBC,0.16397159579538995,US,P3 (2020-2022),REFLATION
XLY,DBC,0.14899488695000462,US,P3 (2020-2022),REFLATION
XLF,DBC,0.29814832493837995,US,P3 (2020-2022),REFLATION
XLE,DBC,0.609477896775915,US,P3 (2020-2022),REFLATION
XLB,DBC,0.3433371274067931,US,P3 (2020-2022),REFLATION
XLRE,DBC,0.07663788493454941,US,P3 (2020-2022),REFLATION
XLC,DBC,0.18934429319234003,US,P3 (2020-2022),REFLATION
XLU,DBC,-0.07778602278707918,US,P3 (2020-2022),REFLATION
XLV,DBC,0.05686825017561681,US,P3 (2020-2022),REFLATION
XLI,DBC,0.26027270182329393,US,P3 (2020-2022),REFLATION
DBC,DBC,1.0,US,P3 (2020-2022),REFLATION
XLK,XLK,1.0,US,P3 (2020-2022),STAGFLATION
XLY,XLK,0.8912051165313267,US,P3 (2020-2022),STAGFLATION
XLF,XLK,0.8333981966283507,US,P3 (2020-2022),STAGFLATION
XLE,XLK,0.37539112360318755,US,P3 (2020-2022),STAGFLATION
XLB,XLK,0.8048546608576079,US,P3 (2020-2022),STAGFLATION
XLRE,XLK,0.7375406361833492,US,P3 (2020-2022),STAGFLATION
XLC,XLK,0.8885863965935452,US,P3 (2020-2022),STAGFLATION
XLU,XLK,0.5391871216770164,US,P3 (2020-2022),STAGFLATION
XLV,XLK,0.7601838101268091,US,P3 (2020-2022),STAGFLATION
XLI,XLK,0.8468365835464391,US,P3 (2020-2022),STAGFLATION
DBC,XLK,0.10199335216870872,US,P3 (2020-2022),STAGFLATION
XLK,XLY,0.8912051165313267,US,P3 (2020-2022),STAGFLATION
XLY,XLY,1.0,US,P3 (2020-2022),STAGFLATION
XLF,XLY,0.8017855697179567,US,P3 (2020-2022),STAGFLATION
XLE,XLY,0.34688425632670555,US,P3 (2020-2022),STAGFLATION
XLB,XLY,0.7757460694164748,US,P3 (2020-2022),STAGFLATION
XLRE,XLY,0.7055104892559738,US,P3 (2020-2022),STAGFLATION
XLC,XLY,0.8444191566732421,US,P3 (2020-2022),STAGFLATION
XLU,XLY,0.4880976298545408,US,P3 (2020-2022),STAGFLATION
XLV,XLY,0.6803735531666205,US,P3 (2020-2022),STAGFLATION
XLI,XLY,0.8304288213937783,US,P3 (2020-2022),STAGFLATION
DBC,XLY,0.08747327065637442,US,P3 (2020-2022),STAGFLATION
XLK,XLF,0.8333981966283507,US,P3 (2020-2022),STAGFLATION
XLY,XLF,0.8017855697179567,US,P3 (2020-2022),STAGFLATION
XLF,XLF,1.0,US,P3 (2020-2022),STAGFLATION
XLE,XLF,0.42276575688403323,US,P3 (2020-2022),STAGFLATION
XLB,XLF,0.889158185520064,US,P3 (2020-2022),STAGFLATION
XLRE,XLF,0.7603452416719525,US,P3 (2020-2022),STAGFLATION
XLC,XLF,0.7729215166186364,US,P3 (2020-2022),STAGFLATION
XLU,XLF,0.605654212400374,US,P3 (2020-2022),STAGFLATION
XLV,XLF,0.796877417928185,US,P3 (2020-2022),STAGFLATION
XLI,XLF,0.903322228250123,US,P3 (2020-2022),STAGFLATION
DBC,XLF,0.09283173401713563,US,P3 (2020-2022),STAGFLATION
XLK,XLE,0.37539112360318755,US,P3 (2020-2022),STAGFLATION
XLY,XLE,0.34688425632670555,US,P3 (2020-2022),STAGFLATION
XLF,XLE,0.42276575688403323,US,P3 (2020-2022),STAGFLATION
XLE,XLE,1.0,US,P3 (2020-2022),STAGFLATION
XLB,XLE,0.5381867646571735,US,P3 (2020-2022),STAGFLATION
XLRE,XLE,0.3561109160886275,US,P3 (2020-2022),STAGFLATION
XLC,XLE,0.32807805979671967,US,P3 (2020-2022),STAGFLATION
XLU,XLE,0.36949270269257406,US,P3 (2020-2022),STAGFLATION
XLV,XLE,0.3311149325986995,US,P3 (2020-2022),STAGFLATION
XLI,XLE,0.5089147072625906,US,P3 (2020-2022),STAGFLATION
DBC,XLE,0.6813744725704651,US,P3 (2020-2022),STAGFLATION
XLK,XLB,0.8048546608576079,US,P3 (2020-2022),STAGFLATION
XLY,XLB,0.7757460694164748,US,P3 (2020-2022),STAGFLATION
XLF,XLB,0.889158185520064,US,P3 (2020-2022),STAGFLATION
XLE,XLB,0.5381867646571735,US,P3 (2020-2022),STAGFLATION
XLB,XLB,1.0,US,P3 (2020-2022),STAGFLATION
XLRE,XLB,0.7698318969682443,US,P3 (2020-2022),STAGFLATION
XLC,XLB,0.7441216526348152,US,P3 (2020-2022),STAGFLATION
XLU,XLB,0.6387119665646667,US,P3 (2020-2022),STAGFLATION
XLV,XLB,0.7505759819047446,US,P3 (2020-2022),STAGFLATION
XLI,XLB,0.9180074513486091,US,P3 (2020-2022),STAGFLATION
DBC,XLB,0.23813269522172117,US,P3 (2020-2022),STAGFLATION
XLK,XLRE,0.7375406361833492,US,P3 (2020-2022),STAGFLATION
XLY,XLRE,0.7055104892559738,US,P3 (2020-2022),STAGFLATION
XLF,XLRE,0.7603452416719525,US,P3 (2020-2022),STAGFLATION
XLE,XLRE,0.3561109160886275,US,P3 (2020-2022),STAGFLATION
XLB,XLRE,0.7698318969682443,US,P3 (2020-2022),STAGFLATION
XLRE,XLRE,1.0,US,P3 (2020-2022),STAGFLATION
XLC,XLRE,0.658372081013958,US,P3 (2020-2022),STAGFLATION
XLU,XLRE,0.75816315071714,US,P3 (2020-2022),STAGFLATION
XLV,XLRE,0.776107781534074,US,P3 (2020-2022),STAGFLATION
XLI,XLRE,0.7877905665643905,US,P3 (2020-2022),STAGFLATION
DBC,XLRE,0.13448319022137112,US,P3 (2020-2022),STAGFLATION
XLK,XLC,0.8885863965935452,US,P3 (2020-2022),STAGFLATION
XLY,XLC,0.8444191566732421,US,P3 (2020-2022),STAGFLATION
XLF,XLC,0.7729215166186364,US,P3 (2020-2022),STAGFLATION
XLE,XLC,0.32807805979671967,US,P3 (2020-2022),STAGFLATION
XLB,XLC,0.7441216526348152,US,P3 (2020-2022),STAGFLATION
XLRE,XLC,0.658372081013958,US,P3 (2020-2022),STAGFLATION
XLC,XLC,1.0,US,P3 (2020-2022),STAGFLATION
XLU,XLC,0.4436524463355383,US,P3 (2020-2022),STAGFLATION
XLV,XLC,0.6885587126268994,US,P3 (2020-2022),STAGFLATION
XLI,XLC,0.7622271356792496,US,P3 (2020-2022),STAGFLATION
DBC,XLC,0.08552074232897902,US,P3 (2020-2022),STAGFLATION
XLK,XLU,0.5391871216770164,US,P3 (2020-2022),STAGFLATION
XLY,XLU,0.4880976298545408,US,P3 (2020-2022),STAGFLATION
XLF,XLU,0.605654212400374,US,P3 (2020-2022),STAGFLATION
XLE,XLU,0.36949270269257406,US,P3 (2020-2022),STAGFLATION
XLB,XLU,0.6387119665646667,US,P3 (2020-2022),STAGFLATION
XLRE,XLU,0.75816315071714,US,P3 (2020-2022),STAGFLATION
XLC,XLU,0.4436524463355383,US,P3 (2020-2022),STAGFLATION
XLU,XLU,1.0,US,P3 (2020-2022),STAGFLATION
XLV,XLU,0.6789899204406927,US,P3 (2020-2022),STAGFLATION
XLI,XLU,0.694816574040594,US,P3 (2020-2022),STAGFLATION
DBC,XLU,0.2001073443246056,US,P3 (2020-2022),STAGFLATION
XLK,XLV,0.7601838101268091,US,P3 (2020-2022),STAGFLATION
XLY,XLV,0.6803735531666205,US,P3 (2020-2022),STAGFLATION
XLF,XLV,0.796877417928185,US,P3 (2020-2022),STAGFLATION
XLE,XLV,0.3311149325986995,US,P3 (2020-2022),STAGFLATION
XLB,XLV,0.7505759819047446,US,P3 (2020-2022),STAGFLATION
XLRE,XLV,0.776107781534074,US,P3 (2020-2022),STAGFLATION
XLC,XLV,0.6885587126268994,US,P3 (2020-2022),STAGFLATION
XLU,XLV,0.6789899204406927,US,P3 (2020-2022),STAGFLATION
XLV,XLV,1.0,US,P3 (2020-2022),STAGFLATION
XLI,XLV,0.7952258746022016,US,P3 (2020-2022),STAGFLATION
DBC,XLV,0.06551726739530048,US,P3 (2020-2022),STAGFLATION
XLK,XLI,0.8468365835464391,US,P3 (2020-2022),STAGFLATION
XLY,XLI,0.8304288213937783,US,P3 (2020-2022),STAGFLATION
XLF,XLI,0.903322228250123,US,P3 (2020-2022),STAGFLATION
XLE,XLI,0.5089147072625906,US,P3 (2020-2022),STAGFLATION
XLB,XLI,0.9180074513486091,US,P3 (2020-2022),STAGFLATION
XLRE,XLI,0.7877905665643905,US,P3 (2020-2022),STAGFLATION
XLC,XLI,0.7622271356792496,US,P3 (2020-2022),STAGFLATION
XLU,XLI,0.694816574040594,US,P3 (2020-2022),STAGFLATION
XLV,XLI,0.7952258746022016,US,P3 (2020-2022),STAGFLATION
XLI,XLI,1.0,US,P3 (2020-2022),STAGFLATION
DBC,XLI,0.19414796969452314,US,P3 (2020-2022),STAGFLATION
XLK,DBC,0.10199335216870872,US,P3 (2020-2022),STAGFLATION
XLY,DBC,0.08747327065637442,US,P3 (2020-2022),STAGFLATION
XLF,DBC,0.09283173401713563,US,P3 (2020-2022),STAGFLATION
XLE,DBC,0.6813744725704651,US,P3 (2020-2022),STAGFLATION
XLB,DBC,0.23813269522172117,US,P3 (2020-2022),STAGFLATION
XLRE,DBC,0.13448319022137112,US,P3 (2020-2022),STAGFLATION
XLC,DBC,0.08552074232897902,US,P3 (2020-2022),STAGFLATION
XLU,DBC,0.2001073443246056,US,P3 (2020-2022),STAGFLATION
XLV,DBC,0.06551726739530048,US,P3 (2020-2022),STAGFLATION
XLI,DBC,0.19414796969452314,US,P3 (2020-2022),STAGFLATION
DBC,DBC,1.0,US,P3 (2020-2022),STAGFLATION
XLK,XLK,1.0,US,P3 (2020-2022),DEFLATION
XLY,XLK,0.94070524748166,US,P3 (2020-2022),DEFLATION
XLF,XLK,0.8894194977650506,US,P3 (2020-2022),DEFLATION
XLE,XLK,0.7727660766105202,US,P3 (2020-2022),DEFLATION
XLB,XLK,0.8933485890439824,US,P3 (2020-2022),DEFLATION
XLRE,XLK,0.867291056689618,US,P3 (2020-2022),DEFLATION
XLC,XLK,0.9738899827349429,US,P3 (2020-2022),DEFLATION
XLU,XLK,0.8248999336712052,US,P3 (2020-2022),DEFLATION
XLV,XLK,0.9295192841077604,US,P3 (2020-2022),DEFLATION
XLI,XLK,0.8857011790683474,US,P3 (2020-2022),DEFLATION
DBC,XLK,0.6193873513617137,US,P3 (2020-2022),DEFLATION
XLK,XLY,0.94070524748166,US,P3 (2020-2022),DEFLATION
XLY,XLY,1.0,US,P3 (2020-2022),DEFLATION
XLF,XLY,0.9211078676369533,US,P3 (2020-2022),DEFLATION
XLE,XLY,0.8232410062555507,US,P3 (2020-2022),DEFLATION
XLB,XLY,0.9355427923760428,US,P3 (2020-2022),DEFLATION
XLRE,XLY,0.892121252847205,US,P3 (2020-2022),DEFLATION
XLC,XLY,0.9411557304760405,US,P3 (2020-2022),DEFLATION
XLU,XLY,0.8049195216433827,US,P3 (2020-2022),DEFLATION
XLV,XLY,0.8741131269331743,US,P3 (2020-2022),DEFLATION
XLI,XLY,0.9332820734663052,US,P3 (2020-2022),DEFLATION
DBC,XLY,0.6709732729482967,US,P3 (2020-2022),DEFLATION
XLK,XLF,0.8894194977650506,US,P3 (2020-2022),DEFLATION
XLY,XLF,0.9211078676369533,US,P3 (2020-2022),DEFLATION
XLF,XLF,1.0,US,P3 (2020-2022),DEFLATION
XLE,XLF,0.8771475770160935,US,P3 (2020-2022),DEFLATION
XLB,XLF,0.9645830985973678,US,P3 (2020-2022),DEFLATION
XLRE,XLF,0.927715054030485,US,P3 (2020-2022),DEFLATION
XLC,XLF,0.8788669173515732,US,P3 (2020-2022),DEFLATION
XLU,XLF,0.8329837706611499,US,P3 (2020-2022),DEFLATION
XLV,XLF,0.8683367191823468,US,P3 (2020-2022),DEFLATION
XLI,XLF,0.9657496531634119,US,P3 (2020-2022),DEFLATION
DBC,XLF,0.6352740099958472,US,P3 (2020-2022),DEFLATION
XLK,XLE,0.7727660766105202,US,P3 (2020-2022),DEFLATION
XLY,XLE,0.8232410062555507,US,P3 (2020-2022),DEFLATION
XLF,XLE,0.8771475770160935,US,P3 (2020-2022),DEFLATION
XLE,XLE,1.0,US,P3 (2020-2022),DEFLATION
XLB,XLE,0.8815105396833277,US,P3 (2020-2022),DEFLATION
XLRE,XLE,0.7679474371402925,US,P3 (2020-2022),DEFLATION
XLC,XLE,0.7755927765583903,US,P3 (2020-2022),DEFLATION
XLU,XLE,0.6501706553754298,US,P3 (2020-2022),DEFLATION
XLV,XLE,0.7321573662079963,US,P3 (2020-2022),DEFLATION
XLI,XLE,0.8736222924340732,US,P3 (2020-2022),DEFLATION
DBC,XLE,0.7299108138194172,US,P3 (2020-2022),DEFLATION
XLK,XLB,0.8933485890439824,US,P3 (2020-2022),DEFLATION
XLY,XLB,0.9355427923760428,US,P3 (2020-2022),DEFLATION
XLF,XLB,0.9645830985973678,US,P3 (2020-2022),DEFLATION
XLE,XLB,0.8815105396833277,US,P3 (2020-2022),DEFLATION
XLB,XLB,1.0,US,P3 (2020-2022),DEFLATION
XLRE,XLB,0.9260391394049663,US,P3 (2020-2022),DEFLATION
XLC,XLB,0.881390234250493,US,P3 (2020-2022),DEFLATION
XLU,XLB,0.8689142844490116,US,P3 (2020-2022),DEFLATION
XLV,XLB,0.8805473201054989,US,P3 (2020-2022),DEFLATION
XLI,XLB,0.9589231564959526,US,P3 (2020-2022),DEFLATION
DBC,XLB,0.6445895216432879,US,P3 (2020-2022),DEFLATION
XLK,XLRE,0.867291056689618,US,P3 (2020-2022),DEFLATION
XLY,XLRE,0.892121252847205,US,P3 (2020-2022),DEFLATION
XLF,XLRE,0.927715054030485,US,P3 (2020-2022),DEFLATION
XLE,XLRE,0.7679474371402925,US,P3 (2020-2022),DEFLATION
XLB,XLRE,0.9260391394049663,US,P3 (2020-2022),DEFLATION
XLRE,XLRE,1.0,US,P3 (2020-2022),DEFLATION
XLC,XLRE,0.8361258736724235,US,P3 (2020-2022),DEFLATION
XLU,XLRE,0.9153902111228066,US,P3 (2020-2022),DEFLATION
XLV,XLRE,0.9012081319234909,US,P3 (2020-2022),DEFLATION
XLI,XLRE,0.9268175917249518,US,P3 (2020-2022),DEFLATION
DBC,XLRE,0.5819511091589069,US,P3 (2020-2022),DEFLATION
XLK,XLC,0.9738899827349429,US,P3 (2020-2022),DEFLATION
XLY,XLC,0.9411557304760405,US,P3 (2020-2022),DEFLATION
XLF,XLC,0.8788669173515732,US,P3 (2020-2022),DEFLATION
XLE,XLC,0.7755927765583903,US,P3 (2020-2022),DEFLATION
XLB,XLC,0.881390234250493,US,P3 (2020-2022),DEFLATION
XLRE,XLC,0.8361258736724235,US,P3 (2020-2022),DEFLATION
XLC,XLC,1.0,US,P3 (2020-2022),DEFLATION
XLU,XLC,0.7725729057547386,US,P3 (2020-2022),DEFLATION
XLV,XLC,0.8903363928060049,US,P3 (2020-2022),DEFLATION
XLI,XLC,0.8680135437492104,US,P3 (2020-2022),DEFLATION
DBC,XLC,0.6391047118675339,US,P3 (2020-2022),DEFLATION
XLK,XLU,0.8248999336712052,US,P3 (2020-2022),DEFLATION
XLY,XLU,0.8049195216433827,US,P3 (2020-2022),DEFLATION
XLF,XLU,0.8329837706611499,US,P3 (2020-2022),DEFLATION
XLE,XLU,0.6501706553754298,US,P3 (2020-2022),DEFLATION
XLB,XLU,0.8689142844490116,US,P3 (2020-2022),DEFLATION
XLRE,XLU,0.9153902111228066,US,P3 (2020-2022),DEFLATION
XLC,XLU,0.7725729057547386,US,P3 (2020-2022),DEFLATION
XLU,XLU,1.0,US,P3 (2020-2022),DEFLATION
XLV,XLU,0.9004045915328717,US,P3 (2020-2022),DEFLATION
XLI,XLU,0.8534475721525049,US,P3 (2020-2022),DEFLATION
DBC,XLU,0.4432815349595304,US,P3 (2020-2022),DEFLATION
XLK,XLV,0.9295192841077604,US,P3 (2020-2022),DEFLATION
XLY,XLV,0.8741131269331743,US,P3 (2020-2022),DEFLATION
XLF,XLV,0.8683367191823468,US,P3 (2020-2022),DEFLATION
XLE,XLV,0.7321573662079963,US,P3 (2020-2022),DEFLATION
XLB,XLV,0.8805473201054989,US,P3 (2020-2022),DEFLATION
XLRE,XLV,0.9012081319234909,US,P3 (2020-2022),DEFLATION
XLC,XLV,0.8903363928060049,US,P3 (2020-2022),DEFLATION
XLU,XLV,0.9004045915328717,US,P3 (2020-2022),DEFLATION
XLV,XLV,1.0,US,P3 (2020-2022),DEFLATION
XLI,XLV,0.8806283550404291,US,P3 (2020-2022),DEFLATION
DBC,XLV,0.5209426160205911,US,P3 (2020-2022),DEFLATION
XLK,XLI,0.8857011790683474,US,P3 (2020-2022),DEFLATION
XLY,XLI,0.9332820734663052,US,P3 (2020-2022),DEFLATION
XLF,XLI,0.9657496531634119,US,P3 (2020-2022),DEFLATION
XLE,XLI,0.8736222924340732,US,P3 (2020-2022),DEFLATION
XLB,XLI,0.9589231564959526,US,P3 (2020-2022),DEFLATION
XLRE,XLI,0.9268175917249518,US,P3 (2020-2022),DEFLATION
XLC,XLI,0.8680135437492104,US,P3 (2020-2022),DEFLATION
XLU,XLI,0.8534475721525049,US,P3 (2020-2022),DEFLATION
XLV,XLI,0.8806283550404291,US,P3 (2020-2022),DEFLATION
XLI,XLI,1.0,US,P3 (2020-2022),DEFLATION
DBC,XLI,0.6279092996105048,US,P3 (2020-2022),DEFLATION
XLK,DBC,0.6193873513617137,US,P3 (2020-2022),DEFLATION
XLY,DBC,0.6709732729482967,US,P3 (2020-2022),DEFLATION
XLF,DBC,0.6352740099958472,US,P3 (2020-2022),DEFLATION
XLE,DBC,0.7299108138194172,US,P3 (2020-2022),DEFLATION
XLB,DBC,0.6445895216432879,US,P3 (2020-2022),DEFLATION
XLRE,DBC,0.5819511091589069,US,P3 (2020-2022),DEFLATION
XLC,DBC,0.6391047118675339,US,P3 (2020-2022),DEFLATION
XLU,DBC,0.4432815349595304,US,P3 (2020-2022),DEFLATION
XLV,DBC,0.5209426160205911,US,P3 (2020-2022),DEFLATION
XLI,DBC,0.6279092996105048,US,P3 (2020-2022),DEFLATION
DBC,DBC,1.0,US,P3 (2020-2022),DEFLATION
XLK,XLK,1.0,US,P4 (2023-2026),GOLDILOCKS
XLY,XLK,0.653643864558863,US,P4 (2023-2026),GOLDILOCKS
XLF,XLK,0.38713286185539575,US,P4 (2023-2026),GOLDILOCKS
XLE,XLK,0.1321512622059254,US,P4 (2023-2026),GOLDILOCKS
XLB,XLK,0.4201148875471698,US,P4 (2023-2026),GOLDILOCKS
XLRE,XLK,0.19155455527098658,US,P4 (2023-2026),GOLDILOCKS
XLC,XLK,0.6135168996445062,US,P4 (2023-2026),GOLDILOCKS
XLU,XLK,0.07774158593667767,US,P4 (2023-2026),GOLDILOCKS
XLV,XLK,0.1852731724355863,US,P4 (2023-2026),GOLDILOCKS
XLI,XLK,0.5702056938579796,US,P4 (2023-2026),GOLDILOCKS
DBC,XLK,0.1397967184135429,US,P4 (2023-2026),GOLDILOCKS
XLK,XLY,0.653643864558863,US,P4 (2023-2026),GOLDILOCKS
XLY,XLY,1.0,US,P4 (2023-2026),GOLDILOCKS
XLF,XLY,0.5875186008607839,US,P4 (2023-2026),GOLDILOCKS
XLE,XLY,0.21952423670305757,US,P4 (2023-2026),GOLDILOCKS
XLB,XLY,0.5719928226036388,US,P4 (2023-2026),GOLDILOCKS
XLRE,XLY,0.40606018209280226,US,P4 (2023-2026),GOLDILOCKS
XLC,XLY,0.6936487326341784,US,P4 (2023-2026),GOLDILOCKS
XLU,XLY,0.1907644471402184,US,P4 (2023-2026),GOLDILOCKS
XLV,XLY,0.324463664372302,US,P4 (2023-2026),GOLDILOCKS
XLI,XLY,0.6513223448263962,US,P4 (2023-2026),GOLDILOCKS
DBC,XLY,0.0933548663660923,US,P4 (2023-2026),GOLDILOCKS
XLK,XLF,0.38713286185539575,US,P4 (2023-2026),GOLDILOCKS
XLY,XLF,0.5875186008607839,US,P4 (2023-2026),GOLDILOCKS
XLF,XLF,1.0,US,P4 (2023-2026),GOLDILOCKS
XLE,XLF,0.44686719444797024,US,P4 (2023-2026),GOLDILOCKS
XLB,XLF,0.6501582757374288,US,P4 (2023-2026),GOLDILOCKS
XLRE,XLF,0.4930442581817981,US,P4 (2023-2026),GOLDILOCKS
XLC,XLF,0.5156704668225924,US,P4 (2023-2026),GOLDILOCKS
XLU,XLF,0.3423120202292299,US,P4 (2023-2026),GOLDILOCKS
XLV,XLF,0.44406950812068297,US,P4 (2023-2026),GOLDILOCKS
XLI,XLF,0.7511932380908337,US,P4 (2023-2026),GOLDILOCKS
DBC,XLF,0.08785939244773111,US,P4 (2023-2026),GOLDILOCKS
XLK,XLE,0.1321512622059254,US,P4 (2023-2026),GOLDILOCKS
XLY,XLE,0.21952423670305757,US,P4 (2023-2026),GOLDILOCKS
XLF,XLE,0.44686719444797024,US,P4 (2023-2026),GOLDILOCKS
XLE,XLE,1.0,US,P4 (2023-2026),GOLDILOCKS
XLB,XLE,0.45353963956434706,US,P4 (2023-2026),GOLDILOCKS
XLRE,XLE,0.23926273428883413,US,P4 (2023-2026),GOLDILOCKS
XLC,XLE,0.16960420454964026,US,P4 (2023-2026),GOLDILOCKS
XLU,XLE,0.21376382136275074,US,P4 (2023-2026),GOLDILOCKS
XLV,XLE,0.17460569574029078,US,P4 (2023-2026),GOLDILOCKS
XLI,XLE,0.4201258371207475,US,P4 (2023-2026),GOLDILOCKS
DBC,XLE,0.5952774768955934,US,P4 (2023-2026),GOLDILOCKS
XLK,XLB,0.4201148875471698,US,P4 (2023-2026),GOLDILOCKS
XLY,XLB,0.5719928226036388,US,P4 (2023-2026),GOLDILOCKS
XLF,XLB,0.6501582757374288,US,P4 (2023-2026),GOLDILOCKS
XLE,XLB,0.45353963956434706,US,P4 (2023-2026),GOLDILOCKS
XLB,XLB,1.0,US,P4 (2023-2026),GOLDILOCKS
XLRE,XLB,0.5812266747716744,US,P4 (2023-2026),GOLDILOCKS
XLC,XLB,0.44694924870561525,US,P4 (2023-2026),GOLDILOCKS
XLU,XLB,0.38410818943378316,US,P4 (2023-2026),GOLDILOCKS
XLV,XLB,0.5005884112953675,US,P4 (2023-2026),GOLDILOCKS
XLI,XLB,0.7567245006692725,US,P4 (2023-2026),GOLDILOCKS
DBC,XLB,0.22188719804100265,US,P4 (2023-2026),GOLDILOCKS
XLK,XLRE,0.19155455527098658,US,P4 (2023-2026),GOLDILOCKS
XLY,XLRE,0.40606018209280226,US,P4 (2023-2026),GOLDILOCKS
XLF,XLRE,0.4930442581817981,US,P4 (2023-2026),GOLDILOCKS
XLE,XLRE,0.23926273428883413,US,P4 (2023-2026),GOLDILOCKS
XLB,XLRE,0.5812266747716744,US,P4 (2023-2026),GOLDILOCKS
XLRE,XLRE,1.0,US,P4 (2023-2026),GOLDILOCKS
XLC,XLRE,0.3413527218410315,US,P4 (2023-2026),GOLDILOCKS
XLU,XLRE,0.5892544154202272,US,P4 (2023-2026),GOLDILOCKS
XLV,XLRE,0.49356832220175073,US,P4 (2023-2026),GOLDILOCKS
XLI,XLRE,0.5296645410401296,US,P4 (2023-2026),GOLDILOCKS
DBC,XLRE,0.03594993086518027,US,P4 (2023-2026),GOLDILOCKS
XLK,XLC,0.6135168996445062,US,P4 (2023-2026),GOLDILOCKS
XLY,XLC,0.6936487326341784,US,P4 (2023-2026),GOLDILOCKS
XLF,XLC,0.5156704668225924,US,P4 (2023-2026),GOLDILOCKS
XLE,XLC,0.16960420454964026,US,P4 (2023-2026),GOLDILOCKS
XLB,XLC,0.44694924870561525,US,P4 (2023-2026),GOLDILOCKS
XLRE,XLC,0.3413527218410315,US,P4 (2023-2026),GOLDILOCKS
XLC,XLC,1.0,US,P4 (2023-2026),GOLDILOCKS
XLU,XLC,0.19209713955182467,US,P4 (2023-2026),GOLDILOCKS
XLV,XLC,0.2749187890512601,US,P4 (2023-2026),GOLDILOCKS
XLI,XLC,0.5174500079028528,US,P4 (2023-2026),GOLDILOCKS
DBC,XLC,0.0848807890712361,US,P4 (2023-2026),GOLDILOCKS
XLK,XLU,0.07774158593667767,US,P4 (2023-2026),GOLDILOCKS
XLY,XLU,0.1907644471402184,US,P4 (2023-2026),GOLDILOCKS
XLF,XLU,0.3423120202292299,US,P4 (2023-2026),GOLDILOCKS
XLE,XLU,0.21376382136275074,US,P4 (2023-2026),GOLDILOCKS
XLB,XLU,0.38410818943378316,US,P4 (2023-2026),GOLDILOCKS
XLRE,XLU,0.5892544154202272,US,P4 (2023-2026),GOLDILOCKS
XLC,XLU,0.19209713955182467,US,P4 (2023-2026),GOLDILOCKS
XLU,XLU,1.0,US,P4 (2023-2026),GOLDILOCKS
XLV,XLU,0.36273743351738114,US,P4 (2023-2026),GOLDILOCKS
XLI,XLU,0.3715208991198855,US,P4 (2023-2026),GOLDILOCKS
DBC,XLU,0.07300547069646031,US,P4 (2023-2026),GOLDILOCKS
XLK,XLV,0.1852731724355863,US,P4 (2023-2026),GOLDILOCKS
XLY,XLV,0.324463664372302,US,P4 (2023-2026),GOLDILOCKS
XLF,XLV,0.44406950812068297,US,P4 (2023-2026),GOLDILOCKS
XLE,XLV,0.17460569574029078,US,P4 (2023-2026),GOLDILOCKS
XLB,XLV,0.5005884112953675,US,P4 (2023-2026),GOLDILOCKS
XLRE,XLV,0.49356832220175073,US,P4 (2023-2026),GOLDILOCKS
XLC,XLV,0.2749187890512601,US,P4 (2023-2026),GOLDILOCKS
XLU,XLV,0.36273743351738114,US,P4 (2023-2026),GOLDILOCKS
XLV,XLV,1.0,US,P4 (2023-2026),GOLDILOCKS
XLI,XLV,0.45413121648100807,US,P4 (2023-2026),GOLDILOCKS
DBC,XLV,-0.030353810822768126,US,P4 (2023-2026),GOLDILOCKS
XLK,XLI,0.5702056938579796,US,P4 (2023-2026),GOLDILOCKS
XLY,XLI,0.6513223448263962,US,P4 (2023-2026),GOLDILOCKS
XLF,XLI,0.7511932380908337,US,P4 (2023-2026),GOLDILOCKS
XLE,XLI,0.4201258371207475,US,P4 (2023-2026),GOLDILOCKS
XLB,XLI,0.7567245006692725,US,P4 (2023-2026),GOLDILOCKS
XLRE,XLI,0.5296645410401296,US,P4 (2023-2026),GOLDILOCKS
XLC,XLI,0.5174500079028528,US,P4 (2023-2026),GOLDILOCKS
XLU,XLI,0.3715208991198855,US,P4 (2023-2026),GOLDILOCKS
XLV,XLI,0.45413121648100807,US,P4 (2023-2026),GOLDILOCKS
XLI,XLI,1.0,US,P4 (2023-2026),GOLDILOCKS
DBC,XLI,0.1347513407489867,US,P4 (2023-2026),GOLDILOCKS
XLK,DBC,0.1397967184135429,US,P4 (2023-2026),GOLDILOCKS
XLY,DBC,0.0933548663660923,US,P4 (2023-2026),GOLDILOCKS
XLF,DBC,0.08785939244773111,US,P4 (2023-2026),GOLDILOCKS
XLE,DBC,0.5952774768955934,US,P4 (2023-2026),GOLDILOCKS
XLB,DBC,0.22188719804100265,US,P4 (2023-2026),GOLDILOCKS
XLRE,DBC,0.03594993086518027,US,P4 (2023-2026),GOLDILOCKS
XLC,DBC,0.0848807890712361,US,P4 (2023-2026),GOLDILOCKS
XLU,DBC,0.07300547069646031,US,P4 (2023-2026),GOLDILOCKS
XLV,DBC,-0.030353810822768126,US,P4 (2023-2026),GOLDILOCKS
XLI,DBC,0.1347513407489867,US,P4 (2023-2026),GOLDILOCKS
DBC,DBC,1.0,US,P4 (2023-2026),GOLDILOCKS
XLK,XLK,1.0,US,P4 (2023-2026),REFLATION
XLY,XLK,0.744278236156679,US,P4 (2023-2026),REFLATION
XLF,XLK,0.5516793720117384,US,P4 (2023-2026),REFLATION
XLE,XLK,0.09257939849837468,US,P4 (2023-2026),REFLATION
XLB,XLK,0.4541319408437478,US,P4 (2023-2026),REFLATION
XLRE,XLK,0.455909455093184,US,P4 (2023-2026),REFLATION
XLC,XLK,0.6254740429831014,US,P4 (2023-2026),REFLATION
XLU,XLK,0.18071511759515127,US,P4 (2023-2026),REFLATION
XLV,XLK,0.36710259226377584,US,P4 (2023-2026),REFLATION
XLI,XLK,0.6250910431685196,US,P4 (2023-2026),REFLATION
DBC,XLK,0.006964018047996694,US,P4 (2023-2026),REFLATION
XLK,XLY,0.744278236156679,US,P4 (2023-2026),REFLATION
XLY,XLY,1.0,US,P4 (2023-2026),REFLATION
XLF,XLY,0.6796038861538711,US,P4 (2023-2026),REFLATION
XLE,XLY,0.06791597046968875,US,P4 (2023-2026),REFLATION
XLB,XLY,0.6107987891737863,US,P4 (2023-2026),REFLATION
XLRE,XLY,0.6493956365877899,US,P4 (2023-2026),REFLATION
XLC,XLY,0.685342941603676,US,P4 (2023-2026),REFLATION
XLU,XLY,0.28531621553719566,US,P4 (2023-2026),REFLATION
XLV,XLY,0.463644101641735,US,P4 (2023-2026),REFLATION
XLI,XLY,0.6680319795135885,US,P4 (2023-2026),REFLATION
DBC,XLY,-0.10281909899618522,US,P4 (2023-2026),REFLATION
XLK,XLF,0.5516793720117384,US,P4 (2023-2026),REFLATION
XLY,XLF,0.6796038861538711,US,P4 (2023-2026),REFLATION
XLF,XLF,1.0,US,P4 (2023-2026),REFLATION
XLE,XLF,0.17915680975447895,US,P4 (2023-2026),REFLATION
XLB,XLF,0.5153708333976253,US,P4 (2023-2026),REFLATION
XLRE,XLF,0.6001334780228642,US,P4 (2023-2026),REFLATION
XLC,XLF,0.5599421194180705,US,P4 (2023-2026),REFLATION
XLU,XLF,0.28957155247150074,US,P4 (2023-2026),REFLATION
XLV,XLF,0.503744010702809,US,P4 (2023-2026),REFLATION
XLI,XLF,0.6712359331255806,US,P4 (2023-2026),REFLATION
DBC,XLF,-0.042099244671731526,US,P4 (2023-2026),REFLATION
XLK,XLE,0.09257939849837468,US,P4 (2023-2026),REFLATION
XLY,XLE,0.06791597046968875,US,P4 (2023-2026),REFLATION
XLF,XLE,0.17915680975447895,US,P4 (2023-2026),REFLATION
XLE,XLE,1.0,US,P4 (2023-2026),REFLATION
XLB,XLE,0.37048140116603867,US,P4 (2023-2026),REFLATION
XLRE,XLE,0.20647688697687855,US,P4 (2023-2026),REFLATION
XLC,XLE,0.06690261596125927,US,P4 (2023-2026),REFLATION
XLU,XLE,0.25313274335783825,US,P4 (2023-2026),REFLATION
XLV,XLE,0.2860739499354277,US,P4 (2023-2026),REFLATION
XLI,XLE,0.3568127080534978,US,P4 (2023-2026),REFLATION
DBC,XLE,0.6206079801988127,US,P4 (2023-2026),REFLATION
XLK,XLB,0.4541319408437478,US,P4 (2023-2026),REFLATION
XLY,XLB,0.6107987891737863,US,P4 (2023-2026),REFLATION
XLF,XLB,0.5153708333976253,US,P4 (2023-2026),REFLATION
XLE,XLB,0.37048140116603867,US,P4 (2023-2026),REFLATION
XLB,XLB,1.0,US,P4 (2023-2026),REFLATION
XLRE,XLB,0.6218418401888836,US,P4 (2023-2026),REFLATION
XLC,XLB,0.44437494288536916,US,P4 (2023-2026),REFLATION
XLU,XLB,0.4517602986698247,US,P4 (2023-2026),REFLATION
XLV,XLB,0.5919822930835936,US,P4 (2023-2026),REFLATION
XLI,XLB,0.7301131858314265,US,P4 (2023-2026),REFLATION
DBC,XLB,0.141212208890797,US,P4 (2023-2026),REFLATION
XLK,XLRE,0.455909455093184,US,P4 (2023-2026),REFLATION
XLY,XLRE,0.6493956365877899,US,P4 (2023-2026),REFLATION
XLF,XLRE,0.6001334780228642,US,P4 (2023-2026),REFLATION
XLE,XLRE,0.20647688697687855,US,P4 (2023-2026),REFLATION
XLB,XLRE,0.6218418401888836,US,P4 (2023-2026),REFLATION
XLRE,XLRE,1.0,US,P4 (2023-2026),REFLATION
XLC,XLRE,0.5069409489371319,US,P4 (2023-2026),REFLATION
XLU,XLRE,0.6213676018359011,US,P4 (2023-2026),REFLATION
XLV,XLRE,0.5594792997491906,US,P4 (2023-2026),REFLATION
XLI,XLRE,0.6796107392696339,US,P4 (2023-2026),REFLATION
DBC,XLRE,-0.02355256216918301,US,P4 (2023-2026),REFLATION
XLK,XLC,0.6254740429831014,US,P4 (2023-2026),REFLATION
XLY,XLC,0.685342941603676,US,P4 (2023-2026),REFLATION
XLF,XLC,0.5599421194180705,US,P4 (2023-2026),REFLATION
XLE,XLC,0.06690261596125927,US,P4 (2023-2026),REFLATION
XLB,XLC,0.44437494288536916,US,P4 (2023-2026),REFLATION
XLRE,XLC,0.5069409489371319,US,P4 (2023-2026),REFLATION
XLC,XLC,1.0,US,P4 (2023-2026),REFLATION
XLU,XLC,0.1959226667398714,US,P4 (2023-2026),REFLATION
XLV,XLC,0.42590415898832273,US,P4 (2023-2026),REFLATION
XLI,XLC,0.5451006810204738,US,P4 (2023-2026),REFLATION
DBC,XLC,-0.008209246351280224,US,P4 (2023-2026),REFLATION
XLK,XLU,0.18071511759515127,US,P4 (2023-2026),REFLATION
XLY,XLU,0.28531621553719566,US,P4 (2023-2026),REFLATION
XLF,XLU,0.28957155247150074,US,P4 (2023-2026),REFLATION
XLE,XLU,0.25313274335783825,US,P4 (2023-2026),REFLATION
XLB,XLU,0.4517602986698247,US,P4 (2023-2026),REFLATION
XLRE,XLU,0.6213676018359011,US,P4 (2023-2026),REFLATION
XLC,XLU,0.1959226667398714,US,P4 (2023-2026),REFLATION
XLU,XLU,1.0,US,P4 (2023-2026),REFLATION
XLV,XLU,0.3692891686095189,US,P4 (2023-2026),REFLATION
XLI,XLU,0.4453694425308793,US,P4 (2023-2026),REFLATION
DBC,XLU,0.0425297718502391,US,P4 (2023-2026),REFLATION
XLK,XLV,0.36710259226377584,US,P4 (2023-2026),REFLATION
XLY,XLV,0.463644101641735,US,P4 (2023-2026),REFLATION
XLF,XLV,0.503744010702809,US,P4 (2023-2026),REFLATION
XLE,XLV,0.2860739499354277,US,P4 (2023-2026),REFLATION
XLB,XLV,0.5919822930835936,US,P4 (2023-2026),REFLATION
XLRE,XLV,0.5594792997491906,US,P4 (2023-2026),REFLATION
XLC,XLV,0.42590415898832273,US,P4 (2023-2026),REFLATION
XLU,XLV,0.3692891686095189,US,P4 (2023-2026),REFLATION
XLV,XLV,1.0,US,P4 (2023-2026),REFLATION
XLI,XLV,0.6060724143750521,US,P4 (2023-2026),REFLATION
DBC,XLV,-0.09664200955879332,US,P4 (2023-2026),REFLATION
XLK,XLI,0.6250910431685196,US,P4 (2023-2026),REFLATION
XLY,XLI,0.6680319795135885,US,P4 (2023-2026),REFLATION
XLF,XLI,0.6712359331255806,US,P4 (2023-2026),REFLATION
XLE,XLI,0.3568127080534978,US,P4 (2023-2026),REFLATION
XLB,XLI,0.7301131858314265,US,P4 (2023-2026),REFLATION
XLRE,XLI,0.6796107392696339,US,P4 (2023-2026),REFLATION
XLC,XLI,0.5451006810204738,US,P4 (2023-2026),REFLATION
XLU,XLI,0.4453694425308793,US,P4 (2023-2026),REFLATION
XLV,XLI,0.6060724143750521,US,P4 (2023-2026),REFLATION
XLI,XLI,1.0,US,P4 (2023-2026),REFLATION
DBC,XLI,0.02303431237928829,US,P4 (2023-2026),REFLATION
XLK,DBC,0.006964018047996694,US,P4 (2023-2026),REFLATION
XLY,DBC,-0.10281909899618522,US,P4 (2023-2026),REFLATION
XLF,DBC,-0.042099244671731526,US,P4 (2023-2026),REFLATION
XLE,DBC,0.6206079801988127,US,P4 (2023-2026),REFLATION
XLB,DBC,0.141212208890797,US,P4 (2023-2026),REFLATION
XLRE,DBC,-0.02355256216918301,US,P4 (2023-2026),REFLATION
XLC,DBC,-0.008209246351280224,US,P4 (2023-2026),REFLATION
XLU,DBC,0.0425297718502391,US,P4 (2023-2026),REFLATION
XLV,DBC,-0.09664200955879332,US,P4 (2023-2026),REFLATION
XLI,DBC,0.02303431237928829,US,P4 (2023-2026),REFLATION
DBC,DBC,1.0,US,P4 (2023-2026),REFLATION
XLK,XLK,1.0,US,P4 (2023-2026),STAGFLATION
XLY,XLK,0.9535135749459187,US,P4 (2023-2026),STAGFLATION
XLF,XLK,0.8863272700062509,US,P4 (2023-2026),STAGFLATION
XLE,XLK,0.7560961530030874,US,P4 (2023-2026),STAGFLATION
XLB,XLK,0.8847890028195355,US,P4 (2023-2026),STAGFLATION
XLRE,XLK,0.7278438065486105,US,P4 (2023-2026),STAGFLATION
XLC,XLK,0.9110230804912195,US,P4 (2023-2026),STAGFLATION
XLU,XLK,0.6146718365141337,US,P4 (2023-2026),STAGFLATION
XLV,XLK,0.75637375860054,US,P4 (2023-2026),STAGFLATION
XLI,XLK,0.9333795939728349,US,P4 (2023-2026),STAGFLATION
DBC,XLK,0.6482112735165677,US,P4 (2023-2026),STAGFLATION
XLK,XLY,0.9535135749459187,US,P4 (2023-2026),STAGFLATION
XLY,XLY,1.0,US,P4 (2023-2026),STAGFLATION
XLF,XLY,0.8704961696480723,US,P4 (2023-2026),STAGFLATION
XLE,XLY,0.7245858156455776,US,P4 (2023-2026),STAGFLATION
XLB,XLY,0.8791303062663678,US,P4 (2023-2026),STAGFLATION
XLRE,XLY,0.7554639372396001,US,P4 (2023-2026),STAGFLATION
XLC,XLY,0.9165510868450526,US,P4 (2023-2026),STAGFLATION
XLU,XLY,0.578450481139693,US,P4 (2023-2026),STAGFLATION
XLV,XLY,0.7262249612836542,US,P4 (2023-2026),STAGFLATION
XLI,XLY,0.9200770816337739,US,P4 (2023-2026),STAGFLATION
DBC,XLY,0.6343904973550016,US,P4 (2023-2026),STAGFLATION
XLK,XLF,0.8863272700062509,US,P4 (2023-2026),STAGFLATION
XLY,XLF,0.8704961696480723,US,P4 (2023-2026),STAGFLATION
XLF,XLF,1.0,US,P4 (2023-2026),STAGFLATION
XLE,XLF,0.8431605097886057,US,P4 (2023-2026),STAGFLATION
XLB,XLF,0.9189767254179004,US,P4 (2023-2026),STAGFLATION
XLRE,XLF,0.8015638082647466,US,P4 (2023-2026),STAGFLATION
XLC,XLF,0.89244788292228,US,P4 (2023-2026),STAGFLATION
XLU,XLF,0.7549143125833803,US,P4 (2023-2026),STAGFLATION
XLV,XLF,0.8652547016888623,US,P4 (2023-2026),STAGFLATION
XLI,XLF,0.9581734448756277,US,P4 (2023-2026),STAGFLATION
DBC,XLF,0.6046894773321579,US,P4 (2023-2026),STAGFLATION
XLK,XLE,0.7560961530030874,US,P4 (2023-2026),STAGFLATION
XLY,XLE,0.7245858156455776,US,P4 (2023-2026),STAGFLATION
XLF,XLE,0.8431605097886057,US,P4 (2023-2026),STAGFLATION
XLE,XLE,1.0,US,P4 (2023-2026),STAGFLATION
XLB,XLE,0.8128625877992233,US,P4 (2023-2026),STAGFLATION
XLRE,XLE,0.6952452675834325,US,P4 (2023-2026),STAGFLATION
XLC,XLE,0.7455386149343995,US,P4 (2023-2026),STAGFLATION
XLU,XLE,0.6349072775992495,US,P4 (2023-2026),STAGFLATION
XLV,XLE,0.7571671686631449,US,P4 (2023-2026),STAGFLATION
XLI,XLE,0.8237515490623707,US,P4 (2023-2026),STAGFLATION
DBC,XLE,0.7750155811632976,US,P4 (2023-2026),STAGFLATION
XLK,XLB,0.8847890028195355,US,P4 (2023-2026),STAGFLATION
XLY,XLB,0.8791303062663678,US,P4 (2023-2026),STAGFLATION
XLF,XLB,0.9189767254179004,US,P4 (2023-2026),STAGFLATION
XLE,XLB,0.8128625877992233,US,P4 (2023-2026),STAGFLATION
XLB,XLB,1.0,US,P4 (2023-2026),STAGFLATION
XLRE,XLB,0.8686899837115384,US,P4 (2023-2026),STAGFLATION
XLC,XLB,0.8575792583774362,US,P4 (2023-2026),STAGFLATION
XLU,XLB,0.7441966935907928,US,P4 (2023-2026),STAGFLATION
XLV,XLB,0.8274692422945197,US,P4 (2023-2026),STAGFLATION
XLI,XLB,0.9451978997466852,US,P4 (2023-2026),STAGFLATION
DBC,XLB,0.6939781719509164,US,P4 (2023-2026),STAGFLATION
XLK,XLRE,0.7278438065486105,US,P4 (2023-2026),STAGFLATION
XLY,XLRE,0.7554639372396001,US,P4 (2023-2026),STAGFLATION
XLF,XLRE,0.8015638082647466,US,P4 (2023-2026),STAGFLATION
XLE,XLRE,0.6952452675834325,US,P4 (2023-2026),STAGFLATION
XLB,XLRE,0.8686899837115384,US,P4 (2023-2026),STAGFLATION
XLRE,XLRE,1.0,US,P4 (2023-2026),STAGFLATION
XLC,XLRE,0.7272914360244288,US,P4 (2023-2026),STAGFLATION
XLU,XLRE,0.8108621669954147,US,P4 (2023-2026),STAGFLATION
XLV,XLRE,0.770505002772802,US,P4 (2023-2026),STAGFLATION
XLI,XLRE,0.8264395730163676,US,P4 (2023-2026),STAGFLATION
DBC,XLRE,0.5663412172593031,US,P4 (2023-2026),STAGFLATION
XLK,XLC,0.9110230804912195,US,P4 (2023-2026),STAGFLATION
XLY,XLC,0.9165510868450526,US,P4 (2023-2026),STAGFLATION
XLF,XLC,0.89244788292228,US,P4 (2023-2026),STAGFLATION
XLE,XLC,0.7455386149343995,US,P4 (2023-2026),STAGFLATION
XLB,XLC,0.8575792583774362,US,P4 (2023-2026),STAGFLATION
XLRE,XLC,0.7272914360244288,US,P4 (2023-2026),STAGFLATION
XLC,XLC,1.0,US,P4 (2023-2026),STAGFLATION
XLU,XLC,0.5810190997775811,US,P4 (2023-2026),STAGFLATION
XLV,XLC,0.7804763171353671,US,P4 (2023-2026),STAGFLATION
XLI,XLC,0.90781768809252,US,P4 (2023-2026),STAGFLATION
DBC,XLC,0.5224826182952371,US,P4 (2023-2026),STAGFLATION
XLK,XLU,0.6146718365141337,US,P4 (2023-2026),STAGFLATION
XLY,XLU,0.578450481139693,US,P4 (2023-2026),STAGFLATION
XLF,XLU,0.7549143125833803,US,P4 (2023-2026),STAGFLATION
XLE,XLU,0.6349072775992495,US,P4 (2023-2026),STAGFLATION
XLB,XLU,0.7441966935907928,US,P4 (2023-2026),STAGFLATION
XLRE,XLU,0.8108621669954147,US,P4 (2023-2026),STAGFLATION
XLC,XLU,0.5810190997775811,US,P4 (2023-2026),STAGFLATION
XLU,XLU,1.0,US,P4 (2023-2026),STAGFLATION
XLV,XLU,0.7771006554028469,US,P4 (2023-2026),STAGFLATION
XLI,XLU,0.7383181490928331,US,P4 (2023-2026),STAGFLATION
DBC,XLU,0.4423905974367989,US,P4 (2023-2026),STAGFLATION
XLK,XLV,0.75637375860054,US,P4 (2023-2026),STAGFLATION
XLY,XLV,0.7262249612836542,US,P4 (2023-2026),STAGFLATION
XLF,XLV,0.8652547016888623,US,P4 (2023-2026),STAGFLATION
XLE,XLV,0.7571671686631449,US,P4 (2023-2026),STAGFLATION
XLB,XLV,0.8274692422945197,US,P4 (2023-2026),STAGFLATION
XLRE,XLV,0.770505002772802,US,P4 (2023-2026),STAGFLATION
XLC,XLV,0.7804763171353671,US,P4 (2023-2026),STAGFLATION
XLU,XLV,0.7771006554028469,US,P4 (2023-2026),STAGFLATION
XLV,XLV,1.0,US,P4 (2023-2026),STAGFLATION
XLI,XLV,0.8273837699559905,US,P4 (2023-2026),STAGFLATION
DBC,XLV,0.534953891378334,US,P4 (2023-2026),STAGFLATION
XLK,XLI,0.9333795939728349,US,P4 (2023-2026),STAGFLATION
XLY,XLI,0.9200770816337739,US,P4 (2023-2026),STAGFLATION
XLF,XLI,0.9581734448756277,US,P4 (2023-2026),STAGFLATION
XLE,XLI,0.8237515490623707,US,P4 (2023-2026),STAGFLATION
XLB,XLI,0.9451978997466852,US,P4 (2023-2026),STAGFLATION
XLRE,XLI,0.8264395730163676,US,P4 (2023-2026),STAGFLATION
XLC,XLI,0.90781768809252,US,P4 (2023-2026),STAGFLATION
XLU,XLI,0.7383181490928331,US,P4 (2023-2026),STAGFLATION
XLV,XLI,0.8273837699559905,US,P4 (2023-2026),STAGFLATION
XLI,XLI,1.0,US,P4 (2023-2026),STAGFLATION
DBC,XLI,0.6278003080036408,US,P4 (2023-2026),STAGFLATION
XLK,DBC,0.6482112735165677,US,P4 (2023-2026),STAGFLATION
XLY,DBC,0.6343904973550016,US,P4 (2023-2026),STAGFLATION
XLF,DBC,0.6046894773321579,US,P4 (2023-2026),STAGFLATION
XLE,DBC,0.7750155811632976,US,P4 (2023-2026),STAGFLATION
XLB,DBC,0.6939781719509164,US,P4 (2023-2026),STAGFLATION
XLRE,DBC,0.5663412172593031,US,P4 (2023-2026),STAGFLATION
XLC,DBC,0.5224826182952371,US,P4 (2023-2026),STAGFLATION
XLU,DBC,0.4423905974367989,US,P4 (2023-2026),STAGFLATION
XLV,DBC,0.534953891378334,US,P4 (2023-2026),STAGFLATION
XLI,DBC,0.6278003080036408,US,P4 (2023-2026),STAGFLATION
DBC,DBC,1.0,US,P4 (2023-2026),STAGFLATION
XLK,XLK,1.0,US,P4 (2023-2026),DEFLATION
XLY,XLK,0.8593592718295964,US,P4 (2023-2026),DEFLATION
XLF,XLK,0.614008502880018,US,P4 (2023-2026),DEFLATION
XLE,XLK,0.4265388726188505,US,P4 (2023-2026),DEFLATION
XLB,XLK,0.5954703147596999,US,P4 (2023-2026),DEFLATION
XLRE,XLK,0.5748367643154256,US,P4 (2023-2026),DEFLATION
XLC,XLK,0.8155701919174927,US,P4 (2023-2026),DEFLATION
XLU,XLK,0.4248912899161585,US,P4 (2023-2026),DEFLATION
XLV,XLK,0.4200039077008473,US,P4 (2023-2026),DEFLATION
XLI,XLK,0.7018198034771105,US,P4 (2023-2026),DEFLATION
DBC,XLK,-0.1829317055055123,US,P4 (2023-2026),DEFLATION
XLK,XLY,0.8593592718295964,US,P4 (2023-2026),DEFLATION
XLY,XLY,1.0,US,P4 (2023-2026),DEFLATION
XLF,XLY,0.6882077722561191,US,P4 (2023-2026),DEFLATION
XLE,XLY,0.6207176570441222,US,P4 (2023-2026),DEFLATION
XLB,XLY,0.6475701994084182,US,P4 (2023-2026),DEFLATION
XLRE,XLY,0.5640542094788945,US,P4 (2023-2026),DEFLATION
XLC,XLY,0.7384433731080573,US,P4 (2023-2026),DEFLATION
XLU,XLY,0.4343602699012187,US,P4 (2023-2026),DEFLATION
XLV,XLY,0.4198510323420814,US,P4 (2023-2026),DEFLATION
XLI,XLY,0.7068645261683045,US,P4 (2023-2026),DEFLATION
DBC,XLY,0.08264684635949698,US,P4 (2023-2026),DEFLATION
XLK,XLF,0.614008502880018,US,P4 (2023-2026),DEFLATION
XLY,XLF,0.6882077722561191,US,P4 (2023-2026),DEFLATION
XLF,XLF,1.0,US,P4 (2023-2026),DEFLATION
XLE,XLF,0.735281780832985,US,P4 (2023-2026),DEFLATION
XLB,XLF,0.831241510059139,US,P4 (2023-2026),DEFLATION
XLRE,XLF,0.3666367350779775,US,P4 (2023-2026),DEFLATION
XLC,XLF,0.6155611942295292,US,P4 (2023-2026),DEFLATION
XLU,XLF,0.11099814935728879,US,P4 (2023-2026),DEFLATION
XLV,XLF,0.29682717095298017,US,P4 (2023-2026),DEFLATION
XLI,XLF,0.8522582157030482,US,P4 (2023-2026),DEFLATION
DBC,XLF,0.19669922926202627,US,P4 (2023-2026),DEFLATION
XLK,XLE,0.4265388726188505,US,P4 (2023-2026),DEFLATION
XLY,XLE,0.6207176570441222,US,P4 (2023-2026),DEFLATION
XLF,XLE,0.735281780832985,US,P4 (2023-2026),DEFLATION
XLE,XLE,1.0,US,P4 (2023-2026),DEFLATION
XLB,XLE,0.8183680213383795,US,P4 (2023-2026),DEFLATION
XLRE,XLE,0.21999745300993728,US,P4 (2023-2026),DEFLATION
XLC,XLE,0.27474803927866764,US,P4 (2023-2026),DEFLATION
XLU,XLE,0.02972604997017061,US,P4 (2023-2026),DEFLATION
XLV,XLE,0.042730676950596555,US,P4 (2023-2026),DEFLATION
XLI,XLE,0.7573078647789996,US,P4 (2023-2026),DEFLATION
DBC,XLE,0.6526638890180843,US,P4 (2023-2026),DEFLATION
XLK,XLB,0.5954703147596999,US,P4 (2023-2026),DEFLATION
XLY,XLB,0.6475701994084182,US,P4 (2023-2026),DEFLATION
XLF,XLB,0.831241510059139,US,P4 (2023-2026),DEFLATION
XLE,XLB,0.8183680213383795,US,P4 (2023-2026),DEFLATION
XLB,XLB,1.0,US,P4 (2023-2026),DEFLATION
XLRE,XLB,0.5272341385700567,US,P4 (2023-2026),DEFLATION
XLC,XLB,0.5068186437030916,US,P4 (2023-2026),DEFLATION
XLU,XLB,0.1301270190809497,US,P4 (2023-2026),DEFLATION
XLV,XLB,0.40093850457215313,US,P4 (2023-2026),DEFLATION
XLI,XLB,0.9395708760422634,US,P4 (2023-2026),DEFLATION
DBC,XLB,0.29178632688092804,US,P4 (2023-2026),DEFLATION
XLK,XLRE,0.5748367643154256,US,P4 (2023-2026),DEFLATION
XLY,XLRE,0.5640542094788945,US,P4 (2023-2026),DEFLATION
XLF,XLRE,0.3666367350779775,US,P4 (2023-2026),DEFLATION
XLE,XLRE,0.21999745300993728,US,P4 (2023-2026),DEFLATION
XLB,XLRE,0.5272341385700567,US,P4 (2023-2026),DEFLATION
XLRE,XLRE,1.0,US,P4 (2023-2026),DEFLATION
XLC,XLRE,0.604436634499861,US,P4 (2023-2026),DEFLATION
XLU,XLRE,0.7425035071328069,US,P4 (2023-2026),DEFLATION
XLV,XLRE,0.4858298345045186,US,P4 (2023-2026),DEFLATION
XLI,XLRE,0.5894675963566187,US,P4 (2023-2026),DEFLATION
DBC,XLRE,-0.28802977483089376,US,P4 (2023-2026),DEFLATION
XLK,XLC,0.8155701919174927,US,P4 (2023-2026),DEFLATION
XLY,XLC,0.7384433731080573,US,P4 (2023-2026),DEFLATION
XLF,XLC,0.6155611942295292,US,P4 (2023-2026),DEFLATION
XLE,XLC,0.27474803927866764,US,P4 (2023-2026),DEFLATION
XLB,XLC,0.5068186437030916,US,P4 (2023-2026),DEFLATION
XLRE,XLC,0.604436634499861,US,P4 (2023-2026),DEFLATION
XLC,XLC,1.0,US,P4 (2023-2026),DEFLATION
XLU,XLC,0.6354736126463858,US,P4 (2023-2026),DEFLATION
XLV,XLC,0.45649099755619243,US,P4 (2023-2026),DEFLATION
XLI,XLC,0.5347903650737922,US,P4 (2023-2026),DEFLATION
DBC,XLC,-0.2522090750627338,US,P4 (2023-2026),DEFLATION
XLK,XLU,0.4248912899161585,US,P4 (2023-2026),DEFLATION
XLY,XLU,0.4343602699012187,US,P4 (2023-2026),DEFLATION
XLF,XLU,0.11099814935728879,US,P4 (2023-2026),DEFLATION
XLE,XLU,0.02972604997017061,US,P4 (2023-2026),DEFLATION
XLB,XLU,0.1301270190809497,US,P4 (2023-2026),DEFLATION
XLRE,XLU,0.7425035071328069,US,P4 (2023-2026),DEFLATION
XLC,XLU,0.6354736126463858,US,P4 (2023-2026),DEFLATION
XLU,XLU,1.0,US,P4 (2023-2026),DEFLATION
XLV,XLU,0.25740465259971745,US,P4 (2023-2026),DEFLATION
XLI,XLU,0.1364499034934933,US,P4 (2023-2026),DEFLATION
DBC,XLU,-0.2597241801065644,US,P4 (2023-2026),DEFLATION
XLK,XLV,0.4200039077008473,US,P4 (2023-2026),DEFLATION
XLY,XLV,0.4198510323420814,US,P4 (2023-2026),DEFLATION
XLF,XLV,0.29682717095298017,US,P4 (2023-2026),DEFLATION
XLE,XLV,0.042730676950596555,US,P4 (2023-2026),DEFLATION
XLB,XLV,0.40093850457215313,US,P4 (2023-2026),DEFLATION
XLRE,XLV,0.4858298345045186,US,P4 (2023-2026),DEFLATION
XLC,XLV,0.45649099755619243,US,P4 (2023-2026),DEFLATION
XLU,XLV,0.25740465259971745,US,P4 (2023-2026),DEFLATION
XLV,XLV,1.0,US,P4 (2023-2026),DEFLATION
XLI,XLV,0.3891710852098903,US,P4 (2023-2026),DEFLATION
DBC,XLV,-0.48240511480799636,US,P4 (2023-2026),DEFLATION
XLK,XLI,0.7018198034771105,US,P4 (2023-2026),DEFLATION
XLY,XLI,0.7068645261683045,US,P4 (2023-2026),DEFLATION
XLF,XLI,0.8522582157030482,US,P4 (2023-2026),DEFLATION
XLE,XLI,0.7573078647789996,US,P4 (2023-2026),DEFLATION
XLB,XLI,0.9395708760422634,US,P4 (2023-2026),DEFLATION
XLRE,XLI,0.5894675963566187,US,P4 (2023-2026),DEFLATION
XLC,XLI,0.5347903650737922,US,P4 (2023-2026),DEFLATION
XLU,XLI,0.1364499034934933,US,P4 (2023-2026),DEFLATION
XLV,XLI,0.3891710852098903,US,P4 (2023-2026),DEFLATION
XLI,XLI,1.0,US,P4 (2023-2026),DEFLATION
DBC,XLI,0.18996073877062022,US,P4 (2023-2026),DEFLATION
XLK,DBC,-0.1829317055055123,US,P4 (2023-2026),DEFLATION
XLY,DBC,0.08264684635949698,US,P4 (2023-2026),DEFLATION
XLF,DBC,0.19669922926202627,US,P4 (2023-2026),DEFLATION
XLE,DBC,0.6526638890180843,US,P4 (2023-2026),DEFLATION
XLB,DBC,0.29178632688092804,US,P4 (2023-2026),DEFLATION
XLRE,DBC,-0.28802977483089376,US,P4 (2023-2026),DEFLATION
XLC,DBC,-0.2522090750627338,US,P4 (2023-2026),DEFLATION
XLU,DBC,-0.2597241801065644,US,P4 (2023-2026),DEFLATION
XLV,DBC,-0.48240511480799636,US,P4 (2023-2026),DEFLATION
XLI,DBC,0.18996073877062022,US,P4 (2023-2026),DEFLATION
DBC,DBC,1.0,US,P4 (2023-2026),DEFLATION
EXV3.DE,EXV3.DE,1.0,EU,P1 (2005-2012),GOLDILOCKS
EXV8.DE,EXV3.DE,0.6445105008006617,EU,P1 (2005-2012),GOLDILOCKS
EXV1.DE,EXV3.DE,0.6409297842773463,EU,P1 (2005-2012),GOLDILOCKS
EXV5.DE,EXV3.DE,0.5663244627442159,EU,P1 (2005-2012),GOLDILOCKS
EXV6.DE,EXV3.DE,0.6406457724940523,EU,P1 (2005-2012),GOLDILOCKS
EXV4.DE,EXV3.DE,0.415100024497106,EU,P1 (2005-2012),GOLDILOCKS
EXV2.DE,EXV3.DE,0.5058717334356495,EU,P1 (2005-2012),GOLDILOCKS
EXW1.DE,EXV3.DE,0.6952397889663213,EU,P1 (2005-2012),GOLDILOCKS
EXI5.DE,EXV3.DE,0.5096342404453972,EU,P1 (2005-2012),GOLDILOCKS
EXV9.DE,EXV3.DE,0.4854884042020691,EU,P1 (2005-2012),GOLDILOCKS
EXV7.DE,EXV3.DE,0.6152945920290898,EU,P1 (2005-2012),GOLDILOCKS
SXRS.DE,EXV3.DE,,EU,P1 (2005-2012),GOLDILOCKS
EXV3.DE,EXV8.DE,0.6445105008006617,EU,P1 (2005-2012),GOLDILOCKS
EXV8.DE,EXV8.DE,1.0,EU,P1 (2005-2012),GOLDILOCKS
EXV1.DE,EXV8.DE,0.7092614855271584,EU,P1 (2005-2012),GOLDILOCKS
EXV5.DE,EXV8.DE,0.6117789497610963,EU,P1 (2005-2012),GOLDILOCKS
EXV6.DE,EXV8.DE,0.688397416462507,EU,P1 (2005-2012),GOLDILOCKS
EXV4.DE,EXV8.DE,0.3619335912124879,EU,P1 (2005-2012),GOLDILOCKS
EXV2.DE,EXV8.DE,0.5090231567994195,EU,P1 (2005-2012),GOLDILOCKS
EXW1.DE,EXV8.DE,0.754238133897591,EU,P1 (2005-2012),GOLDILOCKS
EXI5.DE,EXV8.DE,0.604374004478991,EU,P1 (2005-2012),GOLDILOCKS
EXV9.DE,EXV8.DE,0.48808765401822907,EU,P1 (2005-2012),GOLDILOCKS
EXV7.DE,EXV8.DE,0.7092196842316109,EU,P1 (2005-2012),GOLDILOCKS
SXRS.DE,EXV8.DE,,EU,P1 (2005-2012),GOLDILOCKS
EXV3.DE,EXV1.DE,0.6409297842773463,EU,P1 (2005-2012),GOLDILOCKS
EXV8.DE,EXV1.DE,0.7092614855271584,EU,P1 (2005-2012),GOLDILOCKS
EXV1.DE,EXV1.DE,1.0,EU,P1 (2005-2012),GOLDILOCKS
EXV5.DE,EXV1.DE,0.5932123344690144,EU,P1 (2005-2012),GOLDILOCKS
EXV6.DE,EXV1.DE,0.703197115306872,EU,P1 (2005-2012),GOLDILOCKS
EXV4.DE,EXV1.DE,0.40897296347666057,EU,P1 (2005-2012),GOLDILOCKS
EXV2.DE,EXV1.DE,0.5796026503059641,EU,P1 (2005-2012),GOLDILOCKS
EXW1.DE,EXV1.DE,0.8692216268242067,EU,P1 (2005-2012),GOLDILOCKS
EXI5.DE,EXV1.DE,0.6232712458653242,EU,P1 (2005-2012),GOLDILOCKS
EXV9.DE,EXV1.DE,0.49571857235281397,EU,P1 (2005-2012),GOLDILOCKS
EXV7.DE,EXV1.DE,0.6340119210361564,EU,P1 (2005-2012),GOLDILOCKS
SXRS.DE,EXV1.DE,,EU,P1 (2005-2012),GOLDILOCKS
EXV3.DE,EXV5.DE,0.5663244627442159,EU,P1 (2005-2012),GOLDILOCKS
EXV8.DE,EXV5.DE,0.6117789497610963,EU,P1 (2005-2012),GOLDILOCKS
EXV1.DE,EXV5.DE,0.5932123344690144,EU,P1 (2005-2012),GOLDILOCKS
EXV5.DE,EXV5.DE,1.0,EU,P1 (2005-2012),GOLDILOCKS
EXV6.DE,EXV5.DE,0.6077285565234901,EU,P1 (2005-2012),GOLDILOCKS
EXV4.DE,EXV5.DE,0.2793674980314181,EU,P1 (2005-2012),GOLDILOCKS
EXV2.DE,EXV5.DE,0.42030743689434125,EU,P1 (2005-2012),GOLDILOCKS
EXW1.DE,EXV5.DE,0.6515812439032405,EU,P1 (2005-2012),GOLDILOCKS
EXI5.DE,EXV5.DE,0.4800506247749907,EU,P1 (2005-2012),GOLDILOCKS
EXV9.DE,EXV5.DE,0.5153509405856262,EU,P1 (2005-2012),GOLDILOCKS
EXV7.DE,EXV5.DE,0.6250020329802042,EU,P1 (2005-2012),GOLDILOCKS
SXRS.DE,EXV5.DE,,EU,P1 (2005-2012),GOLDILOCKS
EXV3.DE,EXV6.DE,0.6406457724940523,EU,P1 (2005-2012),GOLDILOCKS
EXV8.DE,EXV6.DE,0.688397416462507,EU,P1 (2005-2012),GOLDILOCKS
EXV1.DE,EXV6.DE,0.703197115306872,EU,P1 (2005-2012),GOLDILOCKS
EXV5.DE,EXV6.DE,0.6077285565234901,EU,P1 (2005-2012),GOLDILOCKS
EXV6.DE,EXV6.DE,1.0,EU,P1 (2005-2012),GOLDILOCKS
EXV4.DE,EXV6.DE,0.3323808979277223,EU,P1 (2005-2012),GOLDILOCKS
EXV2.DE,EXV6.DE,0.5243340923239744,EU,P1 (2005-2012),GOLDILOCKS
EXW1.DE,EXV6.DE,0.7534565725111743,EU,P1 (2005-2012),GOLDILOCKS
EXI5.DE,EXV6.DE,0.5550628150411941,EU,P1 (2005-2012),GOLDILOCKS
EXV9.DE,EXV6.DE,0.4651180660633742,EU,P1 (2005-2012),GOLDILOCKS
EXV7.DE,EXV6.DE,0.6963148665570152,EU,P1 (2005-2012),GOLDILOCKS
SXRS.DE,EXV6.DE,,EU,P1 (2005-2012),GOLDILOCKS
EXV3.DE,EXV4.DE,0.415100024497106,EU,P1 (2005-2012),GOLDILOCKS
EXV8.DE,EXV4.DE,0.3619335912124879,EU,P1 (2005-2012),GOLDILOCKS
EXV1.DE,EXV4.DE,0.40897296347666057,EU,P1 (2005-2012),GOLDILOCKS
EXV5.DE,EXV4.DE,0.2793674980314181,EU,P1 (2005-2012),GOLDILOCKS
EXV6.DE,EXV4.DE,0.3323808979277223,EU,P1 (2005-2012),GOLDILOCKS
EXV4.DE,EXV4.DE,1.0,EU,P1 (2005-2012),GOLDILOCKS
EXV2.DE,EXV4.DE,0.5000304317447288,EU,P1 (2005-2012),GOLDILOCKS
EXW1.DE,EXV4.DE,0.49633066171160867,EU,P1 (2005-2012),GOLDILOCKS
EXI5.DE,EXV4.DE,0.4029448600949625,EU,P1 (2005-2012),GOLDILOCKS
EXV9.DE,EXV4.DE,0.36012804463969195,EU,P1 (2005-2012),GOLDILOCKS
EXV7.DE,EXV4.DE,0.5141001854587315,EU,P1 (2005-2012),GOLDILOCKS
SXRS.DE,EXV4.DE,,EU,P1 (2005-2012),GOLDILOCKS
EXV3.DE,EXV2.DE,0.5058717334356495,EU,P1 (2005-2012),GOLDILOCKS
EXV8.DE,EXV2.DE,0.5090231567994195,EU,P1 (2005-2012),GOLDILOCKS
EXV1.DE,EXV2.DE,0.5796026503059641,EU,P1 (2005-2012),GOLDILOCKS
EXV5.DE,EXV2.DE,0.42030743689434125,EU,P1 (2005-2012),GOLDILOCKS
EXV6.DE,EXV2.DE,0.5243340923239744,EU,P1 (2005-2012),GOLDILOCKS
EXV4.DE,EXV2.DE,0.5000304317447288,EU,P1 (2005-2012),GOLDILOCKS
EXV2.DE,EXV2.DE,1.0,EU,P1 (2005-2012),GOLDILOCKS
EXW1.DE,EXV2.DE,0.6699905042157849,EU,P1 (2005-2012),GOLDILOCKS
EXI5.DE,EXV2.DE,0.44592798453783083,EU,P1 (2005-2012),GOLDILOCKS
EXV9.DE,EXV2.DE,0.4229114878999176,EU,P1 (2005-2012),GOLDILOCKS
EXV7.DE,EXV2.DE,0.5661375707534806,EU,P1 (2005-2012),GOLDILOCKS
SXRS.DE,EXV2.DE,,EU,P1 (2005-2012),GOLDILOCKS
EXV3.DE,EXW1.DE,0.6952397889663213,EU,P1 (2005-2012),GOLDILOCKS
EXV8.DE,EXW1.DE,0.754238133897591,EU,P1 (2005-2012),GOLDILOCKS
EXV1.DE,EXW1.DE,0.8692216268242067,EU,P1 (2005-2012),GOLDILOCKS
EXV5.DE,EXW1.DE,0.6515812439032405,EU,P1 (2005-2012),GOLDILOCKS
EXV6.DE,EXW1.DE,0.7534565725111743,EU,P1 (2005-2012),GOLDILOCKS
EXV4.DE,EXW1.DE,0.49633066171160867,EU,P1 (2005-2012),GOLDILOCKS
EXV2.DE,EXW1.DE,0.6699905042157849,EU,P1 (2005-2012),GOLDILOCKS
EXW1.DE,EXW1.DE,1.0,EU,P1 (2005-2012),GOLDILOCKS
EXI5.DE,EXW1.DE,0.6009450756530743,EU,P1 (2005-2012),GOLDILOCKS
EXV9.DE,EXW1.DE,0.5082326144799152,EU,P1 (2005-2012),GOLDILOCKS
EXV7.DE,EXW1.DE,0.7324963635399362,EU,P1 (2005-2012),GOLDILOCKS
SXRS.DE,EXW1.DE,,EU,P1 (2005-2012),GOLDILOCKS
EXV3.DE,EXI5.DE,0.5096342404453972,EU,P1 (2005-2012),GOLDILOCKS
EXV8.DE,EXI5.DE,0.604374004478991,EU,P1 (2005-2012),GOLDILOCKS
EXV1.DE,EXI5.DE,0.6232712458653242,EU,P1 (2005-2012),GOLDILOCKS
EXV5.DE,EXI5.DE,0.4800506247749907,EU,P1 (2005-2012),GOLDILOCKS
EXV6.DE,EXI5.DE,0.5550628150411941,EU,P1 (2005-2012),GOLDILOCKS
EXV4.DE,EXI5.DE,0.4029448600949625,EU,P1 (2005-2012),GOLDILOCKS
EXV2.DE,EXI5.DE,0.44592798453783083,EU,P1 (2005-2012),GOLDILOCKS
EXW1.DE,EXI5.DE,0.6009450756530743,EU,P1 (2005-2012),GOLDILOCKS
EXI5.DE,EXI5.DE,1.0,EU,P1 (2005-2012),GOLDILOCKS
EXV9.DE,EXI5.DE,0.43803232462612074,EU,P1 (2005-2012),GOLDILOCKS
EXV7.DE,EXI5.DE,0.5532931144791836,EU,P1 (2005-2012),GOLDILOCKS
SXRS.DE,EXI5.DE,,EU,P1 (2005-2012),GOLDILOCKS
EXV3.DE,EXV9.DE,0.4854884042020691,EU,P1 (2005-2012),GOLDILOCKS
EXV8.DE,EXV9.DE,0.48808765401822907,EU,P1 (2005-2012),GOLDILOCKS
EXV1.DE,EXV9.DE,0.49571857235281397,EU,P1 (2005-2012),GOLDILOCKS
EXV5.DE,EXV9.DE,0.5153509405856262,EU,P1 (2005-2012),GOLDILOCKS
EXV6.DE,EXV9.DE,0.4651180660633742,EU,P1 (2005-2012),GOLDILOCKS
EXV4.DE,EXV9.DE,0.36012804463969195,EU,P1 (2005-2012),GOLDILOCKS
EXV2.DE,EXV9.DE,0.4229114878999176,EU,P1 (2005-2012),GOLDILOCKS
EXW1.DE,EXV9.DE,0.5082326144799152,EU,P1 (2005-2012),GOLDILOCKS
EXI5.DE,EXV9.DE,0.43803232462612074,EU,P1 (2005-2012),GOLDILOCKS
EXV9.DE,EXV9.DE,1.0,EU,P1 (2005-2012),GOLDILOCKS
EXV7.DE,EXV9.DE,0.559302041384314,EU,P1 (2005-2012),GOLDILOCKS
SXRS.DE,EXV9.DE,,EU,P1 (2005-2012),GOLDILOCKS
EXV3.DE,EXV7.DE,0.6152945920290898,EU,P1 (2005-2012),GOLDILOCKS
EXV8.DE,EXV7.DE,0.7092196842316109,EU,P1 (2005-2012),GOLDILOCKS
EXV1.DE,EXV7.DE,0.6340119210361564,EU,P1 (2005-2012),GOLDILOCKS
EXV5.DE,EXV7.DE,0.6250020329802042,EU,P1 (2005-2012),GOLDILOCKS
EXV6.DE,EXV7.DE,0.6963148665570152,EU,P1 (2005-2012),GOLDILOCKS
EXV4.DE,EXV7.DE,0.5141001854587315,EU,P1 (2005-2012),GOLDILOCKS
EXV2.DE,EXV7.DE,0.5661375707534806,EU,P1 (2005-2012),GOLDILOCKS
EXW1.DE,EXV7.DE,0.7324963635399362,EU,P1 (2005-2012),GOLDILOCKS
EXI5.DE,EXV7.DE,0.5532931144791836,EU,P1 (2005-2012),GOLDILOCKS
EXV9.DE,EXV7.DE,0.559302041384314,EU,P1 (2005-2012),GOLDILOCKS
EXV7.DE,EXV7.DE,1.0,EU,P1 (2005-2012),GOLDILOCKS
SXRS.DE,EXV7.DE,,EU,P1 (2005-2012),GOLDILOCKS
EXV3.DE,SXRS.DE,,EU,P1 (2005-2012),GOLDILOCKS
EXV8.DE,SXRS.DE,,EU,P1 (2005-2012),GOLDILOCKS
EXV1.DE,SXRS.DE,,EU,P1 (2005-2012),GOLDILOCKS
EXV5.DE,SXRS.DE,,EU,P1 (2005-2012),GOLDILOCKS
EXV6.DE,SXRS.DE,,EU,P1 (2005-2012),GOLDILOCKS
EXV4.DE,SXRS.DE,,EU,P1 (2005-2012),GOLDILOCKS
EXV2.DE,SXRS.DE,,EU,P1 (2005-2012),GOLDILOCKS
EXW1.DE,SXRS.DE,,EU,P1 (2005-2012),GOLDILOCKS
EXI5.DE,SXRS.DE,,EU,P1 (2005-2012),GOLDILOCKS
EXV9.DE,SXRS.DE,,EU,P1 (2005-2012),GOLDILOCKS
EXV7.DE,SXRS.DE,,EU,P1 (2005-2012),GOLDILOCKS
SXRS.DE,SXRS.DE,,EU,P1 (2005-2012),GOLDILOCKS
EXV3.DE,EXV3.DE,1.0,EU,P1 (2005-2012),STAGFLATION
EXV8.DE,EXV3.DE,0.7757493433550496,EU,P1 (2005-2012),STAGFLATION
EXV1.DE,EXV3.DE,0.737881144455878,EU,P1 (2005-2012),STAGFLATION
EXV5.DE,EXV3.DE,0.2691931221022756,EU,P1 (2005-2012),STAGFLATION
EXV6.DE,EXV3.DE,0.7208191182018051,EU,P1 (2005-2012),STAGFLATION
EXV4.DE,EXV3.DE,0.5483752819119139,EU,P1 (2005-2012),STAGFLATION
EXV2.DE,EXV3.DE,0.7065903440089025,EU,P1 (2005-2012),STAGFLATION
EXW1.DE,EXV3.DE,0.8034863811554962,EU,P1 (2005-2012),STAGFLATION
EXI5.DE,EXV3.DE,0.6363679063318686,EU,P1 (2005-2012),STAGFLATION
EXV9.DE,EXV3.DE,0.6594994432639261,EU,P1 (2005-2012),STAGFLATION
EXV7.DE,EXV3.DE,0.7447030671812684,EU,P1 (2005-2012),STAGFLATION
SXRS.DE,EXV3.DE,,EU,P1 (2005-2012),STAGFLATION
EXV3.DE,EXV8.DE,0.7757493433550496,EU,P1 (2005-2012),STAGFLATION
EXV8.DE,EXV8.DE,1.0,EU,P1 (2005-2012),STAGFLATION
EXV1.DE,EXV8.DE,0.7455416969655024,EU,P1 (2005-2012),STAGFLATION
EXV5.DE,EXV8.DE,0.3247591040056358,EU,P1 (2005-2012),STAGFLATION
EXV6.DE,EXV8.DE,0.7498055485445175,EU,P1 (2005-2012),STAGFLATION
EXV4.DE,EXV8.DE,0.5219670693982468,EU,P1 (2005-2012),STAGFLATION
EXV2.DE,EXV8.DE,0.7039819713949228,EU,P1 (2005-2012),STAGFLATION
EXW1.DE,EXV8.DE,0.8171488935786095,EU,P1 (2005-2012),STAGFLATION
EXI5.DE,EXV8.DE,0.732633802593614,EU,P1 (2005-2012),STAGFLATION
EXV9.DE,EXV8.DE,0.7092210453698179,EU,P1 (2005-2012),STAGFLATION
EXV7.DE,EXV8.DE,0.7635551920541352,EU,P1 (2005-2012),STAGFLATION
SXRS.DE,EXV8.DE,,EU,P1 (2005-2012),STAGFLATION
EXV3.DE,EXV1.DE,0.737881144455878,EU,P1 (2005-2012),STAGFLATION
EXV8.DE,EXV1.DE,0.7455416969655024,EU,P1 (2005-2012),STAGFLATION
EXV1.DE,EXV1.DE,1.0,EU,P1 (2005-2012),STAGFLATION
EXV5.DE,EXV1.DE,0.26794775559602013,EU,P1 (2005-2012),STAGFLATION
EXV6.DE,EXV1.DE,0.7217220882363473,EU,P1 (2005-2012),STAGFLATION
EXV4.DE,EXV1.DE,0.4945407483191856,EU,P1 (2005-2012),STAGFLATION
EXV2.DE,EXV1.DE,0.6995856338453735,EU,P1 (2005-2012),STAGFLATION
EXW1.DE,EXV1.DE,0.8751128189698406,EU,P1 (2005-2012),STAGFLATION
EXI5.DE,EXV1.DE,0.6857195684353676,EU,P1 (2005-2012),STAGFLATION
EXV9.DE,EXV1.DE,0.6621384722820266,EU,P1 (2005-2012),STAGFLATION
EXV7.DE,EXV1.DE,0.727304789106938,EU,P1 (2005-2012),STAGFLATION
SXRS.DE,EXV1.DE,,EU,P1 (2005-2012),STAGFLATION
EXV3.DE,EXV5.DE,0.2691931221022756,EU,P1 (2005-2012),STAGFLATION
EXV8.DE,EXV5.DE,0.3247591040056358,EU,P1 (2005-2012),STAGFLATION
EXV1.DE,EXV5.DE,0.26794775559602013,EU,P1 (2005-2012),STAGFLATION
EXV5.DE,EXV5.DE,1.0,EU,P1 (2005-2012),STAGFLATION
EXV6.DE,EXV5.DE,0.2605304982142788,EU,P1 (2005-2012),STAGFLATION
EXV4.DE,EXV5.DE,0.23689406795486423,EU,P1 (2005-2012),STAGFLATION
EXV2.DE,EXV5.DE,0.23453457755613782,EU,P1 (2005-2012),STAGFLATION
EXW1.DE,EXV5.DE,0.3965511252673482,EU,P1 (2005-2012),STAGFLATION
EXI5.DE,EXV5.DE,0.31778794325944093,EU,P1 (2005-2012),STAGFLATION
EXV9.DE,EXV5.DE,0.26556325686858484,EU,P1 (2005-2012),STAGFLATION
EXV7.DE,EXV5.DE,0.25292634818516946,EU,P1 (2005-2012),STAGFLATION
SXRS.DE,EXV5.DE,,EU,P1 (2005-2012),STAGFLATION
EXV3.DE,EXV6.DE,0.7208191182018051,EU,P1 (2005-2012),STAGFLATION
EXV8.DE,EXV6.DE,0.7498055485445175,EU,P1 (2005-2012),STAGFLATION
EXV1.DE,EXV6.DE,0.7217220882363473,EU,P1 (2005-2012),STAGFLATION
EXV5.DE,EXV6.DE,0.2605304982142788,EU,P1 (2005-2012),STAGFLATION
EXV6.DE,EXV6.DE,1.0,EU,P1 (2005-2012),STAGFLATION
EXV4.DE,EXV6.DE,0.4852987537600085,EU,P1 (2005-2012),STAGFLATION
EXV2.DE,EXV6.DE,0.6330074425615367,EU,P1 (2005-2012),STAGFLATION
EXW1.DE,EXV6.DE,0.8067557212234076,EU,P1 (2005-2012),STAGFLATION
EXI5.DE,EXV6.DE,0.5922989726879881,EU,P1 (2005-2012),STAGFLATION
EXV9.DE,EXV6.DE,0.5644259965276941,EU,P1 (2005-2012),STAGFLATION
EXV7.DE,EXV6.DE,0.7781928607053201,EU,P1 (2005-2012),STAGFLATION
SXRS.DE,EXV6.DE,,EU,P1 (2005-2012),STAGFLATION
EXV3.DE,EXV4.DE,0.5483752819119139,EU,P1 (2005-2012),STAGFLATION
EXV8.DE,EXV4.DE,0.5219670693982468,EU,P1 (2005-2012),STAGFLATION
EXV1.DE,EXV4.DE,0.4945407483191856,EU,P1 (2005-2012),STAGFLATION
EXV5.DE,EXV4.DE,0.23689406795486423,EU,P1 (2005-2012),STAGFLATION
EXV6.DE,EXV4.DE,0.4852987537600085,EU,P1 (2005-2012),STAGFLATION
EXV4.DE,EXV4.DE,1.0,EU,P1 (2005-2012),STAGFLATION
EXV2.DE,EXV4.DE,0.6458831472781448,EU,P1 (2005-2012),STAGFLATION
EXW1.DE,EXV4.DE,0.6462878965636466,EU,P1 (2005-2012),STAGFLATION
EXI5.DE,EXV4.DE,0.4943991033341939,EU,P1 (2005-2012),STAGFLATION
EXV9.DE,EXV4.DE,0.4867947958001922,EU,P1 (2005-2012),STAGFLATION
EXV7.DE,EXV4.DE,0.5444306508283027,EU,P1 (2005-2012),STAGFLATION
SXRS.DE,EXV4.DE,,EU,P1 (2005-2012),STAGFLATION
EXV3.DE,EXV2.DE,0.7065903440089025,EU,P1 (2005-2012),STAGFLATION
EXV8.DE,EXV2.DE,0.7039819713949228,EU,P1 (2005-2012),STAGFLATION
EXV1.DE,EXV2.DE,0.6995856338453735,EU,P1 (2005-2012),STAGFLATION
EXV5.DE,EXV2.DE,0.23453457755613782,EU,P1 (2005-2012),STAGFLATION
EXV6.DE,EXV2.DE,0.6330074425615367,EU,P1 (2005-2012),STAGFLATION
EXV4.DE,EXV2.DE,0.6458831472781448,EU,P1 (2005-2012),STAGFLATION
EXV2.DE,EXV2.DE,1.0,EU,P1 (2005-2012),STAGFLATION
EXW1.DE,EXV2.DE,0.8078683878969869,EU,P1 (2005-2012),STAGFLATION
EXI5.DE,EXV2.DE,0.594772121618737,EU,P1 (2005-2012),STAGFLATION
EXV9.DE,EXV2.DE,0.6388684059441527,EU,P1 (2005-2012),STAGFLATION
EXV7.DE,EXV2.DE,0.666585094212716,EU,P1 (2005-2012),STAGFLATION
SXRS.DE,EXV2.DE,,EU,P1 (2005-2012),STAGFLATION
EXV3.DE,EXW1.DE,0.8034863811554962,EU,P1 (2005-2012),STAGFLATION
EXV8.DE,EXW1.DE,0.8171488935786095,EU,P1 (2005-2012),STAGFLATION
EXV1.DE,EXW1.DE,0.8751128189698406,EU,P1 (2005-2012),STAGFLATION
EXV5.DE,EXW1.DE,0.3965511252673482,EU,P1 (2005-2012),STAGFLATION
EXV6.DE,EXW1.DE,0.8067557212234076,EU,P1 (2005-2012),STAGFLATION
EXV4.DE,EXW1.DE,0.6462878965636466,EU,P1 (2005-2012),STAGFLATION
EXV2.DE,EXW1.DE,0.8078683878969869,EU,P1 (2005-2012),STAGFLATION
EXW1.DE,EXW1.DE,1.0,EU,P1 (2005-2012),STAGFLATION
EXI5.DE,EXW1.DE,0.6892037611250534,EU,P1 (2005-2012),STAGFLATION
EXV9.DE,EXW1.DE,0.6843522350642376,EU,P1 (2005-2012),STAGFLATION
EXV7.DE,EXW1.DE,0.8289842901955755,EU,P1 (2005-2012),STAGFLATION
SXRS.DE,EXW1.DE,,EU,P1 (2005-2012),STAGFLATION
EXV3.DE,EXI5.DE,0.6363679063318686,EU,P1 (2005-2012),STAGFLATION
EXV8.DE,EXI5.DE,0.732633802593614,EU,P1 (2005-2012),STAGFLATION
EXV1.DE,EXI5.DE,0.6857195684353676,EU,P1 (2005-2012),STAGFLATION
EXV5.DE,EXI5.DE,0.31778794325944093,EU,P1 (2005-2012),STAGFLATION
EXV6.DE,EXI5.DE,0.5922989726879881,EU,P1 (2005-2012),STAGFLATION
EXV4.DE,EXI5.DE,0.4943991033341939,EU,P1 (2005-2012),STAGFLATION
EXV2.DE,EXI5.DE,0.594772121618737,EU,P1 (2005-2012),STAGFLATION
EXW1.DE,EXI5.DE,0.6892037611250534,EU,P1 (2005-2012),STAGFLATION
EXI5.DE,EXI5.DE,1.0,EU,P1 (2005-2012),STAGFLATION
EXV9.DE,EXI5.DE,0.6276547445354976,EU,P1 (2005-2012),STAGFLATION
EXV7.DE,EXI5.DE,0.5863045606420578,EU,P1 (2005-2012),STAGFLATION
SXRS.DE,EXI5.DE,,EU,P1 (2005-2012),STAGFLATION
EXV3.DE,EXV9.DE,0.6594994432639261,EU,P1 (2005-2012),STAGFLATION
EXV8.DE,EXV9.DE,0.7092210453698179,EU,P1 (2005-2012),STAGFLATION
EXV1.DE,EXV9.DE,0.6621384722820266,EU,P1 (2005-2012),STAGFLATION
EXV5.DE,EXV9.DE,0.26556325686858484,EU,P1 (2005-2012),STAGFLATION
EXV6.DE,EXV9.DE,0.5644259965276941,EU,P1 (2005-2012),STAGFLATION
EXV4.DE,EXV9.DE,0.4867947958001922,EU,P1 (2005-2012),STAGFLATION
EXV2.DE,EXV9.DE,0.6388684059441527,EU,P1 (2005-2012),STAGFLATION
EXW1.DE,EXV9.DE,0.6843522350642376,EU,P1 (2005-2012),STAGFLATION
EXI5.DE,EXV9.DE,0.6276547445354976,EU,P1 (2005-2012),STAGFLATION
EXV9.DE,EXV9.DE,1.0,EU,P1 (2005-2012),STAGFLATION
EXV7.DE,EXV9.DE,0.6237730214250138,EU,P1 (2005-2012),STAGFLATION
SXRS.DE,EXV9.DE,,EU,P1 (2005-2012),STAGFLATION
EXV3.DE,EXV7.DE,0.7447030671812684,EU,P1 (2005-2012),STAGFLATION
EXV8.DE,EXV7.DE,0.7635551920541352,EU,P1 (2005-2012),STAGFLATION
EXV1.DE,EXV7.DE,0.727304789106938,EU,P1 (2005-2012),STAGFLATION
EXV5.DE,EXV7.DE,0.25292634818516946,EU,P1 (2005-2012),STAGFLATION
EXV6.DE,EXV7.DE,0.7781928607053201,EU,P1 (2005-2012),STAGFLATION
EXV4.DE,EXV7.DE,0.5444306508283027,EU,P1 (2005-2012),STAGFLATION
EXV2.DE,EXV7.DE,0.666585094212716,EU,P1 (2005-2012),STAGFLATION
EXW1.DE,EXV7.DE,0.8289842901955755,EU,P1 (2005-2012),STAGFLATION
EXI5.DE,EXV7.DE,0.5863045606420578,EU,P1 (2005-2012),STAGFLATION
EXV9.DE,EXV7.DE,0.6237730214250138,EU,P1 (2005-2012),STAGFLATION
EXV7.DE,EXV7.DE,1.0,EU,P1 (2005-2012),STAGFLATION
SXRS.DE,EXV7.DE,,EU,P1 (2005-2012),STAGFLATION
EXV3.DE,SXRS.DE,,EU,P1 (2005-2012),STAGFLATION
EXV8.DE,SXRS.DE,,EU,P1 (2005-2012),STAGFLATION
EXV1.DE,SXRS.DE,,EU,P1 (2005-2012),STAGFLATION
EXV5.DE,SXRS.DE,,EU,P1 (2005-2012),STAGFLATION
EXV6.DE,SXRS.DE,,EU,P1 (2005-2012),STAGFLATION
EXV4.DE,SXRS.DE,,EU,P1 (2005-2012),STAGFLATION
EXV2.DE,SXRS.DE,,EU,P1 (2005-2012),STAGFLATION
EXW1.DE,SXRS.DE,,EU,P1 (2005-2012),STAGFLATION
EXI5.DE,SXRS.DE,,EU,P1 (2005-2012),STAGFLATION
EXV9.DE,SXRS.DE,,EU,P1 (2005-2012),STAGFLATION
EXV7.DE,SXRS.DE,,EU,P1 (2005-2012),STAGFLATION
SXRS.DE,SXRS.DE,,EU,P1 (2005-2012),STAGFLATION
EXV3.DE,EXV3.DE,1.0,EU,P1 (2005-2012),DEFLATION
EXV8.DE,EXV3.DE,0.6777810816767676,EU,P1 (2005-2012),DEFLATION
EXV1.DE,EXV3.DE,0.6948165036151193,EU,P1 (2005-2012),DEFLATION
EXV5.DE,EXV3.DE,0.7040789131141042,EU,P1 (2005-2012),DEFLATION
EXV6.DE,EXV3.DE,0.6696565750966091,EU,P1 (2005-2012),DEFLATION
EXV4.DE,EXV3.DE,0.5203251517946341,EU,P1 (2005-2012),DEFLATION
EXV2.DE,EXV3.DE,0.5840561445463863,EU,P1 (2005-2012),DEFLATION
EXW1.DE,EXV3.DE,0.7183282295327843,EU,P1 (2005-2012),DEFLATION
EXI5.DE,EXV3.DE,0.5306444038357436,EU,P1 (2005-2012),DEFLATION
EXV9.DE,EXV3.DE,0.48573734038902994,EU,P1 (2005-2012),DEFLATION
EXV7.DE,EXV3.DE,0.6473826413326872,EU,P1 (2005-2012),DEFLATION
SXRS.DE,EXV3.DE,,EU,P1 (2005-2012),DEFLATION
EXV3.DE,EXV8.DE,0.6777810816767676,EU,P1 (2005-2012),DEFLATION
EXV8.DE,EXV8.DE,1.0,EU,P1 (2005-2012),DEFLATION
EXV1.DE,EXV8.DE,0.6956178301372973,EU,P1 (2005-2012),DEFLATION
EXV5.DE,EXV8.DE,0.7059038934191658,EU,P1 (2005-2012),DEFLATION
EXV6.DE,EXV8.DE,0.6797031429274983,EU,P1 (2005-2012),DEFLATION
EXV4.DE,EXV8.DE,0.34867400839611984,EU,P1 (2005-2012),DEFLATION
EXV2.DE,EXV8.DE,0.5021326035170224,EU,P1 (2005-2012),DEFLATION
EXW1.DE,EXV8.DE,0.7422495040743358,EU,P1 (2005-2012),DEFLATION
EXI5.DE,EXV8.DE,0.6282554756311712,EU,P1 (2005-2012),DEFLATION
EXV9.DE,EXV8.DE,0.5888722676677899,EU,P1 (2005-2012),DEFLATION
EXV7.DE,EXV8.DE,0.6999029641919733,EU,P1 (2005-2012),DEFLATION
SXRS.DE,EXV8.DE,,EU,P1 (2005-2012),DEFLATION
EXV3.DE,EXV1.DE,0.6948165036151193,EU,P1 (2005-2012),DEFLATION
EXV8.DE,EXV1.DE,0.6956178301372973,EU,P1 (2005-2012),DEFLATION
EXV1.DE,EXV1.DE,1.0,EU,P1 (2005-2012),DEFLATION
EXV5.DE,EXV1.DE,0.6623295460666332,EU,P1 (2005-2012),DEFLATION
EXV6.DE,EXV1.DE,0.7330139989581272,EU,P1 (2005-2012),DEFLATION
EXV4.DE,EXV1.DE,0.41736154786658364,EU,P1 (2005-2012),DEFLATION
EXV2.DE,EXV1.DE,0.6846726900080247,EU,P1 (2005-2012),DEFLATION
EXW1.DE,EXV1.DE,0.892492976285154,EU,P1 (2005-2012),DEFLATION
EXI5.DE,EXV1.DE,0.5988153639229271,EU,P1 (2005-2012),DEFLATION
EXV9.DE,EXV1.DE,0.4315348324608986,EU,P1 (2005-2012),DEFLATION
EXV7.DE,EXV1.DE,0.6727829586296209,EU,P1 (2005-2012),DEFLATION
SXRS.DE,EXV1.DE,,EU,P1 (2005-2012),DEFLATION
EXV3.DE,EXV5.DE,0.7040789131141042,EU,P1 (2005-2012),DEFLATION
EXV8.DE,EXV5.DE,0.7059038934191658,EU,P1 (2005-2012),DEFLATION
EXV1.DE,EXV5.DE,0.6623295460666332,EU,P1 (2005-2012),DEFLATION
EXV5.DE,EXV5.DE,1.0,EU,P1 (2005-2012),DEFLATION
EXV6.DE,EXV5.DE,0.6595068314030544,EU,P1 (2005-2012),DEFLATION
EXV4.DE,EXV5.DE,0.43411835149128436,EU,P1 (2005-2012),DEFLATION
EXV2.DE,EXV5.DE,0.5162307870195797,EU,P1 (2005-2012),DEFLATION
EXW1.DE,EXV5.DE,0.7345971897694559,EU,P1 (2005-2012),DEFLATION
EXI5.DE,EXV5.DE,0.5715464908135033,EU,P1 (2005-2012),DEFLATION
EXV9.DE,EXV5.DE,0.48625427699897394,EU,P1 (2005-2012),DEFLATION
EXV7.DE,EXV5.DE,0.7346867481997328,EU,P1 (2005-2012),DEFLATION
SXRS.DE,EXV5.DE,,EU,P1 (2005-2012),DEFLATION
EXV3.DE,EXV6.DE,0.6696565750966091,EU,P1 (2005-2012),DEFLATION
EXV8.DE,EXV6.DE,0.6797031429274983,EU,P1 (2005-2012),DEFLATION
EXV1.DE,EXV6.DE,0.7330139989581272,EU,P1 (2005-2012),DEFLATION
EXV5.DE,EXV6.DE,0.6595068314030544,EU,P1 (2005-2012),DEFLATION
EXV6.DE,EXV6.DE,1.0,EU,P1 (2005-2012),DEFLATION
EXV4.DE,EXV6.DE,0.3733322273156011,EU,P1 (2005-2012),DEFLATION
EXV2.DE,EXV6.DE,0.5014299977389625,EU,P1 (2005-2012),DEFLATION
EXW1.DE,EXV6.DE,0.7800812644809266,EU,P1 (2005-2012),DEFLATION
EXI5.DE,EXV6.DE,0.5726002428351644,EU,P1 (2005-2012),DEFLATION
EXV9.DE,EXV6.DE,0.5078320594814525,EU,P1 (2005-2012),DEFLATION
EXV7.DE,EXV6.DE,0.6778290078581957,EU,P1 (2005-2012),DEFLATION
SXRS.DE,EXV6.DE,,EU,P1 (2005-2012),DEFLATION
EXV3.DE,EXV4.DE,0.5203251517946341,EU,P1 (2005-2012),DEFLATION
EXV8.DE,EXV4.DE,0.34867400839611984,EU,P1 (2005-2012),DEFLATION
EXV1.DE,EXV4.DE,0.41736154786658364,EU,P1 (2005-2012),DEFLATION
EXV5.DE,EXV4.DE,0.43411835149128436,EU,P1 (2005-2012),DEFLATION
EXV6.DE,EXV4.DE,0.3733322273156011,EU,P1 (2005-2012),DEFLATION
EXV4.DE,EXV4.DE,1.0,EU,P1 (2005-2012),DEFLATION
EXV2.DE,EXV4.DE,0.5854470615901901,EU,P1 (2005-2012),DEFLATION
EXW1.DE,EXV4.DE,0.5387849032219622,EU,P1 (2005-2012),DEFLATION
EXI5.DE,EXV4.DE,0.2806791482145661,EU,P1 (2005-2012),DEFLATION
EXV9.DE,EXV4.DE,0.30632855420980276,EU,P1 (2005-2012),DEFLATION
EXV7.DE,EXV4.DE,0.5514385806400395,EU,P1 (2005-2012),DEFLATION
SXRS.DE,EXV4.DE,,EU,P1 (2005-2012),DEFLATION
EXV3.DE,EXV2.DE,0.5840561445463863,EU,P1 (2005-2012),DEFLATION
EXV8.DE,EXV2.DE,0.5021326035170224,EU,P1 (2005-2012),DEFLATION
EXV1.DE,EXV2.DE,0.6846726900080247,EU,P1 (2005-2012),DEFLATION
EXV5.DE,EXV2.DE,0.5162307870195797,EU,P1 (2005-2012),DEFLATION
EXV6.DE,EXV2.DE,0.5014299977389625,EU,P1 (2005-2012),DEFLATION
EXV4.DE,EXV2.DE,0.5854470615901901,EU,P1 (2005-2012),DEFLATION
EXV2.DE,EXV2.DE,1.0,EU,P1 (2005-2012),DEFLATION
EXW1.DE,EXV2.DE,0.7303315899700796,EU,P1 (2005-2012),DEFLATION
EXI5.DE,EXV2.DE,0.5038712071472699,EU,P1 (2005-2012),DEFLATION
EXV9.DE,EXV2.DE,0.4392766830789623,EU,P1 (2005-2012),DEFLATION
EXV7.DE,EXV2.DE,0.5681598443441308,EU,P1 (2005-2012),DEFLATION
SXRS.DE,EXV2.DE,,EU,P1 (2005-2012),DEFLATION
EXV3.DE,EXW1.DE,0.7183282295327843,EU,P1 (2005-2012),DEFLATION
EXV8.DE,EXW1.DE,0.7422495040743358,EU,P1 (2005-2012),DEFLATION
EXV1.DE,EXW1.DE,0.892492976285154,EU,P1 (2005-2012),DEFLATION
EXV5.DE,EXW1.DE,0.7345971897694559,EU,P1 (2005-2012),DEFLATION
EXV6.DE,EXW1.DE,0.7800812644809266,EU,P1 (2005-2012),DEFLATION
EXV4.DE,EXW1.DE,0.5387849032219622,EU,P1 (2005-2012),DEFLATION
EXV2.DE,EXW1.DE,0.7303315899700796,EU,P1 (2005-2012),DEFLATION
EXW1.DE,EXW1.DE,1.0,EU,P1 (2005-2012),DEFLATION
EXI5.DE,EXW1.DE,0.5921273190982103,EU,P1 (2005-2012),DEFLATION
EXV9.DE,EXW1.DE,0.4569991527939307,EU,P1 (2005-2012),DEFLATION
EXV7.DE,EXW1.DE,0.7614795262899857,EU,P1 (2005-2012),DEFLATION
SXRS.DE,EXW1.DE,,EU,P1 (2005-2012),DEFLATION
EXV3.DE,EXI5.DE,0.5306444038357436,EU,P1 (2005-2012),DEFLATION
EXV8.DE,EXI5.DE,0.6282554756311712,EU,P1 (2005-2012),DEFLATION
EXV1.DE,EXI5.DE,0.5988153639229271,EU,P1 (2005-2012),DEFLATION
EXV5.DE,EXI5.DE,0.5715464908135033,EU,P1 (2005-2012),DEFLATION
EXV6.DE,EXI5.DE,0.5726002428351644,EU,P1 (2005-2012),DEFLATION
EXV4.DE,EXI5.DE,0.2806791482145661,EU,P1 (2005-2012),DEFLATION
EXV2.DE,EXI5.DE,0.5038712071472699,EU,P1 (2005-2012),DEFLATION
EXW1.DE,EXI5.DE,0.5921273190982103,EU,P1 (2005-2012),DEFLATION
EXI5.DE,EXI5.DE,1.0,EU,P1 (2005-2012),DEFLATION
EXV9.DE,EXI5.DE,0.5405059644587523,EU,P1 (2005-2012),DEFLATION
EXV7.DE,EXI5.DE,0.5279938620265501,EU,P1 (2005-2012),DEFLATION
SXRS.DE,EXI5.DE,,EU,P1 (2005-2012),DEFLATION
EXV3.DE,EXV9.DE,0.48573734038902994,EU,P1 (2005-2012),DEFLATION
EXV8.DE,EXV9.DE,0.5888722676677899,EU,P1 (2005-2012),DEFLATION
EXV1.DE,EXV9.DE,0.4315348324608986,EU,P1 (2005-2012),DEFLATION
EXV5.DE,EXV9.DE,0.48625427699897394,EU,P1 (2005-2012),DEFLATION
EXV6.DE,EXV9.DE,0.5078320594814525,EU,P1 (2005-2012),DEFLATION
EXV4.DE,EXV9.DE,0.30632855420980276,EU,P1 (2005-2012),DEFLATION
EXV2.DE,EXV9.DE,0.4392766830789623,EU,P1 (2005-2012),DEFLATION
EXW1.DE,EXV9.DE,0.4569991527939307,EU,P1 (2005-2012),DEFLATION
EXI5.DE,EXV9.DE,0.5405059644587523,EU,P1 (2005-2012),DEFLATION
EXV9.DE,EXV9.DE,1.0,EU,P1 (2005-2012),DEFLATION
EXV7.DE,EXV9.DE,0.4477758841137875,EU,P1 (2005-2012),DEFLATION
SXRS.DE,EXV9.DE,,EU,P1 (2005-2012),DEFLATION
EXV3.DE,EXV7.DE,0.6473826413326872,EU,P1 (2005-2012),DEFLATION
EXV8.DE,EXV7.DE,0.6999029641919733,EU,P1 (2005-2012),DEFLATION
EXV1.DE,EXV7.DE,0.6727829586296209,EU,P1 (2005-2012),DEFLATION
EXV5.DE,EXV7.DE,0.7346867481997328,EU,P1 (2005-2012),DEFLATION
EXV6.DE,EXV7.DE,0.6778290078581957,EU,P1 (2005-2012),DEFLATION
EXV4.DE,EXV7.DE,0.5514385806400395,EU,P1 (2005-2012),DEFLATION
EXV2.DE,EXV7.DE,0.5681598443441308,EU,P1 (2005-2012),DEFLATION
EXW1.DE,EXV7.DE,0.7614795262899857,EU,P1 (2005-2012),DEFLATION
EXI5.DE,EXV7.DE,0.5279938620265501,EU,P1 (2005-2012),DEFLATION
EXV9.DE,EXV7.DE,0.4477758841137875,EU,P1 (2005-2012),DEFLATION
EXV7.DE,EXV7.DE,1.0,EU,P1 (2005-2012),DEFLATION
SXRS.DE,EXV7.DE,,EU,P1 (2005-2012),DEFLATION
EXV3.DE,SXRS.DE,,EU,P1 (2005-2012),DEFLATION
EXV8.DE,SXRS.DE,,EU,P1 (2005-2012),DEFLATION
EXV1.DE,SXRS.DE,,EU,P1 (2005-2012),DEFLATION
EXV5.DE,SXRS.DE,,EU,P1 (2005-2012),DEFLATION
EXV6.DE,SXRS.DE,,EU,P1 (2005-2012),DEFLATION
EXV4.DE,SXRS.DE,,EU,P1 (2005-2012),DEFLATION
EXV2.DE,SXRS.DE,,EU,P1 (2005-2012),DEFLATION
EXW1.DE,SXRS.DE,,EU,P1 (2005-2012),DEFLATION
EXI5.DE,SXRS.DE,,EU,P1 (2005-2012),DEFLATION
EXV9.DE,SXRS.DE,,EU,P1 (2005-2012),DEFLATION
EXV7.DE,SXRS.DE,,EU,P1 (2005-2012),DEFLATION
SXRS.DE,SXRS.DE,,EU,P1 (2005-2012),DEFLATION
EXV3.DE,EXV3.DE,1.0,EU,P2 (2013-2019),GOLDILOCKS
EXV8.DE,EXV3.DE,0.7165596337733571,EU,P2 (2013-2019),GOLDILOCKS
EXV1.DE,EXV3.DE,0.5605219711955286,EU,P2 (2013-2019),GOLDILOCKS
EXV5.DE,EXV3.DE,0.646876620138225,EU,P2 (2013-2019),GOLDILOCKS
EXV6.DE,EXV3.DE,0.43841313336779153,EU,P2 (2013-2019),GOLDILOCKS
EXV4.DE,EXV3.DE,0.5801603669015198,EU,P2 (2013-2019),GOLDILOCKS
EXV2.DE,EXV3.DE,0.549676575277306,EU,P2 (2013-2019),GOLDILOCKS
EXW1.DE,EXV3.DE,0.7445934044970649,EU,P2 (2013-2019),GOLDILOCKS
EXI5.DE,EXV3.DE,0.48461619293583963,EU,P2 (2013-2019),GOLDILOCKS
EXV9.DE,EXV3.DE,0.6344022563551668,EU,P2 (2013-2019),GOLDILOCKS
EXV7.DE,EXV3.DE,0.7166809046360891,EU,P2 (2013-2019),GOLDILOCKS
SXRS.DE,EXV3.DE,0.13987122616698125,EU,P2 (2013-2019),GOLDILOCKS
EXV3.DE,EXV8.DE,0.7165596337733571,EU,P2 (2013-2019),GOLDILOCKS
EXV8.DE,EXV8.DE,1.0,EU,P2 (2013-2019),GOLDILOCKS
EXV1.DE,EXV8.DE,0.7176380861245703,EU,P2 (2013-2019),GOLDILOCKS
EXV5.DE,EXV8.DE,0.7183643412487759,EU,P2 (2013-2019),GOLDILOCKS
EXV6.DE,EXV8.DE,0.5413096465585973,EU,P2 (2013-2019),GOLDILOCKS
EXV4.DE,EXV8.DE,0.596016077371203,EU,P2 (2013-2019),GOLDILOCKS
EXV2.DE,EXV8.DE,0.6405836186185944,EU,P2 (2013-2019),GOLDILOCKS
EXW1.DE,EXV8.DE,0.8622487952238036,EU,P2 (2013-2019),GOLDILOCKS
EXI5.DE,EXV8.DE,0.5471738181719854,EU,P2 (2013-2019),GOLDILOCKS
EXV9.DE,EXV8.DE,0.6414262841974805,EU,P2 (2013-2019),GOLDILOCKS
EXV7.DE,EXV8.DE,0.7857798537612215,EU,P2 (2013-2019),GOLDILOCKS
SXRS.DE,EXV8.DE,0.1254473589261886,EU,P2 (2013-2019),GOLDILOCKS
EXV3.DE,EXV1.DE,0.5605219711955286,EU,P2 (2013-2019),GOLDILOCKS
EXV8.DE,EXV1.DE,0.7176380861245703,EU,P2 (2013-2019),GOLDILOCKS
EXV1.DE,EXV1.DE,1.0,EU,P2 (2013-2019),GOLDILOCKS
EXV5.DE,EXV1.DE,0.6969997469287468,EU,P2 (2013-2019),GOLDILOCKS
EXV6.DE,EXV1.DE,0.5267223603989657,EU,P2 (2013-2019),GOLDILOCKS
EXV4.DE,EXV1.DE,0.4186652965747312,EU,P2 (2013-2019),GOLDILOCKS
EXV2.DE,EXV1.DE,0.5978538373515796,EU,P2 (2013-2019),GOLDILOCKS
EXW1.DE,EXV1.DE,0.8171160026225437,EU,P2 (2013-2019),GOLDILOCKS
EXI5.DE,EXV1.DE,0.37262999202238023,EU,P2 (2013-2019),GOLDILOCKS
EXV9.DE,EXV1.DE,0.5409829692553197,EU,P2 (2013-2019),GOLDILOCKS
EXV7.DE,EXV1.DE,0.6370918669672396,EU,P2 (2013-2019),GOLDILOCKS
SXRS.DE,EXV1.DE,0.14708993101521783,EU,P2 (2013-2019),GOLDILOCKS
EXV3.DE,EXV5.DE,0.646876620138225,EU,P2 (2013-2019),GOLDILOCKS
EXV8.DE,EXV5.DE,0.7183643412487759,EU,P2 (2013-2019),GOLDILOCKS
EXV1.DE,EXV5.DE,0.6969997469287468,EU,P2 (2013-2019),GOLDILOCKS
EXV5.DE,EXV5.DE,1.0,EU,P2 (2013-2019),GOLDILOCKS
EXV6.DE,EXV5.DE,0.5082468355592727,EU,P2 (2013-2019),GOLDILOCKS
EXV4.DE,EXV5.DE,0.4535581290500271,EU,P2 (2013-2019),GOLDILOCKS
EXV2.DE,EXV5.DE,0.5456869512560261,EU,P2 (2013-2019),GOLDILOCKS
EXW1.DE,EXV5.DE,0.7909902713612132,EU,P2 (2013-2019),GOLDILOCKS
EXI5.DE,EXV5.DE,0.4591308342121161,EU,P2 (2013-2019),GOLDILOCKS
EXV9.DE,EXV5.DE,0.6036742820760577,EU,P2 (2013-2019),GOLDILOCKS
EXV7.DE,EXV5.DE,0.7313884202012473,EU,P2 (2013-2019),GOLDILOCKS
SXRS.DE,EXV5.DE,0.1446227691594537,EU,P2 (2013-2019),GOLDILOCKS
EXV3.DE,EXV6.DE,0.43841313336779153,EU,P2 (2013-2019),GOLDILOCKS
EXV8.DE,EXV6.DE,0.5413096465585973,EU,P2 (2013-2019),GOLDILOCKS
EXV1.DE,EXV6.DE,0.5267223603989657,EU,P2 (2013-2019),GOLDILOCKS
EXV5.DE,EXV6.DE,0.5082468355592727,EU,P2 (2013-2019),GOLDILOCKS
EXV6.DE,EXV6.DE,1.0,EU,P2 (2013-2019),GOLDILOCKS
EXV4.DE,EXV6.DE,0.313545988850641,EU,P2 (2013-2019),GOLDILOCKS
EXV2.DE,EXV6.DE,0.3691012885233058,EU,P2 (2013-2019),GOLDILOCKS
EXW1.DE,EXV6.DE,0.5275841755918868,EU,P2 (2013-2019),GOLDILOCKS
EXI5.DE,EXV6.DE,0.3008638173510301,EU,P2 (2013-2019),GOLDILOCKS
EXV9.DE,EXV6.DE,0.3601582303013311,EU,P2 (2013-2019),GOLDILOCKS
EXV7.DE,EXV6.DE,0.5263407335249652,EU,P2 (2013-2019),GOLDILOCKS
SXRS.DE,EXV6.DE,0.18229230929985027,EU,P2 (2013-2019),GOLDILOCKS
EXV3.DE,EXV4.DE,0.5801603669015198,EU,P2 (2013-2019),GOLDILOCKS
EXV8.DE,EXV4.DE,0.596016077371203,EU,P2 (2013-2019),GOLDILOCKS
EXV1.DE,EXV4.DE,0.4186652965747312,EU,P2 (2013-2019),GOLDILOCKS
EXV5.DE,EXV4.DE,0.4535581290500271,EU,P2 (2013-2019),GOLDILOCKS
EXV6.DE,EXV4.DE,0.313545988850641,EU,P2 (2013-2019),GOLDILOCKS
EXV4.DE,EXV4.DE,1.0,EU,P2 (2013-2019),GOLDILOCKS
EXV2.DE,EXV4.DE,0.5403635149899616,EU,P2 (2013-2019),GOLDILOCKS
EXW1.DE,EXV4.DE,0.6377581639344709,EU,P2 (2013-2019),GOLDILOCKS
EXI5.DE,EXV4.DE,0.5103332367585284,EU,P2 (2013-2019),GOLDILOCKS
EXV9.DE,EXV4.DE,0.5625932207533761,EU,P2 (2013-2019),GOLDILOCKS
EXV7.DE,EXV4.DE,0.6464429469046125,EU,P2 (2013-2019),GOLDILOCKS
SXRS.DE,EXV4.DE,0.07636566153024058,EU,P2 (2013-2019),GOLDILOCKS
EXV3.DE,EXV2.DE,0.549676575277306,EU,P2 (2013-2019),GOLDILOCKS
EXV8.DE,EXV2.DE,0.6405836186185944,EU,P2 (2013-2019),GOLDILOCKS
EXV1.DE,EXV2.DE,0.5978538373515796,EU,P2 (2013-2019),GOLDILOCKS
EXV5.DE,EXV2.DE,0.5456869512560261,EU,P2 (2013-2019),GOLDILOCKS
EXV6.DE,EXV2.DE,0.3691012885233058,EU,P2 (2013-2019),GOLDILOCKS
EXV4.DE,EXV2.DE,0.5403635149899616,EU,P2 (2013-2019),GOLDILOCKS
EXV2.DE,EXV2.DE,1.0,EU,P2 (2013-2019),GOLDILOCKS
EXW1.DE,EXV2.DE,0.7231437151002561,EU,P2 (2013-2019),GOLDILOCKS
EXI5.DE,EXV2.DE,0.5566997023278002,EU,P2 (2013-2019),GOLDILOCKS
EXV9.DE,EXV2.DE,0.5582689832273858,EU,P2 (2013-2019),GOLDILOCKS
EXV7.DE,EXV2.DE,0.5912170045461961,EU,P2 (2013-2019),GOLDILOCKS
SXRS.DE,EXV2.DE,0.0851919521934406,EU,P2 (2013-2019),GOLDILOCKS
EXV3.DE,EXW1.DE,0.7445934044970649,EU,P2 (2013-2019),GOLDILOCKS
EXV8.DE,EXW1.DE,0.8622487952238036,EU,P2 (2013-2019),GOLDILOCKS
EXV1.DE,EXW1.DE,0.8171160026225437,EU,P2 (2013-2019),GOLDILOCKS
EXV5.DE,EXW1.DE,0.7909902713612132,EU,P2 (2013-2019),GOLDILOCKS
EXV6.DE,EXW1.DE,0.5275841755918868,EU,P2 (2013-2019),GOLDILOCKS
EXV4.DE,EXW1.DE,0.6377581639344709,EU,P2 (2013-2019),GOLDILOCKS
EXV2.DE,EXW1.DE,0.7231437151002561,EU,P2 (2013-2019),GOLDILOCKS
EXW1.DE,EXW1.DE,1.0,EU,P2 (2013-2019),GOLDILOCKS
EXI5.DE,EXW1.DE,0.5570851973934661,EU,P2 (2013-2019),GOLDILOCKS
EXV9.DE,EXW1.DE,0.6368066253839256,EU,P2 (2013-2019),GOLDILOCKS
EXV7.DE,EXW1.DE,0.8556801683476942,EU,P2 (2013-2019),GOLDILOCKS
SXRS.DE,EXW1.DE,0.1353146957528779,EU,P2 (2013-2019),GOLDILOCKS
EXV3.DE,EXI5.DE,0.48461619293583963,EU,P2 (2013-2019),GOLDILOCKS
EXV8.DE,EXI5.DE,0.5471738181719854,EU,P2 (2013-2019),GOLDILOCKS
EXV1.DE,EXI5.DE,0.37262999202238023,EU,P2 (2013-2019),GOLDILOCKS
EXV5.DE,EXI5.DE,0.4591308342121161,EU,P2 (2013-2019),GOLDILOCKS
EXV6.DE,EXI5.DE,0.3008638173510301,EU,P2 (2013-2019),GOLDILOCKS
EXV4.DE,EXI5.DE,0.5103332367585284,EU,P2 (2013-2019),GOLDILOCKS
EXV2.DE,EXI5.DE,0.5566997023278002,EU,P2 (2013-2019),GOLDILOCKS
EXW1.DE,EXI5.DE,0.5570851973934661,EU,P2 (2013-2019),GOLDILOCKS
EXI5.DE,EXI5.DE,1.0,EU,P2 (2013-2019),GOLDILOCKS
EXV9.DE,EXI5.DE,0.5494651991183814,EU,P2 (2013-2019),GOLDILOCKS
EXV7.DE,EXI5.DE,0.516285384278232,EU,P2 (2013-2019),GOLDILOCKS
SXRS.DE,EXI5.DE,0.005955813858228449,EU,P2 (2013-2019),GOLDILOCKS
EXV3.DE,EXV9.DE,0.6344022563551668,EU,P2 (2013-2019),GOLDILOCKS
EXV8.DE,EXV9.DE,0.6414262841974805,EU,P2 (2013-2019),GOLDILOCKS
EXV1.DE,EXV9.DE,0.5409829692553197,EU,P2 (2013-2019),GOLDILOCKS
EXV5.DE,EXV9.DE,0.6036742820760577,EU,P2 (2013-2019),GOLDILOCKS
EXV6.DE,EXV9.DE,0.3601582303013311,EU,P2 (2013-2019),GOLDILOCKS
EXV4.DE,EXV9.DE,0.5625932207533761,EU,P2 (2013-2019),GOLDILOCKS
EXV2.DE,EXV9.DE,0.5582689832273858,EU,P2 (2013-2019),GOLDILOCKS
EXW1.DE,EXV9.DE,0.6368066253839256,EU,P2 (2013-2019),GOLDILOCKS
EXI5.DE,EXV9.DE,0.5494651991183814,EU,P2 (2013-2019),GOLDILOCKS
EXV9.DE,EXV9.DE,1.0,EU,P2 (2013-2019),GOLDILOCKS
EXV7.DE,EXV9.DE,0.6156098934687577,EU,P2 (2013-2019),GOLDILOCKS
SXRS.DE,EXV9.DE,0.07709873844053423,EU,P2 (2013-2019),GOLDILOCKS
EXV3.DE,EXV7.DE,0.7166809046360891,EU,P2 (2013-2019),GOLDILOCKS
EXV8.DE,EXV7.DE,0.7857798537612215,EU,P2 (2013-2019),GOLDILOCKS
EXV1.DE,EXV7.DE,0.6370918669672396,EU,P2 (2013-2019),GOLDILOCKS
EXV5.DE,EXV7.DE,0.7313884202012473,EU,P2 (2013-2019),GOLDILOCKS
EXV6.DE,EXV7.DE,0.5263407335249652,EU,P2 (2013-2019),GOLDILOCKS
EXV4.DE,EXV7.DE,0.6464429469046125,EU,P2 (2013-2019),GOLDILOCKS
EXV2.DE,EXV7.DE,0.5912170045461961,EU,P2 (2013-2019),GOLDILOCKS
EXW1.DE,EXV7.DE,0.8556801683476942,EU,P2 (2013-2019),GOLDILOCKS
EXI5.DE,EXV7.DE,0.516285384278232,EU,P2 (2013-2019),GOLDILOCKS
EXV9.DE,EXV7.DE,0.6156098934687577,EU,P2 (2013-2019),GOLDILOCKS
EXV7.DE,EXV7.DE,1.0,EU,P2 (2013-2019),GOLDILOCKS
SXRS.DE,EXV7.DE,0.14714012961127812,EU,P2 (2013-2019),GOLDILOCKS
EXV3.DE,SXRS.DE,0.13987122616698125,EU,P2 (2013-2019),GOLDILOCKS
EXV8.DE,SXRS.DE,0.1254473589261886,EU,P2 (2013-2019),GOLDILOCKS
EXV1.DE,SXRS.DE,0.14708993101521783,EU,P2 (2013-2019),GOLDILOCKS
EXV5.DE,SXRS.DE,0.1446227691594537,EU,P2 (2013-2019),GOLDILOCKS
EXV6.DE,SXRS.DE,0.18229230929985027,EU,P2 (2013-2019),GOLDILOCKS
EXV4.DE,SXRS.DE,0.07636566153024058,EU,P2 (2013-2019),GOLDILOCKS
EXV2.DE,SXRS.DE,0.0851919521934406,EU,P2 (2013-2019),GOLDILOCKS
EXW1.DE,SXRS.DE,0.1353146957528779,EU,P2 (2013-2019),GOLDILOCKS
EXI5.DE,SXRS.DE,0.005955813858228449,EU,P2 (2013-2019),GOLDILOCKS
EXV9.DE,SXRS.DE,0.07709873844053423,EU,P2 (2013-2019),GOLDILOCKS
EXV7.DE,SXRS.DE,0.14714012961127812,EU,P2 (2013-2019),GOLDILOCKS
SXRS.DE,SXRS.DE,1.0,EU,P2 (2013-2019),GOLDILOCKS
EXV3.DE,EXV3.DE,1.0,EU,P2 (2013-2019),REFLATION
EXV8.DE,EXV3.DE,0.9670469309122663,EU,P2 (2013-2019),REFLATION
EXV1.DE,EXV3.DE,0.8602507765083902,EU,P2 (2013-2019),REFLATION
EXV5.DE,EXV3.DE,0.8332872685962042,EU,P2 (2013-2019),REFLATION
EXV6.DE,EXV3.DE,0.7945116868164184,EU,P2 (2013-2019),REFLATION
EXV4.DE,EXV3.DE,0.9461290982206454,EU,P2 (2013-2019),REFLATION
EXV2.DE,EXV3.DE,0.8693292090269554,EU,P2 (2013-2019),REFLATION
EXW1.DE,EXV3.DE,0.9564679624539705,EU,P2 (2013-2019),REFLATION
EXI5.DE,EXV3.DE,0.7985569142096858,EU,P2 (2013-2019),REFLATION
EXV9.DE,EXV3.DE,0.7848755110730039,EU,P2 (2013-2019),REFLATION
EXV7.DE,EXV3.DE,0.9190906730357149,EU,P2 (2013-2019),REFLATION
SXRS.DE,EXV3.DE,,EU,P2 (2013-2019),REFLATION
EXV3.DE,EXV8.DE,0.9670469309122663,EU,P2 (2013-2019),REFLATION
EXV8.DE,EXV8.DE,1.0,EU,P2 (2013-2019),REFLATION
EXV1.DE,EXV8.DE,0.8862766453263811,EU,P2 (2013-2019),REFLATION
EXV5.DE,EXV8.DE,0.8372435980897738,EU,P2 (2013-2019),REFLATION
EXV6.DE,EXV8.DE,0.796976034697266,EU,P2 (2013-2019),REFLATION
EXV4.DE,EXV8.DE,0.9189972068232741,EU,P2 (2013-2019),REFLATION
EXV2.DE,EXV8.DE,0.8663030636089031,EU,P2 (2013-2019),REFLATION
EXW1.DE,EXV8.DE,0.9724991833506335,EU,P2 (2013-2019),REFLATION
EXI5.DE,EXV8.DE,0.8012495628618235,EU,P2 (2013-2019),REFLATION
EXV9.DE,EXV8.DE,0.8147580099383134,EU,P2 (2013-2019),REFLATION
EXV7.DE,EXV8.DE,0.9332776117976025,EU,P2 (2013-2019),REFLATION
SXRS.DE,EXV8.DE,,EU,P2 (2013-2019),REFLATION
EXV3.DE,EXV1.DE,0.8602507765083902,EU,P2 (2013-2019),REFLATION
EXV8.DE,EXV1.DE,0.8862766453263811,EU,P2 (2013-2019),REFLATION
EXV1.DE,EXV1.DE,1.0,EU,P2 (2013-2019),REFLATION
EXV5.DE,EXV1.DE,0.726224960666743,EU,P2 (2013-2019),REFLATION
EXV6.DE,EXV1.DE,0.7806937678703354,EU,P2 (2013-2019),REFLATION
EXV4.DE,EXV1.DE,0.8548451216295134,EU,P2 (2013-2019),REFLATION
EXV2.DE,EXV1.DE,0.8923131977059536,EU,P2 (2013-2019),REFLATION
EXW1.DE,EXV1.DE,0.9078170597757953,EU,P2 (2013-2019),REFLATION
EXI5.DE,EXV1.DE,0.8352830536771361,EU,P2 (2013-2019),REFLATION
EXV9.DE,EXV1.DE,0.8538866180940776,EU,P2 (2013-2019),REFLATION
EXV7.DE,EXV1.DE,0.7844340151939218,EU,P2 (2013-2019),REFLATION
SXRS.DE,EXV1.DE,,EU,P2 (2013-2019),REFLATION
EXV3.DE,EXV5.DE,0.8332872685962042,EU,P2 (2013-2019),REFLATION
EXV8.DE,EXV5.DE,0.8372435980897738,EU,P2 (2013-2019),REFLATION
EXV1.DE,EXV5.DE,0.726224960666743,EU,P2 (2013-2019),REFLATION
EXV5.DE,EXV5.DE,1.0,EU,P2 (2013-2019),REFLATION
EXV6.DE,EXV5.DE,0.7339809944698555,EU,P2 (2013-2019),REFLATION
EXV4.DE,EXV5.DE,0.7790788955715724,EU,P2 (2013-2019),REFLATION
EXV2.DE,EXV5.DE,0.7041025595888256,EU,P2 (2013-2019),REFLATION
EXW1.DE,EXV5.DE,0.900872587862948,EU,P2 (2013-2019),REFLATION
EXI5.DE,EXV5.DE,0.6913360363448608,EU,P2 (2013-2019),REFLATION
EXV9.DE,EXV5.DE,0.6636237463981811,EU,P2 (2013-2019),REFLATION
EXV7.DE,EXV5.DE,0.9353712897245333,EU,P2 (2013-2019),REFLATION
SXRS.DE,EXV5.DE,,EU,P2 (2013-2019),REFLATION
EXV3.DE,EXV6.DE,0.7945116868164184,EU,P2 (2013-2019),REFLATION
EXV8.DE,EXV6.DE,0.796976034697266,EU,P2 (2013-2019),REFLATION
EXV1.DE,EXV6.DE,0.7806937678703354,EU,P2 (2013-2019),REFLATION
EXV5.DE,EXV6.DE,0.7339809944698555,EU,P2 (2013-2019),REFLATION
EXV6.DE,EXV6.DE,1.0,EU,P2 (2013-2019),REFLATION
EXV4.DE,EXV6.DE,0.7789480435042773,EU,P2 (2013-2019),REFLATION
EXV2.DE,EXV6.DE,0.8076163525349523,EU,P2 (2013-2019),REFLATION
EXW1.DE,EXV6.DE,0.812886651391321,EU,P2 (2013-2019),REFLATION
EXI5.DE,EXV6.DE,0.6319930460617029,EU,P2 (2013-2019),REFLATION
EXV9.DE,EXV6.DE,0.7074313204098799,EU,P2 (2013-2019),REFLATION
EXV7.DE,EXV6.DE,0.8007690494560376,EU,P2 (2013-2019),REFLATION
SXRS.DE,EXV6.DE,,EU,P2 (2013-2019),REFLATION
EXV3.DE,EXV4.DE,0.9461290982206454,EU,P2 (2013-2019),REFLATION
EXV8.DE,EXV4.DE,0.9189972068232741,EU,P2 (2013-2019),REFLATION
EXV1.DE,EXV4.DE,0.8548451216295134,EU,P2 (2013-2019),REFLATION
EXV5.DE,EXV4.DE,0.7790788955715724,EU,P2 (2013-2019),REFLATION
EXV6.DE,EXV4.DE,0.7789480435042773,EU,P2 (2013-2019),REFLATION
EXV4.DE,EXV4.DE,1.0,EU,P2 (2013-2019),REFLATION
EXV2.DE,EXV4.DE,0.92322314850459,EU,P2 (2013-2019),REFLATION
EXW1.DE,EXV4.DE,0.9094846766825931,EU,P2 (2013-2019),REFLATION
EXI5.DE,EXV4.DE,0.8702554296788423,EU,P2 (2013-2019),REFLATION
EXV9.DE,EXV4.DE,0.8512509715191138,EU,P2 (2013-2019),REFLATION
EXV7.DE,EXV4.DE,0.8444344628103728,EU,P2 (2013-2019),REFLATION
SXRS.DE,EXV4.DE,,EU,P2 (2013-2019),REFLATION
EXV3.DE,EXV2.DE,0.8693292090269554,EU,P2 (2013-2019),REFLATION
EXV8.DE,EXV2.DE,0.8663030636089031,EU,P2 (2013-2019),REFLATION
EXV1.DE,EXV2.DE,0.8923131977059536,EU,P2 (2013-2019),REFLATION
EXV5.DE,EXV2.DE,0.7041025595888256,EU,P2 (2013-2019),REFLATION
EXV6.DE,EXV2.DE,0.8076163525349523,EU,P2 (2013-2019),REFLATION
EXV4.DE,EXV2.DE,0.92322314850459,EU,P2 (2013-2019),REFLATION
EXV2.DE,EXV2.DE,1.0,EU,P2 (2013-2019),REFLATION
EXW1.DE,EXV2.DE,0.8784460752658537,EU,P2 (2013-2019),REFLATION
EXI5.DE,EXV2.DE,0.8944059491166085,EU,P2 (2013-2019),REFLATION
EXV9.DE,EXV2.DE,0.8993150134550137,EU,P2 (2013-2019),REFLATION
EXV7.DE,EXV2.DE,0.7873839115475653,EU,P2 (2013-2019),REFLATION
SXRS.DE,EXV2.DE,,EU,P2 (2013-2019),REFLATION
EXV3.DE,EXW1.DE,0.9564679624539705,EU,P2 (2013-2019),REFLATION
EXV8.DE,EXW1.DE,0.9724991833506335,EU,P2 (2013-2019),REFLATION
EXV1.DE,EXW1.DE,0.9078170597757953,EU,P2 (2013-2019),REFLATION
EXV5.DE,EXW1.DE,0.900872587862948,EU,P2 (2013-2019),REFLATION
EXV6.DE,EXW1.DE,0.812886651391321,EU,P2 (2013-2019),REFLATION
EXV4.DE,EXW1.DE,0.9094846766825931,EU,P2 (2013-2019),REFLATION
EXV2.DE,EXW1.DE,0.8784460752658537,EU,P2 (2013-2019),REFLATION
EXW1.DE,EXW1.DE,1.0,EU,P2 (2013-2019),REFLATION
EXI5.DE,EXW1.DE,0.8128325477531833,EU,P2 (2013-2019),REFLATION
EXV9.DE,EXW1.DE,0.798958891548584,EU,P2 (2013-2019),REFLATION
EXV7.DE,EXW1.DE,0.9451645942602354,EU,P2 (2013-2019),REFLATION
SXRS.DE,EXW1.DE,,EU,P2 (2013-2019),REFLATION
EXV3.DE,EXI5.DE,0.7985569142096858,EU,P2 (2013-2019),REFLATION
EXV8.DE,EXI5.DE,0.8012495628618235,EU,P2 (2013-2019),REFLATION
EXV1.DE,EXI5.DE,0.8352830536771361,EU,P2 (2013-2019),REFLATION
EXV5.DE,EXI5.DE,0.6913360363448608,EU,P2 (2013-2019),REFLATION
EXV6.DE,EXI5.DE,0.6319930460617029,EU,P2 (2013-2019),REFLATION
EXV4.DE,EXI5.DE,0.8702554296788423,EU,P2 (2013-2019),REFLATION
EXV2.DE,EXI5.DE,0.8944059491166085,EU,P2 (2013-2019),REFLATION
EXW1.DE,EXI5.DE,0.8128325477531833,EU,P2 (2013-2019),REFLATION
EXI5.DE,EXI5.DE,1.0,EU,P2 (2013-2019),REFLATION
EXV9.DE,EXI5.DE,0.886096424116692,EU,P2 (2013-2019),REFLATION
EXV7.DE,EXI5.DE,0.7472505798895878,EU,P2 (2013-2019),REFLATION
SXRS.DE,EXI5.DE,,EU,P2 (2013-2019),REFLATION
EXV3.DE,EXV9.DE,0.7848755110730039,EU,P2 (2013-2019),REFLATION
EXV8.DE,EXV9.DE,0.8147580099383134,EU,P2 (2013-2019),REFLATION
EXV1.DE,EXV9.DE,0.8538866180940776,EU,P2 (2013-2019),REFLATION
EXV5.DE,EXV9.DE,0.6636237463981811,EU,P2 (2013-2019),REFLATION
EXV6.DE,EXV9.DE,0.7074313204098799,EU,P2 (2013-2019),REFLATION
EXV4.DE,EXV9.DE,0.8512509715191138,EU,P2 (2013-2019),REFLATION
EXV2.DE,EXV9.DE,0.8993150134550137,EU,P2 (2013-2019),REFLATION
EXW1.DE,EXV9.DE,0.798958891548584,EU,P2 (2013-2019),REFLATION
EXI5.DE,EXV9.DE,0.886096424116692,EU,P2 (2013-2019),REFLATION
EXV9.DE,EXV9.DE,1.0,EU,P2 (2013-2019),REFLATION
EXV7.DE,EXV9.DE,0.7558448209045685,EU,P2 (2013-2019),REFLATION
SXRS.DE,EXV9.DE,,EU,P2 (2013-2019),REFLATION
EXV3.DE,EXV7.DE,0.9190906730357149,EU,P2 (2013-2019),REFLATION
EXV8.DE,EXV7.DE,0.9332776117976025,EU,P2 (2013-2019),REFLATION
EXV1.DE,EXV7.DE,0.7844340151939218,EU,P2 (2013-2019),REFLATION
EXV5.DE,EXV7.DE,0.9353712897245333,EU,P2 (2013-2019),REFLATION
EXV6.DE,EXV7.DE,0.8007690494560376,EU,P2 (2013-2019),REFLATION
EXV4.DE,EXV7.DE,0.8444344628103728,EU,P2 (2013-2019),REFLATION
EXV2.DE,EXV7.DE,0.7873839115475653,EU,P2 (2013-2019),REFLATION
EXW1.DE,EXV7.DE,0.9451645942602354,EU,P2 (2013-2019),REFLATION
EXI5.DE,EXV7.DE,0.7472505798895878,EU,P2 (2013-2019),REFLATION
EXV9.DE,EXV7.DE,0.7558448209045685,EU,P2 (2013-2019),REFLATION
EXV7.DE,EXV7.DE,1.0,EU,P2 (2013-2019),REFLATION
SXRS.DE,EXV7.DE,,EU,P2 (2013-2019),REFLATION
EXV3.DE,SXRS.DE,,EU,P2 (2013-2019),REFLATION
EXV8.DE,SXRS.DE,,EU,P2 (2013-2019),REFLATION
EXV1.DE,SXRS.DE,,EU,P2 (2013-2019),REFLATION
EXV5.DE,SXRS.DE,,EU,P2 (2013-2019),REFLATION
EXV6.DE,SXRS.DE,,EU,P2 (2013-2019),REFLATION
EXV4.DE,SXRS.DE,,EU,P2 (2013-2019),REFLATION
EXV2.DE,SXRS.DE,,EU,P2 (2013-2019),REFLATION
EXW1.DE,SXRS.DE,,EU,P2 (2013-2019),REFLATION
EXI5.DE,SXRS.DE,,EU,P2 (2013-2019),REFLATION
EXV9.DE,SXRS.DE,,EU,P2 (2013-2019),REFLATION
EXV7.DE,SXRS.DE,,EU,P2 (2013-2019),REFLATION
SXRS.DE,SXRS.DE,,EU,P2 (2013-2019),REFLATION
EXV3.DE,EXV3.DE,1.0,EU,P2 (2013-2019),STAGFLATION
EXV8.DE,EXV3.DE,0.8878180803566288,EU,P2 (2013-2019),STAGFLATION
EXV1.DE,EXV3.DE,0.7749907509102693,EU,P2 (2013-2019),STAGFLATION
EXV5.DE,EXV3.DE,0.7997891144931504,EU,P2 (2013-2019),STAGFLATION
EXV6.DE,EXV3.DE,0.6197411594175987,EU,P2 (2013-2019),STAGFLATION
EXV4.DE,EXV3.DE,0.8098441303442765,EU,P2 (2013-2019),STAGFLATION
EXV2.DE,EXV3.DE,0.8487588841234036,EU,P2 (2013-2019),STAGFLATION
EXW1.DE,EXV3.DE,0.9067175485252198,EU,P2 (2013-2019),STAGFLATION
EXI5.DE,EXV3.DE,0.8049645110836455,EU,P2 (2013-2019),STAGFLATION
EXV9.DE,EXV3.DE,0.7965207779739507,EU,P2 (2013-2019),STAGFLATION
EXV7.DE,EXV3.DE,0.8969076289716178,EU,P2 (2013-2019),STAGFLATION
SXRS.DE,EXV3.DE,0.1162348074015179,EU,P2 (2013-2019),STAGFLATION
EXV3.DE,EXV8.DE,0.8878180803566288,EU,P2 (2013-2019),STAGFLATION
EXV8.DE,EXV8.DE,1.0,EU,P2 (2013-2019),STAGFLATION
EXV1.DE,EXV8.DE,0.8606760498275151,EU,P2 (2013-2019),STAGFLATION
EXV5.DE,EXV8.DE,0.830228325629438,EU,P2 (2013-2019),STAGFLATION
EXV6.DE,EXV8.DE,0.6796515308610496,EU,P2 (2013-2019),STAGFLATION
EXV4.DE,EXV8.DE,0.7998574394204135,EU,P2 (2013-2019),STAGFLATION
EXV2.DE,EXV8.DE,0.8788594229384908,EU,P2 (2013-2019),STAGFLATION
EXW1.DE,EXV8.DE,0.9313463802726232,EU,P2 (2013-2019),STAGFLATION
EXI5.DE,EXV8.DE,0.8247955228597347,EU,P2 (2013-2019),STAGFLATION
EXV9.DE,EXV8.DE,0.8530979044515078,EU,P2 (2013-2019),STAGFLATION
EXV7.DE,EXV8.DE,0.8807016664704975,EU,P2 (2013-2019),STAGFLATION
SXRS.DE,EXV8.DE,0.1076526408740406,EU,P2 (2013-2019),STAGFLATION
EXV3.DE,EXV1.DE,0.7749907509102693,EU,P2 (2013-2019),STAGFLATION
EXV8.DE,EXV1.DE,0.8606760498275151,EU,P2 (2013-2019),STAGFLATION
EXV1.DE,EXV1.DE,1.0,EU,P2 (2013-2019),STAGFLATION
EXV5.DE,EXV1.DE,0.7953075655237366,EU,P2 (2013-2019),STAGFLATION
EXV6.DE,EXV1.DE,0.701366615005066,EU,P2 (2013-2019),STAGFLATION
EXV4.DE,EXV1.DE,0.69580763906437,EU,P2 (2013-2019),STAGFLATION
EXV2.DE,EXV1.DE,0.8400126363583694,EU,P2 (2013-2019),STAGFLATION
EXW1.DE,EXV1.DE,0.9180549065484618,EU,P2 (2013-2019),STAGFLATION
EXI5.DE,EXV1.DE,0.8073329629042959,EU,P2 (2013-2019),STAGFLATION
EXV9.DE,EXV1.DE,0.8031814119258642,EU,P2 (2013-2019),STAGFLATION
EXV7.DE,EXV1.DE,0.799535649706132,EU,P2 (2013-2019),STAGFLATION
SXRS.DE,EXV1.DE,0.09578335848504083,EU,P2 (2013-2019),STAGFLATION
EXV3.DE,EXV5.DE,0.7997891144931504,EU,P2 (2013-2019),STAGFLATION
EXV8.DE,EXV5.DE,0.830228325629438,EU,P2 (2013-2019),STAGFLATION
EXV1.DE,EXV5.DE,0.7953075655237366,EU,P2 (2013-2019),STAGFLATION
EXV5.DE,EXV5.DE,1.0,EU,P2 (2013-2019),STAGFLATION
EXV6.DE,EXV5.DE,0.6954731785371017,EU,P2 (2013-2019),STAGFLATION
EXV4.DE,EXV5.DE,0.662696951428806,EU,P2 (2013-2019),STAGFLATION
EXV2.DE,EXV5.DE,0.7673312454362519,EU,P2 (2013-2019),STAGFLATION
EXW1.DE,EXV5.DE,0.8672881894942058,EU,P2 (2013-2019),STAGFLATION
EXI5.DE,EXV5.DE,0.7233204528991029,EU,P2 (2013-2019),STAGFLATION
EXV9.DE,EXV5.DE,0.7363319957635392,EU,P2 (2013-2019),STAGFLATION
EXV7.DE,EXV5.DE,0.8410219439902825,EU,P2 (2013-2019),STAGFLATION
SXRS.DE,EXV5.DE,0.08867711891011679,EU,P2 (2013-2019),STAGFLATION
EXV3.DE,EXV6.DE,0.6197411594175987,EU,P2 (2013-2019),STAGFLATION
EXV8.DE,EXV6.DE,0.6796515308610496,EU,P2 (2013-2019),STAGFLATION
EXV1.DE,EXV6.DE,0.701366615005066,EU,P2 (2013-2019),STAGFLATION
EXV5.DE,EXV6.DE,0.6954731785371017,EU,P2 (2013-2019),STAGFLATION
EXV6.DE,EXV6.DE,1.0,EU,P2 (2013-2019),STAGFLATION
EXV4.DE,EXV6.DE,0.5124783358033841,EU,P2 (2013-2019),STAGFLATION
EXV2.DE,EXV6.DE,0.625976467574994,EU,P2 (2013-2019),STAGFLATION
EXW1.DE,EXV6.DE,0.7182345454891989,EU,P2 (2013-2019),STAGFLATION
EXI5.DE,EXV6.DE,0.5853724850829608,EU,P2 (2013-2019),STAGFLATION
EXV9.DE,EXV6.DE,0.5678821865474387,EU,P2 (2013-2019),STAGFLATION
EXV7.DE,EXV6.DE,0.6943913083691411,EU,P2 (2013-2019),STAGFLATION
SXRS.DE,EXV6.DE,0.032463809037437695,EU,P2 (2013-2019),STAGFLATION
EXV3.DE,EXV4.DE,0.8098441303442765,EU,P2 (2013-2019),STAGFLATION
EXV8.DE,EXV4.DE,0.7998574394204135,EU,P2 (2013-2019),STAGFLATION
EXV1.DE,EXV4.DE,0.69580763906437,EU,P2 (2013-2019),STAGFLATION
EXV5.DE,EXV4.DE,0.662696951428806,EU,P2 (2013-2019),STAGFLATION
EXV6.DE,EXV4.DE,0.5124783358033841,EU,P2 (2013-2019),STAGFLATION
EXV4.DE,EXV4.DE,1.0,EU,P2 (2013-2019),STAGFLATION
EXV2.DE,EXV4.DE,0.8248908456537412,EU,P2 (2013-2019),STAGFLATION
EXW1.DE,EXV4.DE,0.8335279991802466,EU,P2 (2013-2019),STAGFLATION
EXI5.DE,EXV4.DE,0.7452522115336366,EU,P2 (2013-2019),STAGFLATION
EXV9.DE,EXV4.DE,0.730369842531003,EU,P2 (2013-2019),STAGFLATION
EXV7.DE,EXV4.DE,0.8103771214875162,EU,P2 (2013-2019),STAGFLATION
SXRS.DE,EXV4.DE,0.027947211057522417,EU,P2 (2013-2019),STAGFLATION
EXV3.DE,EXV2.DE,0.8487588841234036,EU,P2 (2013-2019),STAGFLATION
EXV8.DE,EXV2.DE,0.8788594229384908,EU,P2 (2013-2019),STAGFLATION
EXV1.DE,EXV2.DE,0.8400126363583694,EU,P2 (2013-2019),STAGFLATION
EXV5.DE,EXV2.DE,0.7673312454362519,EU,P2 (2013-2019),STAGFLATION
EXV6.DE,EXV2.DE,0.625976467574994,EU,P2 (2013-2019),STAGFLATION
EXV4.DE,EXV2.DE,0.8248908456537412,EU,P2 (2013-2019),STAGFLATION
EXV2.DE,EXV2.DE,1.0,EU,P2 (2013-2019),STAGFLATION
EXW1.DE,EXV2.DE,0.9285248449645578,EU,P2 (2013-2019),STAGFLATION
EXI5.DE,EXV2.DE,0.8489696209816158,EU,P2 (2013-2019),STAGFLATION
EXV9.DE,EXV2.DE,0.8126413500079687,EU,P2 (2013-2019),STAGFLATION
EXV7.DE,EXV2.DE,0.858683795635021,EU,P2 (2013-2019),STAGFLATION
SXRS.DE,EXV2.DE,0.041263639952095144,EU,P2 (2013-2019),STAGFLATION
EXV3.DE,EXW1.DE,0.9067175485252198,EU,P2 (2013-2019),STAGFLATION
EXV8.DE,EXW1.DE,0.9313463802726232,EU,P2 (2013-2019),STAGFLATION
EXV1.DE,EXW1.DE,0.9180549065484618,EU,P2 (2013-2019),STAGFLATION
EXV5.DE,EXW1.DE,0.8672881894942058,EU,P2 (2013-2019),STAGFLATION
EXV6.DE,EXW1.DE,0.7182345454891989,EU,P2 (2013-2019),STAGFLATION
EXV4.DE,EXW1.DE,0.8335279991802466,EU,P2 (2013-2019),STAGFLATION
EXV2.DE,EXW1.DE,0.9285248449645578,EU,P2 (2013-2019),STAGFLATION
EXW1.DE,EXW1.DE,1.0,EU,P2 (2013-2019),STAGFLATION
EXI5.DE,EXW1.DE,0.855888457921638,EU,P2 (2013-2019),STAGFLATION
EXV9.DE,EXW1.DE,0.8196262797814736,EU,P2 (2013-2019),STAGFLATION
EXV7.DE,EXW1.DE,0.9334315331818501,EU,P2 (2013-2019),STAGFLATION
SXRS.DE,EXW1.DE,0.08499638254072248,EU,P2 (2013-2019),STAGFLATION
EXV3.DE,EXI5.DE,0.8049645110836455,EU,P2 (2013-2019),STAGFLATION
EXV8.DE,EXI5.DE,0.8247955228597347,EU,P2 (2013-2019),STAGFLATION
EXV1.DE,EXI5.DE,0.8073329629042959,EU,P2 (2013-2019),STAGFLATION
EXV5.DE,EXI5.DE,0.7233204528991029,EU,P2 (2013-2019),STAGFLATION
EXV6.DE,EXI5.DE,0.5853724850829608,EU,P2 (2013-2019),STAGFLATION
EXV4.DE,EXI5.DE,0.7452522115336366,EU,P2 (2013-2019),STAGFLATION
EXV2.DE,EXI5.DE,0.8489696209816158,EU,P2 (2013-2019),STAGFLATION
EXW1.DE,EXI5.DE,0.855888457921638,EU,P2 (2013-2019),STAGFLATION
EXI5.DE,EXI5.DE,1.0,EU,P2 (2013-2019),STAGFLATION
EXV9.DE,EXI5.DE,0.8171038117500865,EU,P2 (2013-2019),STAGFLATION
EXV7.DE,EXI5.DE,0.80855362232449,EU,P2 (2013-2019),STAGFLATION
SXRS.DE,EXI5.DE,0.03097923740871114,EU,P2 (2013-2019),STAGFLATION
EXV3.DE,EXV9.DE,0.7965207779739507,EU,P2 (2013-2019),STAGFLATION
EXV8.DE,EXV9.DE,0.8530979044515078,EU,P2 (2013-2019),STAGFLATION
EXV1.DE,EXV9.DE,0.8031814119258642,EU,P2 (2013-2019),STAGFLATION
EXV5.DE,EXV9.DE,0.7363319957635392,EU,P2 (2013-2019),STAGFLATION
EXV6.DE,EXV9.DE,0.5678821865474387,EU,P2 (2013-2019),STAGFLATION
EXV4.DE,EXV9.DE,0.730369842531003,EU,P2 (2013-2019),STAGFLATION
EXV2.DE,EXV9.DE,0.8126413500079687,EU,P2 (2013-2019),STAGFLATION
EXW1.DE,EXV9.DE,0.8196262797814736,EU,P2 (2013-2019),STAGFLATION
EXI5.DE,EXV9.DE,0.8171038117500865,EU,P2 (2013-2019),STAGFLATION
EXV9.DE,EXV9.DE,1.0,EU,P2 (2013-2019),STAGFLATION
EXV7.DE,EXV9.DE,0.7568850571061182,EU,P2 (2013-2019),STAGFLATION
SXRS.DE,EXV9.DE,-0.009464662085543578,EU,P2 (2013-2019),STAGFLATION
EXV3.DE,EXV7.DE,0.8969076289716178,EU,P2 (2013-2019),STAGFLATION
EXV8.DE,EXV7.DE,0.8807016664704975,EU,P2 (2013-2019),STAGFLATION
EXV1.DE,EXV7.DE,0.799535649706132,EU,P2 (2013-2019),STAGFLATION
EXV5.DE,EXV7.DE,0.8410219439902825,EU,P2 (2013-2019),STAGFLATION
EXV6.DE,EXV7.DE,0.6943913083691411,EU,P2 (2013-2019),STAGFLATION
EXV4.DE,EXV7.DE,0.8103771214875162,EU,P2 (2013-2019),STAGFLATION
EXV2.DE,EXV7.DE,0.858683795635021,EU,P2 (2013-2019),STAGFLATION
EXW1.DE,EXV7.DE,0.9334315331818501,EU,P2 (2013-2019),STAGFLATION
EXI5.DE,EXV7.DE,0.80855362232449,EU,P2 (2013-2019),STAGFLATION
EXV9.DE,EXV7.DE,0.7568850571061182,EU,P2 (2013-2019),STAGFLATION
EXV7.DE,EXV7.DE,1.0,EU,P2 (2013-2019),STAGFLATION
SXRS.DE,EXV7.DE,0.10564438593558902,EU,P2 (2013-2019),STAGFLATION
EXV3.DE,SXRS.DE,0.1162348074015179,EU,P2 (2013-2019),STAGFLATION
EXV8.DE,SXRS.DE,0.1076526408740406,EU,P2 (2013-2019),STAGFLATION
EXV1.DE,SXRS.DE,0.09578335848504083,EU,P2 (2013-2019),STAGFLATION
EXV5.DE,SXRS.DE,0.08867711891011679,EU,P2 (2013-2019),STAGFLATION
EXV6.DE,SXRS.DE,0.032463809037437695,EU,P2 (2013-2019),STAGFLATION
EXV4.DE,SXRS.DE,0.027947211057522417,EU,P2 (2013-2019),STAGFLATION
EXV2.DE,SXRS.DE,0.041263639952095144,EU,P2 (2013-2019),STAGFLATION
EXW1.DE,SXRS.DE,0.08499638254072248,EU,P2 (2013-2019),STAGFLATION
EXI5.DE,SXRS.DE,0.03097923740871114,EU,P2 (2013-2019),STAGFLATION
EXV9.DE,SXRS.DE,-0.009464662085543578,EU,P2 (2013-2019),STAGFLATION
EXV7.DE,SXRS.DE,0.10564438593558902,EU,P2 (2013-2019),STAGFLATION
SXRS.DE,SXRS.DE,1.0,EU,P2 (2013-2019),STAGFLATION
EXV3.DE,EXV3.DE,1.0,EU,P2 (2013-2019),DEFLATION
EXV8.DE,EXV3.DE,0.7793057481088757,EU,P2 (2013-2019),DEFLATION
EXV1.DE,EXV3.DE,0.620451006167731,EU,P2 (2013-2019),DEFLATION
EXV5.DE,EXV3.DE,0.7012883667786348,EU,P2 (2013-2019),DEFLATION
EXV6.DE,EXV3.DE,0.5766213619080429,EU,P2 (2013-2019),DEFLATION
EXV4.DE,EXV3.DE,0.6710773770943655,EU,P2 (2013-2019),DEFLATION
EXV2.DE,EXV3.DE,0.538482190391244,EU,P2 (2013-2019),DEFLATION
EXW1.DE,EXV3.DE,0.8030174148806551,EU,P2 (2013-2019),DEFLATION
EXI5.DE,EXV3.DE,0.5535377548919272,EU,P2 (2013-2019),DEFLATION
EXV9.DE,EXV3.DE,0.6379361961278461,EU,P2 (2013-2019),DEFLATION
EXV7.DE,EXV3.DE,0.7643366446992441,EU,P2 (2013-2019),DEFLATION
SXRS.DE,EXV3.DE,0.14206167892958269,EU,P2 (2013-2019),DEFLATION
EXV3.DE,EXV8.DE,0.7793057481088757,EU,P2 (2013-2019),DEFLATION
EXV8.DE,EXV8.DE,1.0,EU,P2 (2013-2019),DEFLATION
EXV1.DE,EXV8.DE,0.7564670586032037,EU,P2 (2013-2019),DEFLATION
EXV5.DE,EXV8.DE,0.7976184806198836,EU,P2 (2013-2019),DEFLATION
EXV6.DE,EXV8.DE,0.6418841092183134,EU,P2 (2013-2019),DEFLATION
EXV4.DE,EXV8.DE,0.7313751741910869,EU,P2 (2013-2019),DEFLATION
EXV2.DE,EXV8.DE,0.7051845523228785,EU,P2 (2013-2019),DEFLATION
EXW1.DE,EXV8.DE,0.8908441761669459,EU,P2 (2013-2019),DEFLATION
EXI5.DE,EXV8.DE,0.632160995713826,EU,P2 (2013-2019),DEFLATION
EXV9.DE,EXV8.DE,0.6889965952003277,EU,P2 (2013-2019),DEFLATION
EXV7.DE,EXV8.DE,0.8321783308779814,EU,P2 (2013-2019),DEFLATION
SXRS.DE,EXV8.DE,0.14769000895012568,EU,P2 (2013-2019),DEFLATION
EXV3.DE,EXV1.DE,0.620451006167731,EU,P2 (2013-2019),DEFLATION
EXV8.DE,EXV1.DE,0.7564670586032037,EU,P2 (2013-2019),DEFLATION
EXV1.DE,EXV1.DE,1.0,EU,P2 (2013-2019),DEFLATION
EXV5.DE,EXV1.DE,0.7301908768737586,EU,P2 (2013-2019),DEFLATION
EXV6.DE,EXV1.DE,0.6071770119356231,EU,P2 (2013-2019),DEFLATION
EXV4.DE,EXV1.DE,0.5792727786941921,EU,P2 (2013-2019),DEFLATION
EXV2.DE,EXV1.DE,0.6691330752805095,EU,P2 (2013-2019),DEFLATION
EXW1.DE,EXV1.DE,0.8484610540929169,EU,P2 (2013-2019),DEFLATION
EXI5.DE,EXV1.DE,0.5202787572646844,EU,P2 (2013-2019),DEFLATION
EXV9.DE,EXV1.DE,0.6219959274498263,EU,P2 (2013-2019),DEFLATION
EXV7.DE,EXV1.DE,0.6848997542807447,EU,P2 (2013-2019),DEFLATION
SXRS.DE,EXV1.DE,0.10508978485555004,EU,P2 (2013-2019),DEFLATION
EXV3.DE,EXV5.DE,0.7012883667786348,EU,P2 (2013-2019),DEFLATION
EXV8.DE,EXV5.DE,0.7976184806198836,EU,P2 (2013-2019),DEFLATION
EXV1.DE,EXV5.DE,0.7301908768737586,EU,P2 (2013-2019),DEFLATION
EXV5.DE,EXV5.DE,1.0,EU,P2 (2013-2019),DEFLATION
EXV6.DE,EXV5.DE,0.6304485408973433,EU,P2 (2013-2019),DEFLATION
EXV4.DE,EXV5.DE,0.5816161625546155,EU,P2 (2013-2019),DEFLATION
EXV2.DE,EXV5.DE,0.6001302738917448,EU,P2 (2013-2019),DEFLATION
EXW1.DE,EXV5.DE,0.8216492889267106,EU,P2 (2013-2019),DEFLATION
EXI5.DE,EXV5.DE,0.4975460520500302,EU,P2 (2013-2019),DEFLATION
EXV9.DE,EXV5.DE,0.6071916537717513,EU,P2 (2013-2019),DEFLATION
EXV7.DE,EXV5.DE,0.7762542515806033,EU,P2 (2013-2019),DEFLATION
SXRS.DE,EXV5.DE,0.1362226417083394,EU,P2 (2013-2019),DEFLATION
EXV3.DE,EXV6.DE,0.5766213619080429,EU,P2 (2013-2019),DEFLATION
EXV8.DE,EXV6.DE,0.6418841092183134,EU,P2 (2013-2019),DEFLATION
EXV1.DE,EXV6.DE,0.6071770119356231,EU,P2 (2013-2019),DEFLATION
EXV5.DE,EXV6.DE,0.6304485408973433,EU,P2 (2013-2019),DEFLATION
EXV6.DE,EXV6.DE,1.0,EU,P2 (2013-2019),DEFLATION
EXV4.DE,EXV6.DE,0.46406299885795554,EU,P2 (2013-2019),DEFLATION
EXV2.DE,EXV6.DE,0.4600504099809517,EU,P2 (2013-2019),DEFLATION
EXW1.DE,EXV6.DE,0.672368035099634,EU,P2 (2013-2019),DEFLATION
EXI5.DE,EXV6.DE,0.3578068633478447,EU,P2 (2013-2019),DEFLATION
EXV9.DE,EXV6.DE,0.4472689525362622,EU,P2 (2013-2019),DEFLATION
EXV7.DE,EXV6.DE,0.6589693728089222,EU,P2 (2013-2019),DEFLATION
SXRS.DE,EXV6.DE,0.2193114258525006,EU,P2 (2013-2019),DEFLATION
EXV3.DE,EXV4.DE,0.6710773770943655,EU,P2 (2013-2019),DEFLATION
EXV8.DE,EXV4.DE,0.7313751741910869,EU,P2 (2013-2019),DEFLATION
EXV1.DE,EXV4.DE,0.5792727786941921,EU,P2 (2013-2019),DEFLATION
EXV5.DE,EXV4.DE,0.5816161625546155,EU,P2 (2013-2019),DEFLATION
EXV6.DE,EXV4.DE,0.46406299885795554,EU,P2 (2013-2019),DEFLATION
EXV4.DE,EXV4.DE,1.0,EU,P2 (2013-2019),DEFLATION
EXV2.DE,EXV4.DE,0.6813173358128876,EU,P2 (2013-2019),DEFLATION
EXW1.DE,EXV4.DE,0.7922947148363553,EU,P2 (2013-2019),DEFLATION
EXI5.DE,EXV4.DE,0.6080203054508825,EU,P2 (2013-2019),DEFLATION
EXV9.DE,EXV4.DE,0.5820054964232032,EU,P2 (2013-2019),DEFLATION
EXV7.DE,EXV4.DE,0.7274684564400853,EU,P2 (2013-2019),DEFLATION
SXRS.DE,EXV4.DE,0.1863266180402552,EU,P2 (2013-2019),DEFLATION
EXV3.DE,EXV2.DE,0.538482190391244,EU,P2 (2013-2019),DEFLATION
EXV8.DE,EXV2.DE,0.7051845523228785,EU,P2 (2013-2019),DEFLATION
EXV1.DE,EXV2.DE,0.6691330752805095,EU,P2 (2013-2019),DEFLATION
EXV5.DE,EXV2.DE,0.6001302738917448,EU,P2 (2013-2019),DEFLATION
EXV6.DE,EXV2.DE,0.4600504099809517,EU,P2 (2013-2019),DEFLATION
EXV4.DE,EXV2.DE,0.6813173358128876,EU,P2 (2013-2019),DEFLATION
EXV2.DE,EXV2.DE,1.0,EU,P2 (2013-2019),DEFLATION
EXW1.DE,EXV2.DE,0.773485115982234,EU,P2 (2013-2019),DEFLATION
EXI5.DE,EXV2.DE,0.5784386907534929,EU,P2 (2013-2019),DEFLATION
EXV9.DE,EXV2.DE,0.5639347958839367,EU,P2 (2013-2019),DEFLATION
EXV7.DE,EXV2.DE,0.6512179722290955,EU,P2 (2013-2019),DEFLATION
SXRS.DE,EXV2.DE,0.03121103180968689,EU,P2 (2013-2019),DEFLATION
EXV3.DE,EXW1.DE,0.8030174148806551,EU,P2 (2013-2019),DEFLATION
EXV8.DE,EXW1.DE,0.8908441761669459,EU,P2 (2013-2019),DEFLATION
EXV1.DE,EXW1.DE,0.8484610540929169,EU,P2 (2013-2019),DEFLATION
EXV5.DE,EXW1.DE,0.8216492889267106,EU,P2 (2013-2019),DEFLATION
EXV6.DE,EXW1.DE,0.672368035099634,EU,P2 (2013-2019),DEFLATION
EXV4.DE,EXW1.DE,0.7922947148363553,EU,P2 (2013-2019),DEFLATION
EXV2.DE,EXW1.DE,0.773485115982234,EU,P2 (2013-2019),DEFLATION
EXW1.DE,EXW1.DE,1.0,EU,P2 (2013-2019),DEFLATION
EXI5.DE,EXW1.DE,0.6309392062096792,EU,P2 (2013-2019),DEFLATION
EXV9.DE,EXW1.DE,0.6748707690969883,EU,P2 (2013-2019),DEFLATION
EXV7.DE,EXW1.DE,0.8808724776065663,EU,P2 (2013-2019),DEFLATION
SXRS.DE,EXW1.DE,0.14043248897097185,EU,P2 (2013-2019),DEFLATION
EXV3.DE,EXI5.DE,0.5535377548919272,EU,P2 (2013-2019),DEFLATION
EXV8.DE,EXI5.DE,0.632160995713826,EU,P2 (2013-2019),DEFLATION
EXV1.DE,EXI5.DE,0.5202787572646844,EU,P2 (2013-2019),DEFLATION
EXV5.DE,EXI5.DE,0.4975460520500302,EU,P2 (2013-2019),DEFLATION
EXV6.DE,EXI5.DE,0.3578068633478447,EU,P2 (2013-2019),DEFLATION
EXV4.DE,EXI5.DE,0.6080203054508825,EU,P2 (2013-2019),DEFLATION
EXV2.DE,EXI5.DE,0.5784386907534929,EU,P2 (2013-2019),DEFLATION
EXW1.DE,EXI5.DE,0.6309392062096792,EU,P2 (2013-2019),DEFLATION
EXI5.DE,EXI5.DE,1.0,EU,P2 (2013-2019),DEFLATION
EXV9.DE,EXI5.DE,0.6199900642384306,EU,P2 (2013-2019),DEFLATION
EXV7.DE,EXI5.DE,0.5765086629820102,EU,P2 (2013-2019),DEFLATION
SXRS.DE,EXI5.DE,0.07285402888103835,EU,P2 (2013-2019),DEFLATION
EXV3.DE,EXV9.DE,0.6379361961278461,EU,P2 (2013-2019),DEFLATION
EXV8.DE,EXV9.DE,0.6889965952003277,EU,P2 (2013-2019),DEFLATION
EXV1.DE,EXV9.DE,0.6219959274498263,EU,P2 (2013-2019),DEFLATION
EXV5.DE,EXV9.DE,0.6071916537717513,EU,P2 (2013-2019),DEFLATION
EXV6.DE,EXV9.DE,0.4472689525362622,EU,P2 (2013-2019),DEFLATION
EXV4.DE,EXV9.DE,0.5820054964232032,EU,P2 (2013-2019),DEFLATION
EXV2.DE,EXV9.DE,0.5639347958839367,EU,P2 (2013-2019),DEFLATION
EXW1.DE,EXV9.DE,0.6748707690969883,EU,P2 (2013-2019),DEFLATION
EXI5.DE,EXV9.DE,0.6199900642384306,EU,P2 (2013-2019),DEFLATION
EXV9.DE,EXV9.DE,1.0,EU,P2 (2013-2019),DEFLATION
EXV7.DE,EXV9.DE,0.6098447072061741,EU,P2 (2013-2019),DEFLATION
SXRS.DE,EXV9.DE,0.12973381653114668,EU,P2 (2013-2019),DEFLATION
EXV3.DE,EXV7.DE,0.7643366446992441,EU,P2 (2013-2019),DEFLATION
EXV8.DE,EXV7.DE,0.8321783308779814,EU,P2 (2013-2019),DEFLATION
EXV1.DE,EXV7.DE,0.6848997542807447,EU,P2 (2013-2019),DEFLATION
EXV5.DE,EXV7.DE,0.7762542515806033,EU,P2 (2013-2019),DEFLATION
EXV6.DE,EXV7.DE,0.6589693728089222,EU,P2 (2013-2019),DEFLATION
EXV4.DE,EXV7.DE,0.7274684564400853,EU,P2 (2013-2019),DEFLATION
EXV2.DE,EXV7.DE,0.6512179722290955,EU,P2 (2013-2019),DEFLATION
EXW1.DE,EXV7.DE,0.8808724776065663,EU,P2 (2013-2019),DEFLATION
EXI5.DE,EXV7.DE,0.5765086629820102,EU,P2 (2013-2019),DEFLATION
EXV9.DE,EXV7.DE,0.6098447072061741,EU,P2 (2013-2019),DEFLATION
EXV7.DE,EXV7.DE,1.0,EU,P2 (2013-2019),DEFLATION
SXRS.DE,EXV7.DE,0.1733525678873143,EU,P2 (2013-2019),DEFLATION
EXV3.DE,SXRS.DE,0.14206167892958269,EU,P2 (2013-2019),DEFLATION
EXV8.DE,SXRS.DE,0.14769000895012568,EU,P2 (2013-2019),DEFLATION
EXV1.DE,SXRS.DE,0.10508978485555004,EU,P2 (2013-2019),DEFLATION
EXV5.DE,SXRS.DE,0.1362226417083394,EU,P2 (2013-2019),DEFLATION
EXV6.DE,SXRS.DE,0.2193114258525006,EU,P2 (2013-2019),DEFLATION
EXV4.DE,SXRS.DE,0.1863266180402552,EU,P2 (2013-2019),DEFLATION
EXV2.DE,SXRS.DE,0.03121103180968689,EU,P2 (2013-2019),DEFLATION
EXW1.DE,SXRS.DE,0.14043248897097185,EU,P2 (2013-2019),DEFLATION
EXI5.DE,SXRS.DE,0.07285402888103835,EU,P2 (2013-2019),DEFLATION
EXV9.DE,SXRS.DE,0.12973381653114668,EU,P2 (2013-2019),DEFLATION
EXV7.DE,SXRS.DE,0.1733525678873143,EU,P2 (2013-2019),DEFLATION
SXRS.DE,SXRS.DE,1.0,EU,P2 (2013-2019),DEFLATION
EXV3.DE,EXV3.DE,1.0,EU,P3 (2020-2022),GOLDILOCKS
EXV8.DE,EXV3.DE,0.8045850795871393,EU,P3 (2020-2022),GOLDILOCKS
EXV1.DE,EXV3.DE,0.47027881961736506,EU,P3 (2020-2022),GOLDILOCKS
EXV5.DE,EXV3.DE,0.5209744692106737,EU,P3 (2020-2022),GOLDILOCKS
EXV6.DE,EXV3.DE,0.5806015823530725,EU,P3 (2020-2022),GOLDILOCKS
EXV4.DE,EXV3.DE,0.7041476715869753,EU,P3 (2020-2022),GOLDILOCKS
EXV2.DE,EXV3.DE,0.5390278303044954,EU,P3 (2020-2022),GOLDILOCKS
EXW1.DE,EXV3.DE,0.8647020510607354,EU,P3 (2020-2022),GOLDILOCKS
EXI5.DE,EXV3.DE,0.6712316669424727,EU,P3 (2020-2022),GOLDILOCKS
EXV9.DE,EXV3.DE,0.5606135091542656,EU,P3 (2020-2022),GOLDILOCKS
EXV7.DE,EXV3.DE,0.7626067830935414,EU,P3 (2020-2022),GOLDILOCKS
SXRS.DE,EXV3.DE,0.3049810826837465,EU,P3 (2020-2022),GOLDILOCKS
EXV3.DE,EXV8.DE,0.8045850795871393,EU,P3 (2020-2022),GOLDILOCKS
EXV8.DE,EXV8.DE,1.0,EU,P3 (2020-2022),GOLDILOCKS
EXV1.DE,EXV8.DE,0.6448637988591585,EU,P3 (2020-2022),GOLDILOCKS
EXV5.DE,EXV8.DE,0.6490220198822582,EU,P3 (2020-2022),GOLDILOCKS
EXV6.DE,EXV8.DE,0.6631600577471951,EU,P3 (2020-2022),GOLDILOCKS
EXV4.DE,EXV8.DE,0.6790060082381535,EU,P3 (2020-2022),GOLDILOCKS
EXV2.DE,EXV8.DE,0.6470064157485187,EU,P3 (2020-2022),GOLDILOCKS
EXW1.DE,EXV8.DE,0.8961182447383471,EU,P3 (2020-2022),GOLDILOCKS
EXI5.DE,EXV8.DE,0.6871650349632347,EU,P3 (2020-2022),GOLDILOCKS
EXV9.DE,EXV8.DE,0.6266126362631695,EU,P3 (2020-2022),GOLDILOCKS
EXV7.DE,EXV8.DE,0.8331198782013111,EU,P3 (2020-2022),GOLDILOCKS
SXRS.DE,EXV8.DE,0.3940958253519827,EU,P3 (2020-2022),GOLDILOCKS
EXV3.DE,EXV1.DE,0.47027881961736506,EU,P3 (2020-2022),GOLDILOCKS
EXV8.DE,EXV1.DE,0.6448637988591585,EU,P3 (2020-2022),GOLDILOCKS
EXV1.DE,EXV1.DE,1.0,EU,P3 (2020-2022),GOLDILOCKS
EXV5.DE,EXV1.DE,0.7079958258992896,EU,P3 (2020-2022),GOLDILOCKS
EXV6.DE,EXV1.DE,0.5886747295248846,EU,P3 (2020-2022),GOLDILOCKS
EXV4.DE,EXV1.DE,0.24981069312870993,EU,P3 (2020-2022),GOLDILOCKS
EXV2.DE,EXV1.DE,0.5696478793064029,EU,P3 (2020-2022),GOLDILOCKS
EXW1.DE,EXV1.DE,0.7275008071889121,EU,P3 (2020-2022),GOLDILOCKS
EXI5.DE,EXV1.DE,0.4366647735250238,EU,P3 (2020-2022),GOLDILOCKS
EXV9.DE,EXV1.DE,0.605374149247463,EU,P3 (2020-2022),GOLDILOCKS
EXV7.DE,EXV1.DE,0.5725168459163991,EU,P3 (2020-2022),GOLDILOCKS
SXRS.DE,EXV1.DE,0.46159590659359867,EU,P3 (2020-2022),GOLDILOCKS
EXV3.DE,EXV5.DE,0.5209744692106737,EU,P3 (2020-2022),GOLDILOCKS
EXV8.DE,EXV5.DE,0.6490220198822582,EU,P3 (2020-2022),GOLDILOCKS
EXV1.DE,EXV5.DE,0.7079958258992896,EU,P3 (2020-2022),GOLDILOCKS
EXV5.DE,EXV5.DE,1.0,EU,P3 (2020-2022),GOLDILOCKS
EXV6.DE,EXV5.DE,0.6424691079998182,EU,P3 (2020-2022),GOLDILOCKS
EXV4.DE,EXV5.DE,0.3191606755117489,EU,P3 (2020-2022),GOLDILOCKS
EXV2.DE,EXV5.DE,0.5542735163652318,EU,P3 (2020-2022),GOLDILOCKS
EXW1.DE,EXV5.DE,0.7365828048863282,EU,P3 (2020-2022),GOLDILOCKS
EXI5.DE,EXV5.DE,0.38423039013235794,EU,P3 (2020-2022),GOLDILOCKS
EXV9.DE,EXV5.DE,0.5173192947565021,EU,P3 (2020-2022),GOLDILOCKS
EXV7.DE,EXV5.DE,0.6370359849031881,EU,P3 (2020-2022),GOLDILOCKS
SXRS.DE,EXV5.DE,0.5249296100743106,EU,P3 (2020-2022),GOLDILOCKS
EXV3.DE,EXV6.DE,0.5806015823530725,EU,P3 (2020-2022),GOLDILOCKS
EXV8.DE,EXV6.DE,0.6631600577471951,EU,P3 (2020-2022),GOLDILOCKS
EXV1.DE,EXV6.DE,0.5886747295248846,EU,P3 (2020-2022),GOLDILOCKS
EXV5.DE,EXV6.DE,0.6424691079998182,EU,P3 (2020-2022),GOLDILOCKS
EXV6.DE,EXV6.DE,1.0,EU,P3 (2020-2022),GOLDILOCKS
EXV4.DE,EXV6.DE,0.3939860289298041,EU,P3 (2020-2022),GOLDILOCKS
EXV2.DE,EXV6.DE,0.4511160383172572,EU,P3 (2020-2022),GOLDILOCKS
EXW1.DE,EXV6.DE,0.6713962106105368,EU,P3 (2020-2022),GOLDILOCKS
EXI5.DE,EXV6.DE,0.31817012102380837,EU,P3 (2020-2022),GOLDILOCKS
EXV9.DE,EXV6.DE,0.4017024976055789,EU,P3 (2020-2022),GOLDILOCKS
EXV7.DE,EXV6.DE,0.6516447389379251,EU,P3 (2020-2022),GOLDILOCKS
SXRS.DE,EXV6.DE,0.568023158285195,EU,P3 (2020-2022),GOLDILOCKS
EXV3.DE,EXV4.DE,0.7041476715869753,EU,P3 (2020-2022),GOLDILOCKS
EXV8.DE,EXV4.DE,0.6790060082381535,EU,P3 (2020-2022),GOLDILOCKS
EXV1.DE,EXV4.DE,0.24981069312870993,EU,P3 (2020-2022),GOLDILOCKS
EXV5.DE,EXV4.DE,0.3191606755117489,EU,P3 (2020-2022),GOLDILOCKS
EXV6.DE,EXV4.DE,0.3939860289298041,EU,P3 (2020-2022),GOLDILOCKS
EXV4.DE,EXV4.DE,1.0,EU,P3 (2020-2022),GOLDILOCKS
EXV2.DE,EXV4.DE,0.5671008456602292,EU,P3 (2020-2022),GOLDILOCKS
EXW1.DE,EXV4.DE,0.6946909751967475,EU,P3 (2020-2022),GOLDILOCKS
EXI5.DE,EXV4.DE,0.5340522067022951,EU,P3 (2020-2022),GOLDILOCKS
EXV9.DE,EXV4.DE,0.36890441400380825,EU,P3 (2020-2022),GOLDILOCKS
EXV7.DE,EXV4.DE,0.6989306539565795,EU,P3 (2020-2022),GOLDILOCKS
SXRS.DE,EXV4.DE,0.15108032691666834,EU,P3 (2020-2022),GOLDILOCKS
EXV3.DE,EXV2.DE,0.5390278303044954,EU,P3 (2020-2022),GOLDILOCKS
EXV8.DE,EXV2.DE,0.6470064157485187,EU,P3 (2020-2022),GOLDILOCKS
EXV1.DE,EXV2.DE,0.5696478793064029,EU,P3 (2020-2022),GOLDILOCKS
EXV5.DE,EXV2.DE,0.5542735163652318,EU,P3 (2020-2022),GOLDILOCKS
EXV6.DE,EXV2.DE,0.4511160383172572,EU,P3 (2020-2022),GOLDILOCKS
EXV4.DE,EXV2.DE,0.5671008456602292,EU,P3 (2020-2022),GOLDILOCKS
EXV2.DE,EXV2.DE,1.0,EU,P3 (2020-2022),GOLDILOCKS
EXW1.DE,EXV2.DE,0.7611945287256942,EU,P3 (2020-2022),GOLDILOCKS
EXI5.DE,EXV2.DE,0.5433870877800935,EU,P3 (2020-2022),GOLDILOCKS
EXV9.DE,EXV2.DE,0.4839394927717643,EU,P3 (2020-2022),GOLDILOCKS
EXV7.DE,EXV2.DE,0.6815285011962491,EU,P3 (2020-2022),GOLDILOCKS
SXRS.DE,EXV2.DE,0.376615409265211,EU,P3 (2020-2022),GOLDILOCKS
EXV3.DE,EXW1.DE,0.8647020510607354,EU,P3 (2020-2022),GOLDILOCKS
EXV8.DE,EXW1.DE,0.8961182447383471,EU,P3 (2020-2022),GOLDILOCKS
EXV1.DE,EXW1.DE,0.7275008071889121,EU,P3 (2020-2022),GOLDILOCKS
EXV5.DE,EXW1.DE,0.7365828048863282,EU,P3 (2020-2022),GOLDILOCKS
EXV6.DE,EXW1.DE,0.6713962106105368,EU,P3 (2020-2022),GOLDILOCKS
EXV4.DE,EXW1.DE,0.6946909751967475,EU,P3 (2020-2022),GOLDILOCKS
EXV2.DE,EXW1.DE,0.7611945287256942,EU,P3 (2020-2022),GOLDILOCKS
EXW1.DE,EXW1.DE,1.0,EU,P3 (2020-2022),GOLDILOCKS
EXI5.DE,EXW1.DE,0.7018994853641273,EU,P3 (2020-2022),GOLDILOCKS
EXV9.DE,EXW1.DE,0.68276871772384,EU,P3 (2020-2022),GOLDILOCKS
EXV7.DE,EXW1.DE,0.86799789870882,EU,P3 (2020-2022),GOLDILOCKS
SXRS.DE,EXW1.DE,0.4478896022532225,EU,P3 (2020-2022),GOLDILOCKS
EXV3.DE,EXI5.DE,0.6712316669424727,EU,P3 (2020-2022),GOLDILOCKS
EXV8.DE,EXI5.DE,0.6871650349632347,EU,P3 (2020-2022),GOLDILOCKS
EXV1.DE,EXI5.DE,0.4366647735250238,EU,P3 (2020-2022),GOLDILOCKS
EXV5.DE,EXI5.DE,0.38423039013235794,EU,P3 (2020-2022),GOLDILOCKS
EXV6.DE,EXI5.DE,0.31817012102380837,EU,P3 (2020-2022),GOLDILOCKS
EXV4.DE,EXI5.DE,0.5340522067022951,EU,P3 (2020-2022),GOLDILOCKS
EXV2.DE,EXI5.DE,0.5433870877800935,EU,P3 (2020-2022),GOLDILOCKS
EXW1.DE,EXI5.DE,0.7018994853641273,EU,P3 (2020-2022),GOLDILOCKS
EXI5.DE,EXI5.DE,1.0,EU,P3 (2020-2022),GOLDILOCKS
EXV9.DE,EXI5.DE,0.49730816680371326,EU,P3 (2020-2022),GOLDILOCKS
EXV7.DE,EXI5.DE,0.6334618080839489,EU,P3 (2020-2022),GOLDILOCKS
SXRS.DE,EXI5.DE,0.1653939700769718,EU,P3 (2020-2022),GOLDILOCKS
EXV3.DE,EXV9.DE,0.5606135091542656,EU,P3 (2020-2022),GOLDILOCKS
EXV8.DE,EXV9.DE,0.6266126362631695,EU,P3 (2020-2022),GOLDILOCKS
EXV1.DE,EXV9.DE,0.605374149247463,EU,P3 (2020-2022),GOLDILOCKS
EXV5.DE,EXV9.DE,0.5173192947565021,EU,P3 (2020-2022),GOLDILOCKS
EXV6.DE,EXV9.DE,0.4017024976055789,EU,P3 (2020-2022),GOLDILOCKS
EXV4.DE,EXV9.DE,0.36890441400380825,EU,P3 (2020-2022),GOLDILOCKS
EXV2.DE,EXV9.DE,0.4839394927717643,EU,P3 (2020-2022),GOLDILOCKS
EXW1.DE,EXV9.DE,0.68276871772384,EU,P3 (2020-2022),GOLDILOCKS
EXI5.DE,EXV9.DE,0.49730816680371326,EU,P3 (2020-2022),GOLDILOCKS
EXV9.DE,EXV9.DE,1.0,EU,P3 (2020-2022),GOLDILOCKS
EXV7.DE,EXV9.DE,0.5061183158414662,EU,P3 (2020-2022),GOLDILOCKS
SXRS.DE,EXV9.DE,0.32767996551184797,EU,P3 (2020-2022),GOLDILOCKS
EXV3.DE,EXV7.DE,0.7626067830935414,EU,P3 (2020-2022),GOLDILOCKS
EXV8.DE,EXV7.DE,0.8331198782013111,EU,P3 (2020-2022),GOLDILOCKS
EXV1.DE,EXV7.DE,0.5725168459163991,EU,P3 (2020-2022),GOLDILOCKS
EXV5.DE,EXV7.DE,0.6370359849031881,EU,P3 (2020-2022),GOLDILOCKS
EXV6.DE,EXV7.DE,0.6516447389379251,EU,P3 (2020-2022),GOLDILOCKS
EXV4.DE,EXV7.DE,0.6989306539565795,EU,P3 (2020-2022),GOLDILOCKS
EXV2.DE,EXV7.DE,0.6815285011962491,EU,P3 (2020-2022),GOLDILOCKS
EXW1.DE,EXV7.DE,0.86799789870882,EU,P3 (2020-2022),GOLDILOCKS
EXI5.DE,EXV7.DE,0.6334618080839489,EU,P3 (2020-2022),GOLDILOCKS
EXV9.DE,EXV7.DE,0.5061183158414662,EU,P3 (2020-2022),GOLDILOCKS
EXV7.DE,EXV7.DE,1.0,EU,P3 (2020-2022),GOLDILOCKS
SXRS.DE,EXV7.DE,0.39108134521638,EU,P3 (2020-2022),GOLDILOCKS
EXV3.DE,SXRS.DE,0.3049810826837465,EU,P3 (2020-2022),GOLDILOCKS
EXV8.DE,SXRS.DE,0.3940958253519827,EU,P3 (2020-2022),GOLDILOCKS
EXV1.DE,SXRS.DE,0.46159590659359867,EU,P3 (2020-2022),GOLDILOCKS
EXV5.DE,SXRS.DE,0.5249296100743106,EU,P3 (2020-2022),GOLDILOCKS
EXV6.DE,SXRS.DE,0.568023158285195,EU,P3 (2020-2022),GOLDILOCKS
EXV4.DE,SXRS.DE,0.15108032691666834,EU,P3 (2020-2022),GOLDILOCKS
EXV2.DE,SXRS.DE,0.376615409265211,EU,P3 (2020-2022),GOLDILOCKS
EXW1.DE,SXRS.DE,0.4478896022532225,EU,P3 (2020-2022),GOLDILOCKS
EXI5.DE,SXRS.DE,0.1653939700769718,EU,P3 (2020-2022),GOLDILOCKS
EXV9.DE,SXRS.DE,0.32767996551184797,EU,P3 (2020-2022),GOLDILOCKS
EXV7.DE,SXRS.DE,0.39108134521638,EU,P3 (2020-2022),GOLDILOCKS
SXRS.DE,SXRS.DE,1.0,EU,P3 (2020-2022),GOLDILOCKS
EXV3.DE,EXV3.DE,1.0,EU,P3 (2020-2022),REFLATION
EXV8.DE,EXV3.DE,0.6666259323662139,EU,P3 (2020-2022),REFLATION
EXV1.DE,EXV3.DE,0.2657337595376645,EU,P3 (2020-2022),REFLATION
EXV5.DE,EXV3.DE,0.48846047556523087,EU,P3 (2020-2022),REFLATION
EXV6.DE,EXV3.DE,0.4297317869172187,EU,P3 (2020-2022),REFLATION
EXV4.DE,EXV3.DE,0.6033797792164451,EU,P3 (2020-2022),REFLATION
EXV2.DE,EXV3.DE,0.423680443809511,EU,P3 (2020-2022),REFLATION
EXW1.DE,EXV3.DE,0.7487667019257168,EU,P3 (2020-2022),REFLATION
EXI5.DE,EXV3.DE,0.5497446148163968,EU,P3 (2020-2022),REFLATION
EXV9.DE,EXV3.DE,0.549135064313473,EU,P3 (2020-2022),REFLATION
EXV7.DE,EXV3.DE,0.644362830238881,EU,P3 (2020-2022),REFLATION
SXRS.DE,EXV3.DE,0.16164574505482315,EU,P3 (2020-2022),REFLATION
EXV3.DE,EXV8.DE,0.6666259323662139,EU,P3 (2020-2022),REFLATION
EXV8.DE,EXV8.DE,1.0,EU,P3 (2020-2022),REFLATION
EXV1.DE,EXV8.DE,0.6505247840585758,EU,P3 (2020-2022),REFLATION
EXV5.DE,EXV8.DE,0.6606219518310208,EU,P3 (2020-2022),REFLATION
EXV6.DE,EXV8.DE,0.6069700494806136,EU,P3 (2020-2022),REFLATION
EXV4.DE,EXV8.DE,0.46966929830376275,EU,P3 (2020-2022),REFLATION
EXV2.DE,EXV8.DE,0.5820083736324407,EU,P3 (2020-2022),REFLATION
EXW1.DE,EXV8.DE,0.8877884126173069,EU,P3 (2020-2022),REFLATION
EXI5.DE,EXV8.DE,0.6208587201006034,EU,P3 (2020-2022),REFLATION
EXV9.DE,EXV8.DE,0.6790925638919869,EU,P3 (2020-2022),REFLATION
EXV7.DE,EXV8.DE,0.8013630096569023,EU,P3 (2020-2022),REFLATION
SXRS.DE,EXV8.DE,0.25615281064818873,EU,P3 (2020-2022),REFLATION
EXV3.DE,EXV1.DE,0.2657337595376645,EU,P3 (2020-2022),REFLATION
EXV8.DE,EXV1.DE,0.6505247840585758,EU,P3 (2020-2022),REFLATION
EXV1.DE,EXV1.DE,1.0,EU,P3 (2020-2022),REFLATION
EXV5.DE,EXV1.DE,0.6546455569316174,EU,P3 (2020-2022),REFLATION
EXV6.DE,EXV1.DE,0.629659646202586,EU,P3 (2020-2022),REFLATION
EXV4.DE,EXV1.DE,0.07809656475922892,EU,P3 (2020-2022),REFLATION
EXV2.DE,EXV1.DE,0.46007689076574054,EU,P3 (2020-2022),REFLATION
EXW1.DE,EXV1.DE,0.719126855405083,EU,P3 (2020-2022),REFLATION
EXI5.DE,EXV1.DE,0.3055908164941023,EU,P3 (2020-2022),REFLATION
EXV9.DE,EXV1.DE,0.5938844635938211,EU,P3 (2020-2022),REFLATION
EXV7.DE,EXV1.DE,0.4768955933236393,EU,P3 (2020-2022),REFLATION
SXRS.DE,EXV1.DE,0.2514844519698775,EU,P3 (2020-2022),REFLATION
EXV3.DE,EXV5.DE,0.48846047556523087,EU,P3 (2020-2022),REFLATION
EXV8.DE,EXV5.DE,0.6606219518310208,EU,P3 (2020-2022),REFLATION
EXV1.DE,EXV5.DE,0.6546455569316174,EU,P3 (2020-2022),REFLATION
EXV5.DE,EXV5.DE,1.0,EU,P3 (2020-2022),REFLATION
EXV6.DE,EXV5.DE,0.5328319709713774,EU,P3 (2020-2022),REFLATION
EXV4.DE,EXV5.DE,0.261457991625315,EU,P3 (2020-2022),REFLATION
EXV2.DE,EXV5.DE,0.5141476434699492,EU,P3 (2020-2022),REFLATION
EXW1.DE,EXV5.DE,0.7604544675922446,EU,P3 (2020-2022),REFLATION
EXI5.DE,EXV5.DE,0.44269125159040396,EU,P3 (2020-2022),REFLATION
EXV9.DE,EXV5.DE,0.5909162518204009,EU,P3 (2020-2022),REFLATION
EXV7.DE,EXV5.DE,0.6450290122745488,EU,P3 (2020-2022),REFLATION
SXRS.DE,EXV5.DE,0.25993011459175636,EU,P3 (2020-2022),REFLATION
EXV3.DE,EXV6.DE,0.4297317869172187,EU,P3 (2020-2022),REFLATION
EXV8.DE,EXV6.DE,0.6069700494806136,EU,P3 (2020-2022),REFLATION
EXV1.DE,EXV6.DE,0.629659646202586,EU,P3 (2020-2022),REFLATION
EXV5.DE,EXV6.DE,0.5328319709713774,EU,P3 (2020-2022),REFLATION
EXV6.DE,EXV6.DE,1.0,EU,P3 (2020-2022),REFLATION
EXV4.DE,EXV6.DE,0.15056531511737295,EU,P3 (2020-2022),REFLATION
EXV2.DE,EXV6.DE,0.3985943507832365,EU,P3 (2020-2022),REFLATION
EXW1.DE,EXV6.DE,0.6185536819297156,EU,P3 (2020-2022),REFLATION
EXI5.DE,EXV6.DE,0.324846508780415,EU,P3 (2020-2022),REFLATION
EXV9.DE,EXV6.DE,0.520170281778421,EU,P3 (2020-2022),REFLATION
EXV7.DE,EXV6.DE,0.5468010389082139,EU,P3 (2020-2022),REFLATION
SXRS.DE,EXV6.DE,0.3942401987872712,EU,P3 (2020-2022),REFLATION
EXV3.DE,EXV4.DE,0.6033797792164451,EU,P3 (2020-2022),REFLATION
EXV8.DE,EXV4.DE,0.46966929830376275,EU,P3 (2020-2022),REFLATION
EXV1.DE,EXV4.DE,0.07809656475922892,EU,P3 (2020-2022),REFLATION
EXV5.DE,EXV4.DE,0.261457991625315,EU,P3 (2020-2022),REFLATION
EXV6.DE,EXV4.DE,0.15056531511737295,EU,P3 (2020-2022),REFLATION
EXV4.DE,EXV4.DE,1.0,EU,P3 (2020-2022),REFLATION
EXV2.DE,EXV4.DE,0.4603884520974317,EU,P3 (2020-2022),REFLATION
EXW1.DE,EXV4.DE,0.5417769963462047,EU,P3 (2020-2022),REFLATION
EXI5.DE,EXV4.DE,0.44622745819851634,EU,P3 (2020-2022),REFLATION
EXV9.DE,EXV4.DE,0.3024710560224006,EU,P3 (2020-2022),REFLATION
EXV7.DE,EXV4.DE,0.5325128656919296,EU,P3 (2020-2022),REFLATION
SXRS.DE,EXV4.DE,0.2001763682004891,EU,P3 (2020-2022),REFLATION
EXV3.DE,EXV2.DE,0.423680443809511,EU,P3 (2020-2022),REFLATION
EXV8.DE,EXV2.DE,0.5820083736324407,EU,P3 (2020-2022),REFLATION
EXV1.DE,EXV2.DE,0.46007689076574054,EU,P3 (2020-2022),REFLATION
EXV5.DE,EXV2.DE,0.5141476434699492,EU,P3 (2020-2022),REFLATION
EXV6.DE,EXV2.DE,0.3985943507832365,EU,P3 (2020-2022),REFLATION
EXV4.DE,EXV2.DE,0.4603884520974317,EU,P3 (2020-2022),REFLATION
EXV2.DE,EXV2.DE,1.0,EU,P3 (2020-2022),REFLATION
EXW1.DE,EXV2.DE,0.6540478798884477,EU,P3 (2020-2022),REFLATION
EXI5.DE,EXV2.DE,0.5362331570218261,EU,P3 (2020-2022),REFLATION
EXV9.DE,EXV2.DE,0.48529509256770714,EU,P3 (2020-2022),REFLATION
EXV7.DE,EXV2.DE,0.5735574374818418,EU,P3 (2020-2022),REFLATION
SXRS.DE,EXV2.DE,0.2833821015646464,EU,P3 (2020-2022),REFLATION
EXV3.DE,EXW1.DE,0.7487667019257168,EU,P3 (2020-2022),REFLATION
EXV8.DE,EXW1.DE,0.8877884126173069,EU,P3 (2020-2022),REFLATION
EXV1.DE,EXW1.DE,0.719126855405083,EU,P3 (2020-2022),REFLATION
EXV5.DE,EXW1.DE,0.7604544675922446,EU,P3 (2020-2022),REFLATION
EXV6.DE,EXW1.DE,0.6185536819297156,EU,P3 (2020-2022),REFLATION
EXV4.DE,EXW1.DE,0.5417769963462047,EU,P3 (2020-2022),REFLATION
EXV2.DE,EXW1.DE,0.6540478798884477,EU,P3 (2020-2022),REFLATION
EXW1.DE,EXW1.DE,1.0,EU,P3 (2020-2022),REFLATION
EXI5.DE,EXW1.DE,0.6172803035820928,EU,P3 (2020-2022),REFLATION
EXV9.DE,EXW1.DE,0.7309777969291693,EU,P3 (2020-2022),REFLATION
EXV7.DE,EXW1.DE,0.8260640329012928,EU,P3 (2020-2022),REFLATION
SXRS.DE,EXW1.DE,0.29123437954676124,EU,P3 (2020-2022),REFLATION
EXV3.DE,EXI5.DE,0.5497446148163968,EU,P3 (2020-2022),REFLATION
EXV8.DE,EXI5.DE,0.6208587201006034,EU,P3 (2020-2022),REFLATION
EXV1.DE,EXI5.DE,0.3055908164941023,EU,P3 (2020-2022),REFLATION
EXV5.DE,EXI5.DE,0.44269125159040396,EU,P3 (2020-2022),REFLATION
EXV6.DE,EXI5.DE,0.324846508780415,EU,P3 (2020-2022),REFLATION
EXV4.DE,EXI5.DE,0.44622745819851634,EU,P3 (2020-2022),REFLATION
EXV2.DE,EXI5.DE,0.5362331570218261,EU,P3 (2020-2022),REFLATION
EXW1.DE,EXI5.DE,0.6172803035820928,EU,P3 (2020-2022),REFLATION
EXI5.DE,EXI5.DE,1.0,EU,P3 (2020-2022),REFLATION
EXV9.DE,EXI5.DE,0.5537024225838668,EU,P3 (2020-2022),REFLATION
EXV7.DE,EXI5.DE,0.5562411142136232,EU,P3 (2020-2022),REFLATION
SXRS.DE,EXI5.DE,0.16817927566350074,EU,P3 (2020-2022),REFLATION
EXV3.DE,EXV9.DE,0.549135064313473,EU,P3 (2020-2022),REFLATION
EXV8.DE,EXV9.DE,0.6790925638919869,EU,P3 (2020-2022),REFLATION
EXV1.DE,EXV9.DE,0.5938844635938211,EU,P3 (2020-2022),REFLATION
EXV5.DE,EXV9.DE,0.5909162518204009,EU,P3 (2020-2022),REFLATION
EXV6.DE,EXV9.DE,0.520170281778421,EU,P3 (2020-2022),REFLATION
EXV4.DE,EXV9.DE,0.3024710560224006,EU,P3 (2020-2022),REFLATION
EXV2.DE,EXV9.DE,0.48529509256770714,EU,P3 (2020-2022),REFLATION
EXW1.DE,EXV9.DE,0.7309777969291693,EU,P3 (2020-2022),REFLATION
EXI5.DE,EXV9.DE,0.5537024225838668,EU,P3 (2020-2022),REFLATION
EXV9.DE,EXV9.DE,1.0,EU,P3 (2020-2022),REFLATION
EXV7.DE,EXV9.DE,0.5214755144438606,EU,P3 (2020-2022),REFLATION
SXRS.DE,EXV9.DE,0.25958061559146295,EU,P3 (2020-2022),REFLATION
EXV3.DE,EXV7.DE,0.644362830238881,EU,P3 (2020-2022),REFLATION
EXV8.DE,EXV7.DE,0.8013630096569023,EU,P3 (2020-2022),REFLATION
EXV1.DE,EXV7.DE,0.4768955933236393,EU,P3 (2020-2022),REFLATION
EXV5.DE,EXV7.DE,0.6450290122745488,EU,P3 (2020-2022),REFLATION
EXV6.DE,EXV7.DE,0.5468010389082139,EU,P3 (2020-2022),REFLATION
EXV4.DE,EXV7.DE,0.5325128656919296,EU,P3 (2020-2022),REFLATION
EXV2.DE,EXV7.DE,0.5735574374818418,EU,P3 (2020-2022),REFLATION
EXW1.DE,EXV7.DE,0.8260640329012928,EU,P3 (2020-2022),REFLATION
EXI5.DE,EXV7.DE,0.5562411142136232,EU,P3 (2020-2022),REFLATION
EXV9.DE,EXV7.DE,0.5214755144438606,EU,P3 (2020-2022),REFLATION
EXV7.DE,EXV7.DE,1.0,EU,P3 (2020-2022),REFLATION
SXRS.DE,EXV7.DE,0.29083743151946606,EU,P3 (2020-2022),REFLATION
EXV3.DE,SXRS.DE,0.16164574505482315,EU,P3 (2020-2022),REFLATION
EXV8.DE,SXRS.DE,0.25615281064818873,EU,P3 (2020-2022),REFLATION
EXV1.DE,SXRS.DE,0.2514844519698775,EU,P3 (2020-2022),REFLATION
EXV5.DE,SXRS.DE,0.25993011459175636,EU,P3 (2020-2022),REFLATION
EXV6.DE,SXRS.DE,0.3942401987872712,EU,P3 (2020-2022),REFLATION
EXV4.DE,SXRS.DE,0.2001763682004891,EU,P3 (2020-2022),REFLATION
EXV2.DE,SXRS.DE,0.2833821015646464,EU,P3 (2020-2022),REFLATION
EXW1.DE,SXRS.DE,0.29123437954676124,EU,P3 (2020-2022),REFLATION
EXI5.DE,SXRS.DE,0.16817927566350074,EU,P3 (2020-2022),REFLATION
EXV9.DE,SXRS.DE,0.25958061559146295,EU,P3 (2020-2022),REFLATION
EXV7.DE,SXRS.DE,0.29083743151946606,EU,P3 (2020-2022),REFLATION
SXRS.DE,SXRS.DE,1.0,EU,P3 (2020-2022),REFLATION
EXV3.DE,EXV3.DE,1.0,EU,P3 (2020-2022),STAGFLATION
EXV8.DE,EXV3.DE,0.8128616112033559,EU,P3 (2020-2022),STAGFLATION
EXV1.DE,EXV3.DE,0.6305036930679313,EU,P3 (2020-2022),STAGFLATION
EXV5.DE,EXV3.DE,0.7399688482890338,EU,P3 (2020-2022),STAGFLATION
EXV6.DE,EXV3.DE,0.5001973704188416,EU,P3 (2020-2022),STAGFLATION
EXV4.DE,EXV3.DE,0.5632255287947333,EU,P3 (2020-2022),STAGFLATION
EXV2.DE,EXV3.DE,0.5053230377979695,EU,P3 (2020-2022),STAGFLATION
EXW1.DE,EXV3.DE,0.8722184313463505,EU,P3 (2020-2022),STAGFLATION
EXI5.DE,EXV3.DE,0.6846371521103616,EU,P3 (2020-2022),STAGFLATION
EXV9.DE,EXV3.DE,0.7923973620276226,EU,P3 (2020-2022),STAGFLATION
EXV7.DE,EXV3.DE,0.7882928324469407,EU,P3 (2020-2022),STAGFLATION
SXRS.DE,EXV3.DE,-0.09036081238580024,EU,P3 (2020-2022),STAGFLATION
EXV3.DE,EXV8.DE,0.8128616112033559,EU,P3 (2020-2022),STAGFLATION
EXV8.DE,EXV8.DE,1.0,EU,P3 (2020-2022),STAGFLATION
EXV1.DE,EXV8.DE,0.7619254979407739,EU,P3 (2020-2022),STAGFLATION
EXV5.DE,EXV8.DE,0.8103663853823239,EU,P3 (2020-2022),STAGFLATION
EXV6.DE,EXV8.DE,0.5295483517044597,EU,P3 (2020-2022),STAGFLATION
EXV4.DE,EXV8.DE,0.6307972039770419,EU,P3 (2020-2022),STAGFLATION
EXV2.DE,EXV8.DE,0.6862588284763703,EU,P3 (2020-2022),STAGFLATION
EXW1.DE,EXV8.DE,0.911240562507421,EU,P3 (2020-2022),STAGFLATION
EXI5.DE,EXV8.DE,0.7337478333429963,EU,P3 (2020-2022),STAGFLATION
EXV9.DE,EXV8.DE,0.773874260671441,EU,P3 (2020-2022),STAGFLATION
EXV7.DE,EXV8.DE,0.8795088712717648,EU,P3 (2020-2022),STAGFLATION
SXRS.DE,EXV8.DE,-0.16696649637694846,EU,P3 (2020-2022),STAGFLATION
EXV3.DE,EXV1.DE,0.6305036930679313,EU,P3 (2020-2022),STAGFLATION
EXV8.DE,EXV1.DE,0.7619254979407739,EU,P3 (2020-2022),STAGFLATION
EXV1.DE,EXV1.DE,1.0,EU,P3 (2020-2022),STAGFLATION
EXV5.DE,EXV1.DE,0.8303572326390529,EU,P3 (2020-2022),STAGFLATION
EXV6.DE,EXV1.DE,0.5214880527860554,EU,P3 (2020-2022),STAGFLATION
EXV4.DE,EXV1.DE,0.4441184878056545,EU,P3 (2020-2022),STAGFLATION
EXV2.DE,EXV1.DE,0.6990420274487714,EU,P3 (2020-2022),STAGFLATION
EXW1.DE,EXV1.DE,0.8578830325562591,EU,P3 (2020-2022),STAGFLATION
EXI5.DE,EXV1.DE,0.5572727640237742,EU,P3 (2020-2022),STAGFLATION
EXV9.DE,EXV1.DE,0.7061025351360762,EU,P3 (2020-2022),STAGFLATION
EXV7.DE,EXV1.DE,0.7363291444311635,EU,P3 (2020-2022),STAGFLATION
SXRS.DE,EXV1.DE,-0.23441606688151426,EU,P3 (2020-2022),STAGFLATION
EXV3.DE,EXV5.DE,0.7399688482890338,EU,P3 (2020-2022),STAGFLATION
EXV8.DE,EXV5.DE,0.8103663853823239,EU,P3 (2020-2022),STAGFLATION
EXV1.DE,EXV5.DE,0.8303572326390529,EU,P3 (2020-2022),STAGFLATION
EXV5.DE,EXV5.DE,1.0,EU,P3 (2020-2022),STAGFLATION
EXV6.DE,EXV5.DE,0.46433782910241816,EU,P3 (2020-2022),STAGFLATION
EXV4.DE,EXV5.DE,0.4552790948960666,EU,P3 (2020-2022),STAGFLATION
EXV2.DE,EXV5.DE,0.6203157196506844,EU,P3 (2020-2022),STAGFLATION
EXW1.DE,EXV5.DE,0.8873891632867421,EU,P3 (2020-2022),STAGFLATION
EXI5.DE,EXV5.DE,0.6321172058751142,EU,P3 (2020-2022),STAGFLATION
EXV9.DE,EXV5.DE,0.7624829563257951,EU,P3 (2020-2022),STAGFLATION
EXV7.DE,EXV5.DE,0.8159813169816748,EU,P3 (2020-2022),STAGFLATION
SXRS.DE,EXV5.DE,-0.22881436973672561,EU,P3 (2020-2022),STAGFLATION
EXV3.DE,EXV6.DE,0.5001973704188416,EU,P3 (2020-2022),STAGFLATION
EXV8.DE,EXV6.DE,0.5295483517044597,EU,P3 (2020-2022),STAGFLATION
EXV1.DE,EXV6.DE,0.5214880527860554,EU,P3 (2020-2022),STAGFLATION
EXV5.DE,EXV6.DE,0.46433782910241816,EU,P3 (2020-2022),STAGFLATION
EXV6.DE,EXV6.DE,1.0,EU,P3 (2020-2022),STAGFLATION
EXV4.DE,EXV6.DE,0.381021455539042,EU,P3 (2020-2022),STAGFLATION
EXV2.DE,EXV6.DE,0.4569066624094768,EU,P3 (2020-2022),STAGFLATION
EXW1.DE,EXV6.DE,0.5482417442830678,EU,P3 (2020-2022),STAGFLATION
EXI5.DE,EXV6.DE,0.4554186808911595,EU,P3 (2020-2022),STAGFLATION
EXV9.DE,EXV6.DE,0.4408161720997553,EU,P3 (2020-2022),STAGFLATION
EXV7.DE,EXV6.DE,0.5680841924819875,EU,P3 (2020-2022),STAGFLATION
SXRS.DE,EXV6.DE,0.3586488125670736,EU,P3 (2020-2022),STAGFLATION
EXV3.DE,EXV4.DE,0.5632255287947333,EU,P3 (2020-2022),STAGFLATION
EXV8.DE,EXV4.DE,0.6307972039770419,EU,P3 (2020-2022),STAGFLATION
EXV1.DE,EXV4.DE,0.4441184878056545,EU,P3 (2020-2022),STAGFLATION
EXV5.DE,EXV4.DE,0.4552790948960666,EU,P3 (2020-2022),STAGFLATION
EXV6.DE,EXV4.DE,0.381021455539042,EU,P3 (2020-2022),STAGFLATION
EXV4.DE,EXV4.DE,1.0,EU,P3 (2020-2022),STAGFLATION
EXV2.DE,EXV4.DE,0.6258974616632291,EU,P3 (2020-2022),STAGFLATION
EXW1.DE,EXV4.DE,0.6368197371531267,EU,P3 (2020-2022),STAGFLATION
EXI5.DE,EXV4.DE,0.5716925459636069,EU,P3 (2020-2022),STAGFLATION
EXV9.DE,EXV4.DE,0.5456596408805412,EU,P3 (2020-2022),STAGFLATION
EXV7.DE,EXV4.DE,0.6187333630145684,EU,P3 (2020-2022),STAGFLATION
SXRS.DE,EXV4.DE,-0.05319554139912883,EU,P3 (2020-2022),STAGFLATION
EXV3.DE,EXV2.DE,0.5053230377979695,EU,P3 (2020-2022),STAGFLATION
EXV8.DE,EXV2.DE,0.6862588284763703,EU,P3 (2020-2022),STAGFLATION
EXV1.DE,EXV2.DE,0.6990420274487714,EU,P3 (2020-2022),STAGFLATION
EXV5.DE,EXV2.DE,0.6203157196506844,EU,P3 (2020-2022),STAGFLATION
EXV6.DE,EXV2.DE,0.4569066624094768,EU,P3 (2020-2022),STAGFLATION
EXV4.DE,EXV2.DE,0.6258974616632291,EU,P3 (2020-2022),STAGFLATION
EXV2.DE,EXV2.DE,1.0,EU,P3 (2020-2022),STAGFLATION
EXW1.DE,EXV2.DE,0.707027959861407,EU,P3 (2020-2022),STAGFLATION
EXI5.DE,EXV2.DE,0.5635530224993032,EU,P3 (2020-2022),STAGFLATION
EXV9.DE,EXV2.DE,0.5778431358574517,EU,P3 (2020-2022),STAGFLATION
EXV7.DE,EXV2.DE,0.6535808276684554,EU,P3 (2020-2022),STAGFLATION
SXRS.DE,EXV2.DE,-0.14384939683096265,EU,P3 (2020-2022),STAGFLATION
EXV3.DE,EXW1.DE,0.8722184313463505,EU,P3 (2020-2022),STAGFLATION
EXV8.DE,EXW1.DE,0.911240562507421,EU,P3 (2020-2022),STAGFLATION
EXV1.DE,EXW1.DE,0.8578830325562591,EU,P3 (2020-2022),STAGFLATION
EXV5.DE,EXW1.DE,0.8873891632867421,EU,P3 (2020-2022),STAGFLATION
EXV6.DE,EXW1.DE,0.5482417442830678,EU,P3 (2020-2022),STAGFLATION
EXV4.DE,EXW1.DE,0.6368197371531267,EU,P3 (2020-2022),STAGFLATION
EXV2.DE,EXW1.DE,0.707027959861407,EU,P3 (2020-2022),STAGFLATION
EXW1.DE,EXW1.DE,1.0,EU,P3 (2020-2022),STAGFLATION
EXI5.DE,EXW1.DE,0.7262767198444829,EU,P3 (2020-2022),STAGFLATION
EXV9.DE,EXW1.DE,0.8346834607488031,EU,P3 (2020-2022),STAGFLATION
EXV7.DE,EXW1.DE,0.90428085178031,EU,P3 (2020-2022),STAGFLATION
SXRS.DE,EXW1.DE,-0.1885542011992705,EU,P3 (2020-2022),STAGFLATION
EXV3.DE,EXI5.DE,0.6846371521103616,EU,P3 (2020-2022),STAGFLATION
EXV8.DE,EXI5.DE,0.7337478333429963,EU,P3 (2020-2022),STAGFLATION
EXV1.DE,EXI5.DE,0.5572727640237742,EU,P3 (2020-2022),STAGFLATION
EXV5.DE,EXI5.DE,0.6321172058751142,EU,P3 (2020-2022),STAGFLATION
EXV6.DE,EXI5.DE,0.4554186808911595,EU,P3 (2020-2022),STAGFLATION
EXV4.DE,EXI5.DE,0.5716925459636069,EU,P3 (2020-2022),STAGFLATION
EXV2.DE,EXI5.DE,0.5635530224993032,EU,P3 (2020-2022),STAGFLATION
EXW1.DE,EXI5.DE,0.7262767198444829,EU,P3 (2020-2022),STAGFLATION
EXI5.DE,EXI5.DE,1.0,EU,P3 (2020-2022),STAGFLATION
EXV9.DE,EXI5.DE,0.6656545404173752,EU,P3 (2020-2022),STAGFLATION
EXV7.DE,EXI5.DE,0.6874815863849528,EU,P3 (2020-2022),STAGFLATION
SXRS.DE,EXI5.DE,-0.10225577885609381,EU,P3 (2020-2022),STAGFLATION
EXV3.DE,EXV9.DE,0.7923973620276226,EU,P3 (2020-2022),STAGFLATION
EXV8.DE,EXV9.DE,0.773874260671441,EU,P3 (2020-2022),STAGFLATION
EXV1.DE,EXV9.DE,0.7061025351360762,EU,P3 (2020-2022),STAGFLATION
EXV5.DE,EXV9.DE,0.7624829563257951,EU,P3 (2020-2022),STAGFLATION
EXV6.DE,EXV9.DE,0.4408161720997553,EU,P3 (2020-2022),STAGFLATION
EXV4.DE,EXV9.DE,0.5456596408805412,EU,P3 (2020-2022),STAGFLATION
EXV2.DE,EXV9.DE,0.5778431358574517,EU,P3 (2020-2022),STAGFLATION
EXW1.DE,EXV9.DE,0.8346834607488031,EU,P3 (2020-2022),STAGFLATION
EXI5.DE,EXV9.DE,0.6656545404173752,EU,P3 (2020-2022),STAGFLATION
EXV9.DE,EXV9.DE,1.0,EU,P3 (2020-2022),STAGFLATION
EXV7.DE,EXV9.DE,0.732156185472193,EU,P3 (2020-2022),STAGFLATION
SXRS.DE,EXV9.DE,-0.19115617126228354,EU,P3 (2020-2022),STAGFLATION
EXV3.DE,EXV7.DE,0.7882928324469407,EU,P3 (2020-2022),STAGFLATION
EXV8.DE,EXV7.DE,0.8795088712717648,EU,P3 (2020-2022),STAGFLATION
EXV1.DE,EXV7.DE,0.7363291444311635,EU,P3 (2020-2022),STAGFLATION
EXV5.DE,EXV7.DE,0.8159813169816748,EU,P3 (2020-2022),STAGFLATION
EXV6.DE,EXV7.DE,0.5680841924819875,EU,P3 (2020-2022),STAGFLATION
EXV4.DE,EXV7.DE,0.6187333630145684,EU,P3 (2020-2022),STAGFLATION
EXV2.DE,EXV7.DE,0.6535808276684554,EU,P3 (2020-2022),STAGFLATION
EXW1.DE,EXV7.DE,0.90428085178031,EU,P3 (2020-2022),STAGFLATION
EXI5.DE,EXV7.DE,0.6874815863849528,EU,P3 (2020-2022),STAGFLATION
EXV9.DE,EXV7.DE,0.732156185472193,EU,P3 (2020-2022),STAGFLATION
EXV7.DE,EXV7.DE,1.0,EU,P3 (2020-2022),STAGFLATION
SXRS.DE,EXV7.DE,-0.08323959349075456,EU,P3 (2020-2022),STAGFLATION
EXV3.DE,SXRS.DE,-0.09036081238580024,EU,P3 (2020-2022),STAGFLATION
EXV8.DE,SXRS.DE,-0.16696649637694846,EU,P3 (2020-2022),STAGFLATION
EXV1.DE,SXRS.DE,-0.23441606688151426,EU,P3 (2020-2022),STAGFLATION
EXV5.DE,SXRS.DE,-0.22881436973672561,EU,P3 (2020-2022),STAGFLATION
EXV6.DE,SXRS.DE,0.3586488125670736,EU,P3 (2020-2022),STAGFLATION
EXV4.DE,SXRS.DE,-0.05319554139912883,EU,P3 (2020-2022),STAGFLATION
EXV2.DE,SXRS.DE,-0.14384939683096265,EU,P3 (2020-2022),STAGFLATION
EXW1.DE,SXRS.DE,-0.1885542011992705,EU,P3 (2020-2022),STAGFLATION
EXI5.DE,SXRS.DE,-0.10225577885609381,EU,P3 (2020-2022),STAGFLATION
EXV9.DE,SXRS.DE,-0.19115617126228354,EU,P3 (2020-2022),STAGFLATION
EXV7.DE,SXRS.DE,-0.08323959349075456,EU,P3 (2020-2022),STAGFLATION
SXRS.DE,SXRS.DE,1.0,EU,P3 (2020-2022),STAGFLATION
EXV3.DE,EXV3.DE,1.0,EU,P3 (2020-2022),DEFLATION
EXV8.DE,EXV3.DE,0.887668072504449,EU,P3 (2020-2022),DEFLATION
EXV1.DE,EXV3.DE,0.7639422756941836,EU,P3 (2020-2022),DEFLATION
EXV5.DE,EXV3.DE,0.8385950761033516,EU,P3 (2020-2022),DEFLATION
EXV6.DE,EXV3.DE,0.8431886305422448,EU,P3 (2020-2022),DEFLATION
EXV4.DE,EXV3.DE,0.7436970123751385,EU,P3 (2020-2022),DEFLATION
EXV2.DE,EXV3.DE,0.7277493117232661,EU,P3 (2020-2022),DEFLATION
EXW1.DE,EXV3.DE,0.9233462369535921,EU,P3 (2020-2022),DEFLATION
EXI5.DE,EXV3.DE,0.803319729667321,EU,P3 (2020-2022),DEFLATION
EXV9.DE,EXV3.DE,0.7692549364611497,EU,P3 (2020-2022),DEFLATION
EXV7.DE,EXV3.DE,0.8664950868350668,EU,P3 (2020-2022),DEFLATION
SXRS.DE,EXV3.DE,0.6053191163542881,EU,P3 (2020-2022),DEFLATION
EXV3.DE,EXV8.DE,0.887668072504449,EU,P3 (2020-2022),DEFLATION
EXV8.DE,EXV8.DE,1.0,EU,P3 (2020-2022),DEFLATION
EXV1.DE,EXV8.DE,0.8484027029499235,EU,P3 (2020-2022),DEFLATION
EXV5.DE,EXV8.DE,0.8940827256378139,EU,P3 (2020-2022),DEFLATION
EXV6.DE,EXV8.DE,0.8803306872497931,EU,P3 (2020-2022),DEFLATION
EXV4.DE,EXV8.DE,0.7283363929264232,EU,P3 (2020-2022),DEFLATION
EXV2.DE,EXV8.DE,0.7812698904823547,EU,P3 (2020-2022),DEFLATION
EXW1.DE,EXV8.DE,0.9525357873928335,EU,P3 (2020-2022),DEFLATION
EXI5.DE,EXV8.DE,0.8534919497700376,EU,P3 (2020-2022),DEFLATION
EXV9.DE,EXV8.DE,0.8576323287135531,EU,P3 (2020-2022),DEFLATION
EXV7.DE,EXV8.DE,0.8823240452953144,EU,P3 (2020-2022),DEFLATION
SXRS.DE,EXV8.DE,0.6206409555287552,EU,P3 (2020-2022),DEFLATION
EXV3.DE,EXV1.DE,0.7639422756941836,EU,P3 (2020-2022),DEFLATION
EXV8.DE,EXV1.DE,0.8484027029499235,EU,P3 (2020-2022),DEFLATION
EXV1.DE,EXV1.DE,1.0,EU,P3 (2020-2022),DEFLATION
EXV5.DE,EXV1.DE,0.9055684396111531,EU,P3 (2020-2022),DEFLATION
EXV6.DE,EXV1.DE,0.8251262686814196,EU,P3 (2020-2022),DEFLATION
EXV4.DE,EXV1.DE,0.5370595185666028,EU,P3 (2020-2022),DEFLATION
EXV2.DE,EXV1.DE,0.7696594474754638,EU,P3 (2020-2022),DEFLATION
EXW1.DE,EXV1.DE,0.903849085746199,EU,P3 (2020-2022),DEFLATION
EXI5.DE,EXV1.DE,0.753646045122543,EU,P3 (2020-2022),DEFLATION
EXV9.DE,EXV1.DE,0.7980632413670139,EU,P3 (2020-2022),DEFLATION
EXV7.DE,EXV1.DE,0.8456753547850985,EU,P3 (2020-2022),DEFLATION
SXRS.DE,EXV1.DE,0.5788459318065708,EU,P3 (2020-2022),DEFLATION
EXV3.DE,EXV5.DE,0.8385950761033516,EU,P3 (2020-2022),DEFLATION
EXV8.DE,EXV5.DE,0.8940827256378139,EU,P3 (2020-2022),DEFLATION
EXV1.DE,EXV5.DE,0.9055684396111531,EU,P3 (2020-2022),DEFLATION
EXV5.DE,EXV5.DE,1.0,EU,P3 (2020-2022),DEFLATION
EXV6.DE,EXV5.DE,0.8655833316945444,EU,P3 (2020-2022),DEFLATION
EXV4.DE,EXV5.DE,0.5764234539007137,EU,P3 (2020-2022),DEFLATION
EXV2.DE,EXV5.DE,0.7504613264042688,EU,P3 (2020-2022),DEFLATION
EXW1.DE,EXV5.DE,0.9356497796959226,EU,P3 (2020-2022),DEFLATION
EXI5.DE,EXV5.DE,0.7907483143779599,EU,P3 (2020-2022),DEFLATION
EXV9.DE,EXV5.DE,0.8226530760485237,EU,P3 (2020-2022),DEFLATION
EXV7.DE,EXV5.DE,0.8695624699612041,EU,P3 (2020-2022),DEFLATION
SXRS.DE,EXV5.DE,0.5802841088591499,EU,P3 (2020-2022),DEFLATION
EXV3.DE,EXV6.DE,0.8431886305422448,EU,P3 (2020-2022),DEFLATION
EXV8.DE,EXV6.DE,0.8803306872497931,EU,P3 (2020-2022),DEFLATION
EXV1.DE,EXV6.DE,0.8251262686814196,EU,P3 (2020-2022),DEFLATION
EXV5.DE,EXV6.DE,0.8655833316945444,EU,P3 (2020-2022),DEFLATION
EXV6.DE,EXV6.DE,1.0,EU,P3 (2020-2022),DEFLATION
EXV4.DE,EXV6.DE,0.6910670683822073,EU,P3 (2020-2022),DEFLATION
EXV2.DE,EXV6.DE,0.7521857179627756,EU,P3 (2020-2022),DEFLATION
EXW1.DE,EXV6.DE,0.9109722515480845,EU,P3 (2020-2022),DEFLATION
EXI5.DE,EXV6.DE,0.7533685217094848,EU,P3 (2020-2022),DEFLATION
EXV9.DE,EXV6.DE,0.7294871685368489,EU,P3 (2020-2022),DEFLATION
EXV7.DE,EXV6.DE,0.8855437710650679,EU,P3 (2020-2022),DEFLATION
SXRS.DE,EXV6.DE,0.6738188498663089,EU,P3 (2020-2022),DEFLATION
EXV3.DE,EXV4.DE,0.7436970123751385,EU,P3 (2020-2022),DEFLATION
EXV8.DE,EXV4.DE,0.7283363929264232,EU,P3 (2020-2022),DEFLATION
EXV1.DE,EXV4.DE,0.5370595185666028,EU,P3 (2020-2022),DEFLATION
EXV5.DE,EXV4.DE,0.5764234539007137,EU,P3 (2020-2022),DEFLATION
EXV6.DE,EXV4.DE,0.6910670683822073,EU,P3 (2020-2022),DEFLATION
EXV4.DE,EXV4.DE,1.0,EU,P3 (2020-2022),DEFLATION
EXV2.DE,EXV4.DE,0.7456354282604496,EU,P3 (2020-2022),DEFLATION
EXW1.DE,EXV4.DE,0.7446358606318297,EU,P3 (2020-2022),DEFLATION
EXI5.DE,EXV4.DE,0.5910391944221766,EU,P3 (2020-2022),DEFLATION
EXV9.DE,EXV4.DE,0.5212663811340628,EU,P3 (2020-2022),DEFLATION
EXV7.DE,EXV4.DE,0.7590708991114968,EU,P3 (2020-2022),DEFLATION
SXRS.DE,EXV4.DE,0.5025884703610641,EU,P3 (2020-2022),DEFLATION
EXV3.DE,EXV2.DE,0.7277493117232661,EU,P3 (2020-2022),DEFLATION
EXV8.DE,EXV2.DE,0.7812698904823547,EU,P3 (2020-2022),DEFLATION
EXV1.DE,EXV2.DE,0.7696594474754638,EU,P3 (2020-2022),DEFLATION
EXV5.DE,EXV2.DE,0.7504613264042688,EU,P3 (2020-2022),DEFLATION
EXV6.DE,EXV2.DE,0.7521857179627756,EU,P3 (2020-2022),DEFLATION
EXV4.DE,EXV2.DE,0.7456354282604496,EU,P3 (2020-2022),DEFLATION
EXV2.DE,EXV2.DE,1.0,EU,P3 (2020-2022),DEFLATION
EXW1.DE,EXV2.DE,0.8450764882312171,EU,P3 (2020-2022),DEFLATION
EXI5.DE,EXV2.DE,0.6610409468463831,EU,P3 (2020-2022),DEFLATION
EXV9.DE,EXV2.DE,0.5798441794944685,EU,P3 (2020-2022),DEFLATION
EXV7.DE,EXV2.DE,0.8561497411927446,EU,P3 (2020-2022),DEFLATION
SXRS.DE,EXV2.DE,0.5751461659484532,EU,P3 (2020-2022),DEFLATION
EXV3.DE,EXW1.DE,0.9233462369535921,EU,P3 (2020-2022),DEFLATION
EXV8.DE,EXW1.DE,0.9525357873928335,EU,P3 (2020-2022),DEFLATION
EXV1.DE,EXW1.DE,0.903849085746199,EU,P3 (2020-2022),DEFLATION
EXV5.DE,EXW1.DE,0.9356497796959226,EU,P3 (2020-2022),DEFLATION
EXV6.DE,EXW1.DE,0.9109722515480845,EU,P3 (2020-2022),DEFLATION
EXV4.DE,EXW1.DE,0.7446358606318297,EU,P3 (2020-2022),DEFLATION
EXV2.DE,EXW1.DE,0.8450764882312171,EU,P3 (2020-2022),DEFLATION
EXW1.DE,EXW1.DE,1.0,EU,P3 (2020-2022),DEFLATION
EXI5.DE,EXW1.DE,0.8393228509535281,EU,P3 (2020-2022),DEFLATION
EXV9.DE,EXW1.DE,0.8169790532178153,EU,P3 (2020-2022),DEFLATION
EXV7.DE,EXW1.DE,0.9424634767620476,EU,P3 (2020-2022),DEFLATION
SXRS.DE,EXW1.DE,0.6432285538801122,EU,P3 (2020-2022),DEFLATION
EXV3.DE,EXI5.DE,0.803319729667321,EU,P3 (2020-2022),DEFLATION
EXV8.DE,EXI5.DE,0.8534919497700376,EU,P3 (2020-2022),DEFLATION
EXV1.DE,EXI5.DE,0.753646045122543,EU,P3 (2020-2022),DEFLATION
EXV5.DE,EXI5.DE,0.7907483143779599,EU,P3 (2020-2022),DEFLATION
EXV6.DE,EXI5.DE,0.7533685217094848,EU,P3 (2020-2022),DEFLATION
EXV4.DE,EXI5.DE,0.5910391944221766,EU,P3 (2020-2022),DEFLATION
EXV2.DE,EXI5.DE,0.6610409468463831,EU,P3 (2020-2022),DEFLATION
EXW1.DE,EXI5.DE,0.8393228509535281,EU,P3 (2020-2022),DEFLATION
EXI5.DE,EXI5.DE,1.0,EU,P3 (2020-2022),DEFLATION
EXV9.DE,EXI5.DE,0.8400962846738912,EU,P3 (2020-2022),DEFLATION
EXV7.DE,EXI5.DE,0.7590535810994251,EU,P3 (2020-2022),DEFLATION
SXRS.DE,EXI5.DE,0.6166119587967615,EU,P3 (2020-2022),DEFLATION
EXV3.DE,EXV9.DE,0.7692549364611497,EU,P3 (2020-2022),DEFLATION
EXV8.DE,EXV9.DE,0.8576323287135531,EU,P3 (2020-2022),DEFLATION
EXV1.DE,EXV9.DE,0.7980632413670139,EU,P3 (2020-2022),DEFLATION
EXV5.DE,EXV9.DE,0.8226530760485237,EU,P3 (2020-2022),DEFLATION
EXV6.DE,EXV9.DE,0.7294871685368489,EU,P3 (2020-2022),DEFLATION
EXV4.DE,EXV9.DE,0.5212663811340628,EU,P3 (2020-2022),DEFLATION
EXV2.DE,EXV9.DE,0.5798441794944685,EU,P3 (2020-2022),DEFLATION
EXW1.DE,EXV9.DE,0.8169790532178153,EU,P3 (2020-2022),DEFLATION
EXI5.DE,EXV9.DE,0.8400962846738912,EU,P3 (2020-2022),DEFLATION
EXV9.DE,EXV9.DE,1.0,EU,P3 (2020-2022),DEFLATION
EXV7.DE,EXV9.DE,0.7131121564236058,EU,P3 (2020-2022),DEFLATION
SXRS.DE,EXV9.DE,0.517986251189772,EU,P3 (2020-2022),DEFLATION
EXV3.DE,EXV7.DE,0.8664950868350668,EU,P3 (2020-2022),DEFLATION
EXV8.DE,EXV7.DE,0.8823240452953144,EU,P3 (2020-2022),DEFLATION
EXV1.DE,EXV7.DE,0.8456753547850985,EU,P3 (2020-2022),DEFLATION
EXV5.DE,EXV7.DE,0.8695624699612041,EU,P3 (2020-2022),DEFLATION
EXV6.DE,EXV7.DE,0.8855437710650679,EU,P3 (2020-2022),DEFLATION
EXV4.DE,EXV7.DE,0.7590708991114968,EU,P3 (2020-2022),DEFLATION
EXV2.DE,EXV7.DE,0.8561497411927446,EU,P3 (2020-2022),DEFLATION
EXW1.DE,EXV7.DE,0.9424634767620476,EU,P3 (2020-2022),DEFLATION
EXI5.DE,EXV7.DE,0.7590535810994251,EU,P3 (2020-2022),DEFLATION
EXV9.DE,EXV7.DE,0.7131121564236058,EU,P3 (2020-2022),DEFLATION
EXV7.DE,EXV7.DE,1.0,EU,P3 (2020-2022),DEFLATION
SXRS.DE,EXV7.DE,0.6383563276706995,EU,P3 (2020-2022),DEFLATION
EXV3.DE,SXRS.DE,0.6053191163542881,EU,P3 (2020-2022),DEFLATION
EXV8.DE,SXRS.DE,0.6206409555287552,EU,P3 (2020-2022),DEFLATION
EXV1.DE,SXRS.DE,0.5788459318065708,EU,P3 (2020-2022),DEFLATION
EXV5.DE,SXRS.DE,0.5802841088591499,EU,P3 (2020-2022),DEFLATION
EXV6.DE,SXRS.DE,0.6738188498663089,EU,P3 (2020-2022),DEFLATION
EXV4.DE,SXRS.DE,0.5025884703610641,EU,P3 (2020-2022),DEFLATION
EXV2.DE,SXRS.DE,0.5751461659484532,EU,P3 (2020-2022),DEFLATION
EXW1.DE,SXRS.DE,0.6432285538801122,EU,P3 (2020-2022),DEFLATION
EXI5.DE,SXRS.DE,0.6166119587967615,EU,P3 (2020-2022),DEFLATION
EXV9.DE,SXRS.DE,0.517986251189772,EU,P3 (2020-2022),DEFLATION
EXV7.DE,SXRS.DE,0.6383563276706995,EU,P3 (2020-2022),DEFLATION
SXRS.DE,SXRS.DE,1.0,EU,P3 (2020-2022),DEFLATION
EXV3.DE,EXV3.DE,1.0,EU,P4 (2023-2026),GOLDILOCKS
EXV8.DE,EXV3.DE,0.6086756835111965,EU,P4 (2023-2026),GOLDILOCKS
EXV1.DE,EXV3.DE,0.41385993672722254,EU,P4 (2023-2026),GOLDILOCKS
EXV5.DE,EXV3.DE,0.5701331985769045,EU,P4 (2023-2026),GOLDILOCKS
EXV6.DE,EXV3.DE,0.43158807500291163,EU,P4 (2023-2026),GOLDILOCKS
EXV4.DE,EXV3.DE,0.25829833232500743,EU,P4 (2023-2026),GOLDILOCKS
EXV2.DE,EXV3.DE,0.06080891338138521,EU,P4 (2023-2026),GOLDILOCKS
EXW1.DE,EXV3.DE,0.7982256739082887,EU,P4 (2023-2026),GOLDILOCKS
EXI5.DE,EXV3.DE,0.32332470505854716,EU,P4 (2023-2026),GOLDILOCKS
EXV9.DE,EXV3.DE,0.5550884165253144,EU,P4 (2023-2026),GOLDILOCKS
EXV7.DE,EXV3.DE,0.5181628995386249,EU,P4 (2023-2026),GOLDILOCKS
SXRS.DE,EXV3.DE,-0.0017541311720949433,EU,P4 (2023-2026),GOLDILOCKS
EXV3.DE,EXV8.DE,0.6086756835111965,EU,P4 (2023-2026),GOLDILOCKS
EXV8.DE,EXV8.DE,1.0,EU,P4 (2023-2026),GOLDILOCKS
EXV1.DE,EXV8.DE,0.63893528223021,EU,P4 (2023-2026),GOLDILOCKS
EXV5.DE,EXV8.DE,0.6729135258869637,EU,P4 (2023-2026),GOLDILOCKS
EXV6.DE,EXV8.DE,0.4961242501095478,EU,P4 (2023-2026),GOLDILOCKS
EXV4.DE,EXV8.DE,0.31504570856484304,EU,P4 (2023-2026),GOLDILOCKS
EXV2.DE,EXV8.DE,0.3003682764479517,EU,P4 (2023-2026),GOLDILOCKS
EXW1.DE,EXV8.DE,0.8194056603321516,EU,P4 (2023-2026),GOLDILOCKS
EXI5.DE,EXV8.DE,0.510125927795847,EU,P4 (2023-2026),GOLDILOCKS
EXV9.DE,EXV8.DE,0.6407374306547852,EU,P4 (2023-2026),GOLDILOCKS
EXV7.DE,EXV8.DE,0.7173508544171676,EU,P4 (2023-2026),GOLDILOCKS
SXRS.DE,EXV8.DE,-0.0665715127833034,EU,P4 (2023-2026),GOLDILOCKS
EXV3.DE,EXV1.DE,0.41385993672722254,EU,P4 (2023-2026),GOLDILOCKS
EXV8.DE,EXV1.DE,0.63893528223021,EU,P4 (2023-2026),GOLDILOCKS
EXV1.DE,EXV1.DE,1.0,EU,P4 (2023-2026),GOLDILOCKS
EXV5.DE,EXV1.DE,0.557638972764302,EU,P4 (2023-2026),GOLDILOCKS
EXV6.DE,EXV1.DE,0.5036304097498403,EU,P4 (2023-2026),GOLDILOCKS
EXV4.DE,EXV1.DE,0.1886635988625271,EU,P4 (2023-2026),GOLDILOCKS
EXV2.DE,EXV1.DE,0.33910072020942683,EU,P4 (2023-2026),GOLDILOCKS
EXW1.DE,EXV1.DE,0.736111692594038,EU,P4 (2023-2026),GOLDILOCKS
EXI5.DE,EXV1.DE,0.30220310570190934,EU,P4 (2023-2026),GOLDILOCKS
EXV9.DE,EXV1.DE,0.5221627104553631,EU,P4 (2023-2026),GOLDILOCKS
EXV7.DE,EXV1.DE,0.5412646136734939,EU,P4 (2023-2026),GOLDILOCKS
SXRS.DE,EXV1.DE,0.016088411414554468,EU,P4 (2023-2026),GOLDILOCKS
EXV3.DE,EXV5.DE,0.5701331985769045,EU,P4 (2023-2026),GOLDILOCKS
EXV8.DE,EXV5.DE,0.6729135258869637,EU,P4 (2023-2026),GOLDILOCKS
EXV1.DE,EXV5.DE,0.557638972764302,EU,P4 (2023-2026),GOLDILOCKS
EXV5.DE,EXV5.DE,1.0,EU,P4 (2023-2026),GOLDILOCKS
EXV6.DE,EXV5.DE,0.4646535212730806,EU,P4 (2023-2026),GOLDILOCKS
EXV4.DE,EXV5.DE,0.22021337312817948,EU,P4 (2023-2026),GOLDILOCKS
EXV2.DE,EXV5.DE,0.1884574011850715,EU,P4 (2023-2026),GOLDILOCKS
EXW1.DE,EXV5.DE,0.7426338282590044,EU,P4 (2023-2026),GOLDILOCKS
EXI5.DE,EXV5.DE,0.3177232017365584,EU,P4 (2023-2026),GOLDILOCKS
EXV9.DE,EXV5.DE,0.5471689778961228,EU,P4 (2023-2026),GOLDILOCKS
EXV7.DE,EXV5.DE,0.6185212292532823,EU,P4 (2023-2026),GOLDILOCKS
SXRS.DE,EXV5.DE,-0.0010645561054171834,EU,P4 (2023-2026),GOLDILOCKS
EXV3.DE,EXV6.DE,0.43158807500291163,EU,P4 (2023-2026),GOLDILOCKS
EXV8.DE,EXV6.DE,0.4961242501095478,EU,P4 (2023-2026),GOLDILOCKS
EXV1.DE,EXV6.DE,0.5036304097498403,EU,P4 (2023-2026),GOLDILOCKS
EXV5.DE,EXV6.DE,0.4646535212730806,EU,P4 (2023-2026),GOLDILOCKS
EXV6.DE,EXV6.DE,1.0,EU,P4 (2023-2026),GOLDILOCKS
EXV4.DE,EXV6.DE,0.20471717530244538,EU,P4 (2023-2026),GOLDILOCKS
EXV2.DE,EXV6.DE,0.16807026692073362,EU,P4 (2023-2026),GOLDILOCKS
EXW1.DE,EXV6.DE,0.5488894870073511,EU,P4 (2023-2026),GOLDILOCKS
EXI5.DE,EXV6.DE,0.3058801551723934,EU,P4 (2023-2026),GOLDILOCKS
EXV9.DE,EXV6.DE,0.39718171528618745,EU,P4 (2023-2026),GOLDILOCKS
EXV7.DE,EXV6.DE,0.5257775192480878,EU,P4 (2023-2026),GOLDILOCKS
SXRS.DE,EXV6.DE,0.28740108296744,EU,P4 (2023-2026),GOLDILOCKS
EXV3.DE,EXV4.DE,0.25829833232500743,EU,P4 (2023-2026),GOLDILOCKS
EXV8.DE,EXV4.DE,0.31504570856484304,EU,P4 (2023-2026),GOLDILOCKS
EXV1.DE,EXV4.DE,0.1886635988625271,EU,P4 (2023-2026),GOLDILOCKS
EXV5.DE,EXV4.DE,0.22021337312817948,EU,P4 (2023-2026),GOLDILOCKS
EXV6.DE,EXV4.DE,0.20471717530244538,EU,P4 (2023-2026),GOLDILOCKS
EXV4.DE,EXV4.DE,1.0,EU,P4 (2023-2026),GOLDILOCKS
EXV2.DE,EXV4.DE,0.20198129871440965,EU,P4 (2023-2026),GOLDILOCKS
EXW1.DE,EXV4.DE,0.3755977622343818,EU,P4 (2023-2026),GOLDILOCKS
EXI5.DE,EXV4.DE,0.1915327787076264,EU,P4 (2023-2026),GOLDILOCKS
EXV9.DE,EXV4.DE,0.23054825618352975,EU,P4 (2023-2026),GOLDILOCKS
EXV7.DE,EXV4.DE,0.4125723831019642,EU,P4 (2023-2026),GOLDILOCKS
SXRS.DE,EXV4.DE,0.04335360687356153,EU,P4 (2023-2026),GOLDILOCKS
EXV3.DE,EXV2.DE,0.06080891338138521,EU,P4 (2023-2026),GOLDILOCKS
EXV8.DE,EXV2.DE,0.3003682764479517,EU,P4 (2023-2026),GOLDILOCKS
EXV1.DE,EXV2.DE,0.33910072020942683,EU,P4 (2023-2026),GOLDILOCKS
EXV5.DE,EXV2.DE,0.1884574011850715,EU,P4 (2023-2026),GOLDILOCKS
EXV6.DE,EXV2.DE,0.16807026692073362,EU,P4 (2023-2026),GOLDILOCKS
EXV4.DE,EXV2.DE,0.20198129871440965,EU,P4 (2023-2026),GOLDILOCKS
EXV2.DE,EXV2.DE,1.0,EU,P4 (2023-2026),GOLDILOCKS
EXW1.DE,EXV2.DE,0.30321125398128757,EU,P4 (2023-2026),GOLDILOCKS
EXI5.DE,EXV2.DE,0.3920597194977237,EU,P4 (2023-2026),GOLDILOCKS
EXV9.DE,EXV2.DE,0.27899555920924873,EU,P4 (2023-2026),GOLDILOCKS
EXV7.DE,EXV2.DE,0.29172938502393964,EU,P4 (2023-2026),GOLDILOCKS
SXRS.DE,EXV2.DE,-0.07762006165885,EU,P4 (2023-2026),GOLDILOCKS
EXV3.DE,EXW1.DE,0.7982256739082887,EU,P4 (2023-2026),GOLDILOCKS
EXV8.DE,EXW1.DE,0.8194056603321516,EU,P4 (2023-2026),GOLDILOCKS
EXV1.DE,EXW1.DE,0.736111692594038,EU,P4 (2023-2026),GOLDILOCKS
EXV5.DE,EXW1.DE,0.7426338282590044,EU,P4 (2023-2026),GOLDILOCKS
EXV6.DE,EXW1.DE,0.5488894870073511,EU,P4 (2023-2026),GOLDILOCKS
EXV4.DE,EXW1.DE,0.3755977622343818,EU,P4 (2023-2026),GOLDILOCKS
EXV2.DE,EXW1.DE,0.30321125398128757,EU,P4 (2023-2026),GOLDILOCKS
EXW1.DE,EXW1.DE,1.0,EU,P4 (2023-2026),GOLDILOCKS
EXI5.DE,EXW1.DE,0.39030288838660687,EU,P4 (2023-2026),GOLDILOCKS
EXV9.DE,EXW1.DE,0.6689709386570565,EU,P4 (2023-2026),GOLDILOCKS
EXV7.DE,EXW1.DE,0.754220181500383,EU,P4 (2023-2026),GOLDILOCKS
SXRS.DE,EXW1.DE,-0.010933515538876417,EU,P4 (2023-2026),GOLDILOCKS
EXV3.DE,EXI5.DE,0.32332470505854716,EU,P4 (2023-2026),GOLDILOCKS
EXV8.DE,EXI5.DE,0.510125927795847,EU,P4 (2023-2026),GOLDILOCKS
EXV1.DE,EXI5.DE,0.30220310570190934,EU,P4 (2023-2026),GOLDILOCKS
EXV5.DE,EXI5.DE,0.3177232017365584,EU,P4 (2023-2026),GOLDILOCKS
EXV6.DE,EXI5.DE,0.3058801551723934,EU,P4 (2023-2026),GOLDILOCKS
EXV4.DE,EXI5.DE,0.1915327787076264,EU,P4 (2023-2026),GOLDILOCKS
EXV2.DE,EXI5.DE,0.3920597194977237,EU,P4 (2023-2026),GOLDILOCKS
EXW1.DE,EXI5.DE,0.39030288838660687,EU,P4 (2023-2026),GOLDILOCKS
EXI5.DE,EXI5.DE,1.0,EU,P4 (2023-2026),GOLDILOCKS
EXV9.DE,EXI5.DE,0.3904724117202431,EU,P4 (2023-2026),GOLDILOCKS
EXV7.DE,EXI5.DE,0.42568270872599895,EU,P4 (2023-2026),GOLDILOCKS
SXRS.DE,EXI5.DE,-0.059552578295122414,EU,P4 (2023-2026),GOLDILOCKS
EXV3.DE,EXV9.DE,0.5550884165253144,EU,P4 (2023-2026),GOLDILOCKS
EXV8.DE,EXV9.DE,0.6407374306547852,EU,P4 (2023-2026),GOLDILOCKS
EXV1.DE,EXV9.DE,0.5221627104553631,EU,P4 (2023-2026),GOLDILOCKS
EXV5.DE,EXV9.DE,0.5471689778961228,EU,P4 (2023-2026),GOLDILOCKS
EXV6.DE,EXV9.DE,0.39718171528618745,EU,P4 (2023-2026),GOLDILOCKS
EXV4.DE,EXV9.DE,0.23054825618352975,EU,P4 (2023-2026),GOLDILOCKS
EXV2.DE,EXV9.DE,0.27899555920924873,EU,P4 (2023-2026),GOLDILOCKS
EXW1.DE,EXV9.DE,0.6689709386570565,EU,P4 (2023-2026),GOLDILOCKS
EXI5.DE,EXV9.DE,0.3904724117202431,EU,P4 (2023-2026),GOLDILOCKS
EXV9.DE,EXV9.DE,1.0,EU,P4 (2023-2026),GOLDILOCKS
EXV7.DE,EXV9.DE,0.5539419911644073,EU,P4 (2023-2026),GOLDILOCKS
SXRS.DE,EXV9.DE,-0.14009515032611242,EU,P4 (2023-2026),GOLDILOCKS
EXV3.DE,EXV7.DE,0.5181628995386249,EU,P4 (2023-2026),GOLDILOCKS
EXV8.DE,EXV7.DE,0.7173508544171676,EU,P4 (2023-2026),GOLDILOCKS
EXV1.DE,EXV7.DE,0.5412646136734939,EU,P4 (2023-2026),GOLDILOCKS
EXV5.DE,EXV7.DE,0.6185212292532823,EU,P4 (2023-2026),GOLDILOCKS
EXV6.DE,EXV7.DE,0.5257775192480878,EU,P4 (2023-2026),GOLDILOCKS
EXV4.DE,EXV7.DE,0.4125723831019642,EU,P4 (2023-2026),GOLDILOCKS
EXV2.DE,EXV7.DE,0.29172938502393964,EU,P4 (2023-2026),GOLDILOCKS
EXW1.DE,EXV7.DE,0.754220181500383,EU,P4 (2023-2026),GOLDILOCKS
EXI5.DE,EXV7.DE,0.42568270872599895,EU,P4 (2023-2026),GOLDILOCKS
EXV9.DE,EXV7.DE,0.5539419911644073,EU,P4 (2023-2026),GOLDILOCKS
EXV7.DE,EXV7.DE,1.0,EU,P4 (2023-2026),GOLDILOCKS
SXRS.DE,EXV7.DE,0.01467905509364894,EU,P4 (2023-2026),GOLDILOCKS
EXV3.DE,SXRS.DE,-0.0017541311720949433,EU,P4 (2023-2026),GOLDILOCKS
EXV8.DE,SXRS.DE,-0.0665715127833034,EU,P4 (2023-2026),GOLDILOCKS
EXV1.DE,SXRS.DE,0.016088411414554468,EU,P4 (2023-2026),GOLDILOCKS
EXV5.DE,SXRS.DE,-0.0010645561054171834,EU,P4 (2023-2026),GOLDILOCKS
EXV6.DE,SXRS.DE,0.28740108296744,EU,P4 (2023-2026),GOLDILOCKS
EXV4.DE,SXRS.DE,0.04335360687356153,EU,P4 (2023-2026),GOLDILOCKS
EXV2.DE,SXRS.DE,-0.07762006165885,EU,P4 (2023-2026),GOLDILOCKS
EXW1.DE,SXRS.DE,-0.010933515538876417,EU,P4 (2023-2026),GOLDILOCKS
EXI5.DE,SXRS.DE,-0.059552578295122414,EU,P4 (2023-2026),GOLDILOCKS
EXV9.DE,SXRS.DE,-0.14009515032611242,EU,P4 (2023-2026),GOLDILOCKS
EXV7.DE,SXRS.DE,0.01467905509364894,EU,P4 (2023-2026),GOLDILOCKS
SXRS.DE,SXRS.DE,1.0,EU,P4 (2023-2026),GOLDILOCKS
EXV3.DE,EXV3.DE,1.0,EU,P4 (2023-2026),REFLATION
EXV8.DE,EXV3.DE,0.5844201332828093,EU,P4 (2023-2026),REFLATION
EXV1.DE,EXV3.DE,0.5035140839117189,EU,P4 (2023-2026),REFLATION
EXV5.DE,EXV3.DE,0.44159028444283305,EU,P4 (2023-2026),REFLATION
EXV6.DE,EXV3.DE,0.46301025591052414,EU,P4 (2023-2026),REFLATION
EXV4.DE,EXV3.DE,0.3403053789607775,EU,P4 (2023-2026),REFLATION
EXV2.DE,EXV3.DE,0.06750462510328899,EU,P4 (2023-2026),REFLATION
EXW1.DE,EXV3.DE,0.7950781759235327,EU,P4 (2023-2026),REFLATION
EXI5.DE,EXV3.DE,0.24297845076255553,EU,P4 (2023-2026),REFLATION
EXV9.DE,EXV3.DE,0.5036421277559993,EU,P4 (2023-2026),REFLATION
EXV7.DE,EXV3.DE,0.3767452991539792,EU,P4 (2023-2026),REFLATION
SXRS.DE,EXV3.DE,0.013000706578828748,EU,P4 (2023-2026),REFLATION
EXV3.DE,EXV8.DE,0.5844201332828093,EU,P4 (2023-2026),REFLATION
EXV8.DE,EXV8.DE,1.0,EU,P4 (2023-2026),REFLATION
EXV1.DE,EXV8.DE,0.6710953153467762,EU,P4 (2023-2026),REFLATION
EXV5.DE,EXV8.DE,0.5365124558843806,EU,P4 (2023-2026),REFLATION
EXV6.DE,EXV8.DE,0.5445253081734529,EU,P4 (2023-2026),REFLATION
EXV4.DE,EXV8.DE,0.40084614589897305,EU,P4 (2023-2026),REFLATION
EXV2.DE,EXV8.DE,0.22843706101779424,EU,P4 (2023-2026),REFLATION
EXW1.DE,EXV8.DE,0.8023041703948862,EU,P4 (2023-2026),REFLATION
EXI5.DE,EXV8.DE,0.350565394990306,EU,P4 (2023-2026),REFLATION
EXV9.DE,EXV8.DE,0.591265663708662,EU,P4 (2023-2026),REFLATION
EXV7.DE,EXV8.DE,0.5884540726495461,EU,P4 (2023-2026),REFLATION
SXRS.DE,EXV8.DE,-0.13294328778219547,EU,P4 (2023-2026),REFLATION
EXV3.DE,EXV1.DE,0.5035140839117189,EU,P4 (2023-2026),REFLATION
EXV8.DE,EXV1.DE,0.6710953153467762,EU,P4 (2023-2026),REFLATION
EXV1.DE,EXV1.DE,1.0,EU,P4 (2023-2026),REFLATION
EXV5.DE,EXV1.DE,0.4832098120226932,EU,P4 (2023-2026),REFLATION
EXV6.DE,EXV1.DE,0.5434210029896811,EU,P4 (2023-2026),REFLATION
EXV4.DE,EXV1.DE,0.35668140345640464,EU,P4 (2023-2026),REFLATION
EXV2.DE,EXV1.DE,0.22098678196876675,EU,P4 (2023-2026),REFLATION
EXW1.DE,EXV1.DE,0.799723967932175,EU,P4 (2023-2026),REFLATION
EXI5.DE,EXV1.DE,0.23104169184098575,EU,P4 (2023-2026),REFLATION
EXV9.DE,EXV1.DE,0.6218033182595937,EU,P4 (2023-2026),REFLATION
EXV7.DE,EXV1.DE,0.39560401846444815,EU,P4 (2023-2026),REFLATION
SXRS.DE,EXV1.DE,-0.06304369857832849,EU,P4 (2023-2026),REFLATION
EXV3.DE,EXV5.DE,0.44159028444283305,EU,P4 (2023-2026),REFLATION
EXV8.DE,EXV5.DE,0.5365124558843806,EU,P4 (2023-2026),REFLATION
EXV1.DE,EXV5.DE,0.4832098120226932,EU,P4 (2023-2026),REFLATION
EXV5.DE,EXV5.DE,1.0,EU,P4 (2023-2026),REFLATION
EXV6.DE,EXV5.DE,0.4371136660952879,EU,P4 (2023-2026),REFLATION
EXV4.DE,EXV5.DE,0.29676765873834293,EU,P4 (2023-2026),REFLATION
EXV2.DE,EXV5.DE,0.20648088515209506,EU,P4 (2023-2026),REFLATION
EXW1.DE,EXV5.DE,0.6455921645995175,EU,P4 (2023-2026),REFLATION
EXI5.DE,EXV5.DE,0.25710069033947897,EU,P4 (2023-2026),REFLATION
EXV9.DE,EXV5.DE,0.551629890729991,EU,P4 (2023-2026),REFLATION
EXV7.DE,EXV5.DE,0.661930674134318,EU,P4 (2023-2026),REFLATION
SXRS.DE,EXV5.DE,-0.12410929450769861,EU,P4 (2023-2026),REFLATION
EXV3.DE,EXV6.DE,0.46301025591052414,EU,P4 (2023-2026),REFLATION
EXV8.DE,EXV6.DE,0.5445253081734529,EU,P4 (2023-2026),REFLATION
EXV1.DE,EXV6.DE,0.5434210029896811,EU,P4 (2023-2026),REFLATION
EXV5.DE,EXV6.DE,0.4371136660952879,EU,P4 (2023-2026),REFLATION
EXV6.DE,EXV6.DE,1.0,EU,P4 (2023-2026),REFLATION
EXV4.DE,EXV6.DE,0.2662493202877028,EU,P4 (2023-2026),REFLATION
EXV2.DE,EXV6.DE,0.09499616286943617,EU,P4 (2023-2026),REFLATION
EXW1.DE,EXV6.DE,0.5950191026560654,EU,P4 (2023-2026),REFLATION
EXI5.DE,EXV6.DE,0.17558957803116343,EU,P4 (2023-2026),REFLATION
EXV9.DE,EXV6.DE,0.4373870746534379,EU,P4 (2023-2026),REFLATION
EXV7.DE,EXV6.DE,0.4433492274513614,EU,P4 (2023-2026),REFLATION
SXRS.DE,EXV6.DE,0.15690603719035953,EU,P4 (2023-2026),REFLATION
EXV3.DE,EXV4.DE,0.3403053789607775,EU,P4 (2023-2026),REFLATION
EXV8.DE,EXV4.DE,0.40084614589897305,EU,P4 (2023-2026),REFLATION
EXV1.DE,EXV4.DE,0.35668140345640464,EU,P4 (2023-2026),REFLATION
EXV5.DE,EXV4.DE,0.29676765873834293,EU,P4 (2023-2026),REFLATION
EXV6.DE,EXV4.DE,0.2662493202877028,EU,P4 (2023-2026),REFLATION
EXV4.DE,EXV4.DE,1.0,EU,P4 (2023-2026),REFLATION
EXV2.DE,EXV4.DE,0.3452706596993535,EU,P4 (2023-2026),REFLATION
EXW1.DE,EXV4.DE,0.48948891529185684,EU,P4 (2023-2026),REFLATION
EXI5.DE,EXV4.DE,0.3666960067544122,EU,P4 (2023-2026),REFLATION
EXV9.DE,EXV4.DE,0.32910566720539236,EU,P4 (2023-2026),REFLATION
EXV7.DE,EXV4.DE,0.39023900995237926,EU,P4 (2023-2026),REFLATION
SXRS.DE,EXV4.DE,-0.08092034381197599,EU,P4 (2023-2026),REFLATION
EXV3.DE,EXV2.DE,0.06750462510328899,EU,P4 (2023-2026),REFLATION
EXV8.DE,EXV2.DE,0.22843706101779424,EU,P4 (2023-2026),REFLATION
EXV1.DE,EXV2.DE,0.22098678196876675,EU,P4 (2023-2026),REFLATION
EXV5.DE,EXV2.DE,0.20648088515209506,EU,P4 (2023-2026),REFLATION
EXV6.DE,EXV2.DE,0.09499616286943617,EU,P4 (2023-2026),REFLATION
EXV4.DE,EXV2.DE,0.3452706596993535,EU,P4 (2023-2026),REFLATION
EXV2.DE,EXV2.DE,1.0,EU,P4 (2023-2026),REFLATION
EXW1.DE,EXV2.DE,0.25574504516289376,EU,P4 (2023-2026),REFLATION
EXI5.DE,EXV2.DE,0.484042209612346,EU,P4 (2023-2026),REFLATION
EXV9.DE,EXV2.DE,0.20467340507647752,EU,P4 (2023-2026),REFLATION
EXV7.DE,EXV2.DE,0.32074791331293806,EU,P4 (2023-2026),REFLATION
SXRS.DE,EXV2.DE,-0.08117635769365285,EU,P4 (2023-2026),REFLATION
EXV3.DE,EXW1.DE,0.7950781759235327,EU,P4 (2023-2026),REFLATION
EXV8.DE,EXW1.DE,0.8023041703948862,EU,P4 (2023-2026),REFLATION
EXV1.DE,EXW1.DE,0.799723967932175,EU,P4 (2023-2026),REFLATION
EXV5.DE,EXW1.DE,0.6455921645995175,EU,P4 (2023-2026),REFLATION
EXV6.DE,EXW1.DE,0.5950191026560654,EU,P4 (2023-2026),REFLATION
EXV4.DE,EXW1.DE,0.48948891529185684,EU,P4 (2023-2026),REFLATION
EXV2.DE,EXW1.DE,0.25574504516289376,EU,P4 (2023-2026),REFLATION
EXW1.DE,EXW1.DE,1.0,EU,P4 (2023-2026),REFLATION
EXI5.DE,EXW1.DE,0.3485955148604345,EU,P4 (2023-2026),REFLATION
EXV9.DE,EXW1.DE,0.6729542458228742,EU,P4 (2023-2026),REFLATION
EXV7.DE,EXW1.DE,0.5997078061059586,EU,P4 (2023-2026),REFLATION
SXRS.DE,EXW1.DE,-0.06620769342349264,EU,P4 (2023-2026),REFLATION
EXV3.DE,EXI5.DE,0.24297845076255553,EU,P4 (2023-2026),REFLATION
EXV8.DE,EXI5.DE,0.350565394990306,EU,P4 (2023-2026),REFLATION
EXV1.DE,EXI5.DE,0.23104169184098575,EU,P4 (2023-2026),REFLATION
EXV5.DE,EXI5.DE,0.25710069033947897,EU,P4 (2023-2026),REFLATION
EXV6.DE,EXI5.DE,0.17558957803116343,EU,P4 (2023-2026),REFLATION
EXV4.DE,EXI5.DE,0.3666960067544122,EU,P4 (2023-2026),REFLATION
EXV2.DE,EXI5.DE,0.484042209612346,EU,P4 (2023-2026),REFLATION
EXW1.DE,EXI5.DE,0.3485955148604345,EU,P4 (2023-2026),REFLATION
EXI5.DE,EXI5.DE,1.0,EU,P4 (2023-2026),REFLATION
EXV9.DE,EXI5.DE,0.32480879154609316,EU,P4 (2023-2026),REFLATION
EXV7.DE,EXI5.DE,0.3677986420993971,EU,P4 (2023-2026),REFLATION
SXRS.DE,EXI5.DE,-0.1395970925335897,EU,P4 (2023-2026),REFLATION
EXV3.DE,EXV9.DE,0.5036421277559993,EU,P4 (2023-2026),REFLATION
EXV8.DE,EXV9.DE,0.591265663708662,EU,P4 (2023-2026),REFLATION
EXV1.DE,EXV9.DE,0.6218033182595937,EU,P4 (2023-2026),REFLATION
EXV5.DE,EXV9.DE,0.551629890729991,EU,P4 (2023-2026),REFLATION
EXV6.DE,EXV9.DE,0.4373870746534379,EU,P4 (2023-2026),REFLATION
EXV4.DE,EXV9.DE,0.32910566720539236,EU,P4 (2023-2026),REFLATION
EXV2.DE,EXV9.DE,0.20467340507647752,EU,P4 (2023-2026),REFLATION
EXW1.DE,EXV9.DE,0.6729542458228742,EU,P4 (2023-2026),REFLATION
EXI5.DE,EXV9.DE,0.32480879154609316,EU,P4 (2023-2026),REFLATION
EXV9.DE,EXV9.DE,1.0,EU,P4 (2023-2026),REFLATION
EXV7.DE,EXV9.DE,0.4872423701351793,EU,P4 (2023-2026),REFLATION
SXRS.DE,EXV9.DE,-0.14273108625751643,EU,P4 (2023-2026),REFLATION
EXV3.DE,EXV7.DE,0.3767452991539792,EU,P4 (2023-2026),REFLATION
EXV8.DE,EXV7.DE,0.5884540726495461,EU,P4 (2023-2026),REFLATION
EXV1.DE,EXV7.DE,0.39560401846444815,EU,P4 (2023-2026),REFLATION
EXV5.DE,EXV7.DE,0.661930674134318,EU,P4 (2023-2026),REFLATION
EXV6.DE,EXV7.DE,0.4433492274513614,EU,P4 (2023-2026),REFLATION
EXV4.DE,EXV7.DE,0.39023900995237926,EU,P4 (2023-2026),REFLATION
EXV2.DE,EXV7.DE,0.32074791331293806,EU,P4 (2023-2026),REFLATION
EXW1.DE,EXV7.DE,0.5997078061059586,EU,P4 (2023-2026),REFLATION
EXI5.DE,EXV7.DE,0.3677986420993971,EU,P4 (2023-2026),REFLATION
EXV9.DE,EXV7.DE,0.4872423701351793,EU,P4 (2023-2026),REFLATION
EXV7.DE,EXV7.DE,1.0,EU,P4 (2023-2026),REFLATION
SXRS.DE,EXV7.DE,-0.04101577401745356,EU,P4 (2023-2026),REFLATION
EXV3.DE,SXRS.DE,0.013000706578828748,EU,P4 (2023-2026),REFLATION
EXV8.DE,SXRS.DE,-0.13294328778219547,EU,P4 (2023-2026),REFLATION
EXV1.DE,SXRS.DE,-0.06304369857832849,EU,P4 (2023-2026),REFLATION
EXV5.DE,SXRS.DE,-0.12410929450769861,EU,P4 (2023-2026),REFLATION
EXV6.DE,SXRS.DE,0.15690603719035953,EU,P4 (2023-2026),REFLATION
EXV4.DE,SXRS.DE,-0.08092034381197599,EU,P4 (2023-2026),REFLATION
EXV2.DE,SXRS.DE,-0.08117635769365285,EU,P4 (2023-2026),REFLATION
EXW1.DE,SXRS.DE,-0.06620769342349264,EU,P4 (2023-2026),REFLATION
EXI5.DE,SXRS.DE,-0.1395970925335897,EU,P4 (2023-2026),REFLATION
EXV9.DE,SXRS.DE,-0.14273108625751643,EU,P4 (2023-2026),REFLATION
EXV7.DE,SXRS.DE,-0.04101577401745356,EU,P4 (2023-2026),REFLATION
SXRS.DE,SXRS.DE,1.0,EU,P4 (2023-2026),REFLATION
EXV3.DE,EXV3.DE,1.0,EU,P4 (2023-2026),STAGFLATION
EXV8.DE,EXV3.DE,0.8900347821045198,EU,P4 (2023-2026),STAGFLATION
EXV1.DE,EXV3.DE,0.7871232726302867,EU,P4 (2023-2026),STAGFLATION
EXV5.DE,EXV3.DE,0.7710019876565275,EU,P4 (2023-2026),STAGFLATION
EXV6.DE,EXV3.DE,0.7432627356962256,EU,P4 (2023-2026),STAGFLATION
EXV4.DE,EXV3.DE,0.6975034159406371,EU,P4 (2023-2026),STAGFLATION
EXV2.DE,EXV3.DE,0.7020054075231084,EU,P4 (2023-2026),STAGFLATION
EXW1.DE,EXV3.DE,0.9103444864748763,EU,P4 (2023-2026),STAGFLATION
EXI5.DE,EXV3.DE,0.7245564697809724,EU,P4 (2023-2026),STAGFLATION
EXV9.DE,EXV3.DE,0.7149386056152958,EU,P4 (2023-2026),STAGFLATION
EXV7.DE,EXV3.DE,0.8274162940285094,EU,P4 (2023-2026),STAGFLATION
SXRS.DE,EXV3.DE,0.12422506825095064,EU,P4 (2023-2026),STAGFLATION
EXV3.DE,EXV8.DE,0.8900347821045198,EU,P4 (2023-2026),STAGFLATION
EXV8.DE,EXV8.DE,1.0,EU,P4 (2023-2026),STAGFLATION
EXV1.DE,EXV8.DE,0.890678130988914,EU,P4 (2023-2026),STAGFLATION
EXV5.DE,EXV8.DE,0.8194577379070347,EU,P4 (2023-2026),STAGFLATION
EXV6.DE,EXV8.DE,0.8364560319386362,EU,P4 (2023-2026),STAGFLATION
EXV4.DE,EXV8.DE,0.7777242060589082,EU,P4 (2023-2026),STAGFLATION
EXV2.DE,EXV8.DE,0.8049077395338379,EU,P4 (2023-2026),STAGFLATION
EXW1.DE,EXV8.DE,0.9410150385288536,EU,P4 (2023-2026),STAGFLATION
EXI5.DE,EXV8.DE,0.8008936797544837,EU,P4 (2023-2026),STAGFLATION
EXV9.DE,EXV8.DE,0.7873242736496323,EU,P4 (2023-2026),STAGFLATION
EXV7.DE,EXV8.DE,0.8869622449833406,EU,P4 (2023-2026),STAGFLATION
SXRS.DE,EXV8.DE,0.2517630994165695,EU,P4 (2023-2026),STAGFLATION
EXV3.DE,EXV1.DE,0.7871232726302867,EU,P4 (2023-2026),STAGFLATION
EXV8.DE,EXV1.DE,0.890678130988914,EU,P4 (2023-2026),STAGFLATION
EXV1.DE,EXV1.DE,1.0,EU,P4 (2023-2026),STAGFLATION
EXV5.DE,EXV1.DE,0.776865053109398,EU,P4 (2023-2026),STAGFLATION
EXV6.DE,EXV1.DE,0.8140860336954198,EU,P4 (2023-2026),STAGFLATION
EXV4.DE,EXV1.DE,0.772067722276736,EU,P4 (2023-2026),STAGFLATION
EXV2.DE,EXV1.DE,0.8463239740695996,EU,P4 (2023-2026),STAGFLATION
EXW1.DE,EXV1.DE,0.9115448215084616,EU,P4 (2023-2026),STAGFLATION
EXI5.DE,EXV1.DE,0.6497412307367122,EU,P4 (2023-2026),STAGFLATION
EXV9.DE,EXV1.DE,0.7866415127204373,EU,P4 (2023-2026),STAGFLATION
EXV7.DE,EXV1.DE,0.7630348982238355,EU,P4 (2023-2026),STAGFLATION
SXRS.DE,EXV1.DE,0.3859760941173198,EU,P4 (2023-2026),STAGFLATION
EXV3.DE,EXV5.DE,0.7710019876565275,EU,P4 (2023-2026),STAGFLATION
EXV8.DE,EXV5.DE,0.8194577379070347,EU,P4 (2023-2026),STAGFLATION
EXV1.DE,EXV5.DE,0.776865053109398,EU,P4 (2023-2026),STAGFLATION
EXV5.DE,EXV5.DE,1.0,EU,P4 (2023-2026),STAGFLATION
EXV6.DE,EXV5.DE,0.7469511461281766,EU,P4 (2023-2026),STAGFLATION
EXV4.DE,EXV5.DE,0.7151695622938966,EU,P4 (2023-2026),STAGFLATION
EXV2.DE,EXV5.DE,0.7544047790412748,EU,P4 (2023-2026),STAGFLATION
EXW1.DE,EXV5.DE,0.8432599027891812,EU,P4 (2023-2026),STAGFLATION
EXI5.DE,EXV5.DE,0.7757165754848033,EU,P4 (2023-2026),STAGFLATION
EXV9.DE,EXV5.DE,0.6966849639411483,EU,P4 (2023-2026),STAGFLATION
EXV7.DE,EXV5.DE,0.7667059909100613,EU,P4 (2023-2026),STAGFLATION
SXRS.DE,EXV5.DE,0.15123363648708782,EU,P4 (2023-2026),STAGFLATION
EXV3.DE,EXV6.DE,0.7432627356962256,EU,P4 (2023-2026),STAGFLATION
EXV8.DE,EXV6.DE,0.8364560319386362,EU,P4 (2023-2026),STAGFLATION
EXV1.DE,EXV6.DE,0.8140860336954198,EU,P4 (2023-2026),STAGFLATION
EXV5.DE,EXV6.DE,0.7469511461281766,EU,P4 (2023-2026),STAGFLATION
EXV6.DE,EXV6.DE,1.0,EU,P4 (2023-2026),STAGFLATION
EXV4.DE,EXV6.DE,0.6637862619918834,EU,P4 (2023-2026),STAGFLATION
EXV2.DE,EXV6.DE,0.7161428598555257,EU,P4 (2023-2026),STAGFLATION
EXW1.DE,EXV6.DE,0.8216966805998156,EU,P4 (2023-2026),STAGFLATION
EXI5.DE,EXV6.DE,0.694935836381469,EU,P4 (2023-2026),STAGFLATION
EXV9.DE,EXV6.DE,0.736457724281899,EU,P4 (2023-2026),STAGFLATION
EXV7.DE,EXV6.DE,0.7275405380881471,EU,P4 (2023-2026),STAGFLATION
SXRS.DE,EXV6.DE,0.31954077643799433,EU,P4 (2023-2026),STAGFLATION
EXV3.DE,EXV4.DE,0.6975034159406371,EU,P4 (2023-2026),STAGFLATION
EXV8.DE,EXV4.DE,0.7777242060589082,EU,P4 (2023-2026),STAGFLATION
EXV1.DE,EXV4.DE,0.772067722276736,EU,P4 (2023-2026),STAGFLATION
EXV5.DE,EXV4.DE,0.7151695622938966,EU,P4 (2023-2026),STAGFLATION
EXV6.DE,EXV4.DE,0.6637862619918834,EU,P4 (2023-2026),STAGFLATION
EXV4.DE,EXV4.DE,1.0,EU,P4 (2023-2026),STAGFLATION
EXV2.DE,EXV4.DE,0.7677512947046646,EU,P4 (2023-2026),STAGFLATION
EXW1.DE,EXV4.DE,0.8190122212745157,EU,P4 (2023-2026),STAGFLATION
EXI5.DE,EXV4.DE,0.5862512624565428,EU,P4 (2023-2026),STAGFLATION
EXV9.DE,EXV4.DE,0.6441808530764254,EU,P4 (2023-2026),STAGFLATION
EXV7.DE,EXV4.DE,0.7059687167068158,EU,P4 (2023-2026),STAGFLATION
SXRS.DE,EXV4.DE,0.3239492562175736,EU,P4 (2023-2026),STAGFLATION
EXV3.DE,EXV2.DE,0.7020054075231084,EU,P4 (2023-2026),STAGFLATION
EXV8.DE,EXV2.DE,0.8049077395338379,EU,P4 (2023-2026),STAGFLATION
EXV1.DE,EXV2.DE,0.8463239740695996,EU,P4 (2023-2026),STAGFLATION
EXV5.DE,EXV2.DE,0.7544047790412748,EU,P4 (2023-2026),STAGFLATION
EXV6.DE,EXV2.DE,0.7161428598555257,EU,P4 (2023-2026),STAGFLATION
EXV4.DE,EXV2.DE,0.7677512947046646,EU,P4 (2023-2026),STAGFLATION
EXV2.DE,EXV2.DE,1.0,EU,P4 (2023-2026),STAGFLATION
EXW1.DE,EXV2.DE,0.8540579192525298,EU,P4 (2023-2026),STAGFLATION
EXI5.DE,EXV2.DE,0.7145760018592417,EU,P4 (2023-2026),STAGFLATION
EXV9.DE,EXV2.DE,0.680581857291811,EU,P4 (2023-2026),STAGFLATION
EXV7.DE,EXV2.DE,0.7952290134325319,EU,P4 (2023-2026),STAGFLATION
SXRS.DE,EXV2.DE,0.40409399346953007,EU,P4 (2023-2026),STAGFLATION
EXV3.DE,EXW1.DE,0.9103444864748763,EU,P4 (2023-2026),STAGFLATION
EXV8.DE,EXW1.DE,0.9410150385288536,EU,P4 (2023-2026),STAGFLATION
EXV1.DE,EXW1.DE,0.9115448215084616,EU,P4 (2023-2026),STAGFLATION
EXV5.DE,EXW1.DE,0.8432599027891812,EU,P4 (2023-2026),STAGFLATION
EXV6.DE,EXW1.DE,0.8216966805998156,EU,P4 (2023-2026),STAGFLATION
EXV4.DE,EXW1.DE,0.8190122212745157,EU,P4 (2023-2026),STAGFLATION
EXV2.DE,EXW1.DE,0.8540579192525298,EU,P4 (2023-2026),STAGFLATION
EXW1.DE,EXW1.DE,1.0,EU,P4 (2023-2026),STAGFLATION
EXI5.DE,EXW1.DE,0.7450081798190494,EU,P4 (2023-2026),STAGFLATION
EXV9.DE,EXW1.DE,0.7988649458788423,EU,P4 (2023-2026),STAGFLATION
EXV7.DE,EXW1.DE,0.8954447671769425,EU,P4 (2023-2026),STAGFLATION
SXRS.DE,EXW1.DE,0.25456436338703436,EU,P4 (2023-2026),STAGFLATION
EXV3.DE,EXI5.DE,0.7245564697809724,EU,P4 (2023-2026),STAGFLATION
EXV8.DE,EXI5.DE,0.8008936797544837,EU,P4 (2023-2026),STAGFLATION
EXV1.DE,EXI5.DE,0.6497412307367122,EU,P4 (2023-2026),STAGFLATION
EXV5.DE,EXI5.DE,0.7757165754848033,EU,P4 (2023-2026),STAGFLATION
EXV6.DE,EXI5.DE,0.694935836381469,EU,P4 (2023-2026),STAGFLATION
EXV4.DE,EXI5.DE,0.5862512624565428,EU,P4 (2023-2026),STAGFLATION
EXV2.DE,EXI5.DE,0.7145760018592417,EU,P4 (2023-2026),STAGFLATION
EXW1.DE,EXI5.DE,0.7450081798190494,EU,P4 (2023-2026),STAGFLATION
EXI5.DE,EXI5.DE,1.0,EU,P4 (2023-2026),STAGFLATION
EXV9.DE,EXI5.DE,0.5883905686092228,EU,P4 (2023-2026),STAGFLATION
EXV7.DE,EXI5.DE,0.757530927452268,EU,P4 (2023-2026),STAGFLATION
SXRS.DE,EXI5.DE,0.1115611488378178,EU,P4 (2023-2026),STAGFLATION
EXV3.DE,EXV9.DE,0.7149386056152958,EU,P4 (2023-2026),STAGFLATION
EXV8.DE,EXV9.DE,0.7873242736496323,EU,P4 (2023-2026),STAGFLATION
EXV1.DE,EXV9.DE,0.7866415127204373,EU,P4 (2023-2026),STAGFLATION
EXV5.DE,EXV9.DE,0.6966849639411483,EU,P4 (2023-2026),STAGFLATION
EXV6.DE,EXV9.DE,0.736457724281899,EU,P4 (2023-2026),STAGFLATION
EXV4.DE,EXV9.DE,0.6441808530764254,EU,P4 (2023-2026),STAGFLATION
EXV2.DE,EXV9.DE,0.680581857291811,EU,P4 (2023-2026),STAGFLATION
EXW1.DE,EXV9.DE,0.7988649458788423,EU,P4 (2023-2026),STAGFLATION
EXI5.DE,EXV9.DE,0.5883905686092228,EU,P4 (2023-2026),STAGFLATION
EXV9.DE,EXV9.DE,1.0,EU,P4 (2023-2026),STAGFLATION
EXV7.DE,EXV9.DE,0.6392583386752497,EU,P4 (2023-2026),STAGFLATION
SXRS.DE,EXV9.DE,0.10453679102670507,EU,P4 (2023-2026),STAGFLATION
EXV3.DE,EXV7.DE,0.8274162940285094,EU,P4 (2023-2026),STAGFLATION
EXV8.DE,EXV7.DE,0.8869622449833406,EU,P4 (2023-2026),STAGFLATION
EXV1.DE,EXV7.DE,0.7630348982238355,EU,P4 (2023-2026),STAGFLATION
EXV5.DE,EXV7.DE,0.7667059909100613,EU,P4 (2023-2026),STAGFLATION
EXV6.DE,EXV7.DE,0.7275405380881471,EU,P4 (2023-2026),STAGFLATION
EXV4.DE,EXV7.DE,0.7059687167068158,EU,P4 (2023-2026),STAGFLATION
EXV2.DE,EXV7.DE,0.7952290134325319,EU,P4 (2023-2026),STAGFLATION
EXW1.DE,EXV7.DE,0.8954447671769425,EU,P4 (2023-2026),STAGFLATION
EXI5.DE,EXV7.DE,0.757530927452268,EU,P4 (2023-2026),STAGFLATION
EXV9.DE,EXV7.DE,0.6392583386752497,EU,P4 (2023-2026),STAGFLATION
EXV7.DE,EXV7.DE,1.0,EU,P4 (2023-2026),STAGFLATION
SXRS.DE,EXV7.DE,0.16952935224805327,EU,P4 (2023-2026),STAGFLATION
EXV3.DE,SXRS.DE,0.12422506825095064,EU,P4 (2023-2026),STAGFLATION
EXV8.DE,SXRS.DE,0.2517630994165695,EU,P4 (2023-2026),STAGFLATION
EXV1.DE,SXRS.DE,0.3859760941173198,EU,P4 (2023-2026),STAGFLATION
EXV5.DE,SXRS.DE,0.15123363648708782,EU,P4 (2023-2026),STAGFLATION
EXV6.DE,SXRS.DE,0.31954077643799433,EU,P4 (2023-2026),STAGFLATION
EXV4.DE,SXRS.DE,0.3239492562175736,EU,P4 (2023-2026),STAGFLATION
EXV2.DE,SXRS.DE,0.40409399346953007,EU,P4 (2023-2026),STAGFLATION
EXW1.DE,SXRS.DE,0.25456436338703436,EU,P4 (2023-2026),STAGFLATION
EXI5.DE,SXRS.DE,0.1115611488378178,EU,P4 (2023-2026),STAGFLATION
EXV9.DE,SXRS.DE,0.10453679102670507,EU,P4 (2023-2026),STAGFLATION
EXV7.DE,SXRS.DE,0.16952935224805327,EU,P4 (2023-2026),STAGFLATION
SXRS.DE,SXRS.DE,1.0,EU,P4 (2023-2026),STAGFLATION
EXV3.DE,EXV3.DE,1.0,EU,P4 (2023-2026),DEFLATION
EXV8.DE,EXV3.DE,0.7064805289253655,EU,P4 (2023-2026),DEFLATION
EXV1.DE,EXV3.DE,0.6607125452933575,EU,P4 (2023-2026),DEFLATION
EXV5.DE,EXV3.DE,0.5779590594538947,EU,P4 (2023-2026),DEFLATION
EXV6.DE,EXV3.DE,0.5624437199881503,EU,P4 (2023-2026),DEFLATION
EXV4.DE,EXV3.DE,0.4219584373316588,EU,P4 (2023-2026),DEFLATION
EXV2.DE,EXV3.DE,0.40640115270622074,EU,P4 (2023-2026),DEFLATION
EXW1.DE,EXV3.DE,0.8450864011635012,EU,P4 (2023-2026),DEFLATION
EXI5.DE,EXV3.DE,0.2500600132368131,EU,P4 (2023-2026),DEFLATION
EXV9.DE,EXV3.DE,0.5852444449562554,EU,P4 (2023-2026),DEFLATION
EXV7.DE,EXV3.DE,0.5755006556665769,EU,P4 (2023-2026),DEFLATION
SXRS.DE,EXV3.DE,0.5440623459725531,EU,P4 (2023-2026),DEFLATION
EXV3.DE,EXV8.DE,0.7064805289253655,EU,P4 (2023-2026),DEFLATION
EXV8.DE,EXV8.DE,1.0,EU,P4 (2023-2026),DEFLATION
EXV1.DE,EXV8.DE,0.8280045069239317,EU,P4 (2023-2026),DEFLATION
EXV5.DE,EXV8.DE,0.6940373188906108,EU,P4 (2023-2026),DEFLATION
EXV6.DE,EXV8.DE,0.6677789608112922,EU,P4 (2023-2026),DEFLATION
EXV4.DE,EXV8.DE,0.48746498790463033,EU,P4 (2023-2026),DEFLATION
EXV2.DE,EXV8.DE,0.6305906015685779,EU,P4 (2023-2026),DEFLATION
EXW1.DE,EXV8.DE,0.8665559177630517,EU,P4 (2023-2026),DEFLATION
EXI5.DE,EXV8.DE,0.3780225054718047,EU,P4 (2023-2026),DEFLATION
EXV9.DE,EXV8.DE,0.7339896669889923,EU,P4 (2023-2026),DEFLATION
EXV7.DE,EXV8.DE,0.8279219792287341,EU,P4 (2023-2026),DEFLATION
SXRS.DE,EXV8.DE,0.4456029030961212,EU,P4 (2023-2026),DEFLATION
EXV3.DE,EXV1.DE,0.6607125452933575,EU,P4 (2023-2026),DEFLATION
EXV8.DE,EXV1.DE,0.8280045069239317,EU,P4 (2023-2026),DEFLATION
EXV1.DE,EXV1.DE,1.0,EU,P4 (2023-2026),DEFLATION
EXV5.DE,EXV1.DE,0.7163551758470873,EU,P4 (2023-2026),DEFLATION
EXV6.DE,EXV1.DE,0.6897563116329756,EU,P4 (2023-2026),DEFLATION
EXV4.DE,EXV1.DE,0.3094922205429076,EU,P4 (2023-2026),DEFLATION
EXV2.DE,EXV1.DE,0.5408435171893725,EU,P4 (2023-2026),DEFLATION
EXW1.DE,EXV1.DE,0.8508388969816026,EU,P4 (2023-2026),DEFLATION
EXI5.DE,EXV1.DE,0.06752680775666149,EU,P4 (2023-2026),DEFLATION
EXV9.DE,EXV1.DE,0.670149396469482,EU,P4 (2023-2026),DEFLATION
EXV7.DE,EXV1.DE,0.6970962942128858,EU,P4 (2023-2026),DEFLATION
SXRS.DE,EXV1.DE,0.44170535874436706,EU,P4 (2023-2026),DEFLATION
EXV3.DE,EXV5.DE,0.5779590594538947,EU,P4 (2023-2026),DEFLATION
EXV8.DE,EXV5.DE,0.6940373188906108,EU,P4 (2023-2026),DEFLATION
EXV1.DE,EXV5.DE,0.7163551758470873,EU,P4 (2023-2026),DEFLATION
EXV5.DE,EXV5.DE,1.0,EU,P4 (2023-2026),DEFLATION
EXV6.DE,EXV5.DE,0.5652359787149785,EU,P4 (2023-2026),DEFLATION
EXV4.DE,EXV5.DE,0.2686503777395398,EU,P4 (2023-2026),DEFLATION
EXV2.DE,EXV5.DE,0.5691071793437154,EU,P4 (2023-2026),DEFLATION
EXW1.DE,EXV5.DE,0.7868297327987918,EU,P4 (2023-2026),DEFLATION
EXI5.DE,EXV5.DE,0.2965662038965777,EU,P4 (2023-2026),DEFLATION
EXV9.DE,EXV5.DE,0.6322594474568167,EU,P4 (2023-2026),DEFLATION
EXV7.DE,EXV5.DE,0.7044914595986611,EU,P4 (2023-2026),DEFLATION
SXRS.DE,EXV5.DE,0.28062309222644866,EU,P4 (2023-2026),DEFLATION
EXV3.DE,EXV6.DE,0.5624437199881503,EU,P4 (2023-2026),DEFLATION
EXV8.DE,EXV6.DE,0.6677789608112922,EU,P4 (2023-2026),DEFLATION
EXV1.DE,EXV6.DE,0.6897563116329756,EU,P4 (2023-2026),DEFLATION
EXV5.DE,EXV6.DE,0.5652359787149785,EU,P4 (2023-2026),DEFLATION
EXV6.DE,EXV6.DE,1.0,EU,P4 (2023-2026),DEFLATION
EXV4.DE,EXV6.DE,0.32411877887122326,EU,P4 (2023-2026),DEFLATION
EXV2.DE,EXV6.DE,0.5548236009358021,EU,P4 (2023-2026),DEFLATION
EXW1.DE,EXV6.DE,0.7429027805051398,EU,P4 (2023-2026),DEFLATION
EXI5.DE,EXV6.DE,0.22569715052754255,EU,P4 (2023-2026),DEFLATION
EXV9.DE,EXV6.DE,0.4665345726503799,EU,P4 (2023-2026),DEFLATION
EXV7.DE,EXV6.DE,0.7389204266922038,EU,P4 (2023-2026),DEFLATION
SXRS.DE,EXV6.DE,0.5846075592576878,EU,P4 (2023-2026),DEFLATION
EXV3.DE,EXV4.DE,0.4219584373316588,EU,P4 (2023-2026),DEFLATION
EXV8.DE,EXV4.DE,0.48746498790463033,EU,P4 (2023-2026),DEFLATION
EXV1.DE,EXV4.DE,0.3094922205429076,EU,P4 (2023-2026),DEFLATION
EXV5.DE,EXV4.DE,0.2686503777395398,EU,P4 (2023-2026),DEFLATION
EXV6.DE,EXV4.DE,0.32411877887122326,EU,P4 (2023-2026),DEFLATION
EXV4.DE,EXV4.DE,1.0,EU,P4 (2023-2026),DEFLATION
EXV2.DE,EXV4.DE,0.58098642321689,EU,P4 (2023-2026),DEFLATION
EXW1.DE,EXV4.DE,0.47129211151081485,EU,P4 (2023-2026),DEFLATION
EXI5.DE,EXV4.DE,0.3647180567218112,EU,P4 (2023-2026),DEFLATION
EXV9.DE,EXV4.DE,0.31428003508927166,EU,P4 (2023-2026),DEFLATION
EXV7.DE,EXV4.DE,0.4683568002910832,EU,P4 (2023-2026),DEFLATION
SXRS.DE,EXV4.DE,0.2705588950142875,EU,P4 (2023-2026),DEFLATION
EXV3.DE,EXV2.DE,0.40640115270622074,EU,P4 (2023-2026),DEFLATION
EXV8.DE,EXV2.DE,0.6305906015685779,EU,P4 (2023-2026),DEFLATION
EXV1.DE,EXV2.DE,0.5408435171893725,EU,P4 (2023-2026),DEFLATION
EXV5.DE,EXV2.DE,0.5691071793437154,EU,P4 (2023-2026),DEFLATION
EXV6.DE,EXV2.DE,0.5548236009358021,EU,P4 (2023-2026),DEFLATION
EXV4.DE,EXV2.DE,0.58098642321689,EU,P4 (2023-2026),DEFLATION
EXV2.DE,EXV2.DE,1.0,EU,P4 (2023-2026),DEFLATION
EXW1.DE,EXV2.DE,0.6553887166255002,EU,P4 (2023-2026),DEFLATION
EXI5.DE,EXV2.DE,0.5566003497543509,EU,P4 (2023-2026),DEFLATION
EXV9.DE,EXV2.DE,0.5114143304458191,EU,P4 (2023-2026),DEFLATION
EXV7.DE,EXV2.DE,0.6560768492834048,EU,P4 (2023-2026),DEFLATION
SXRS.DE,EXV2.DE,0.3155508023365169,EU,P4 (2023-2026),DEFLATION
EXV3.DE,EXW1.DE,0.8450864011635012,EU,P4 (2023-2026),DEFLATION
EXV8.DE,EXW1.DE,0.8665559177630517,EU,P4 (2023-2026),DEFLATION
EXV1.DE,EXW1.DE,0.8508388969816026,EU,P4 (2023-2026),DEFLATION
EXV5.DE,EXW1.DE,0.7868297327987918,EU,P4 (2023-2026),DEFLATION
EXV6.DE,EXW1.DE,0.7429027805051398,EU,P4 (2023-2026),DEFLATION
EXV4.DE,EXW1.DE,0.47129211151081485,EU,P4 (2023-2026),DEFLATION
EXV2.DE,EXW1.DE,0.6553887166255002,EU,P4 (2023-2026),DEFLATION
EXW1.DE,EXW1.DE,1.0,EU,P4 (2023-2026),DEFLATION
EXI5.DE,EXW1.DE,0.3320881606096774,EU,P4 (2023-2026),DEFLATION
EXV9.DE,EXW1.DE,0.6828882952032793,EU,P4 (2023-2026),DEFLATION
EXV7.DE,EXW1.DE,0.8563700954352124,EU,P4 (2023-2026),DEFLATION
SXRS.DE,EXW1.DE,0.4465088753087548,EU,P4 (2023-2026),DEFLATION
EXV3.DE,EXI5.DE,0.2500600132368131,EU,P4 (2023-2026),DEFLATION
EXV8.DE,EXI5.DE,0.3780225054718047,EU,P4 (2023-2026),DEFLATION
EXV1.DE,EXI5.DE,0.06752680775666149,EU,P4 (2023-2026),DEFLATION
EXV5.DE,EXI5.DE,0.2965662038965777,EU,P4 (2023-2026),DEFLATION
EXV6.DE,EXI5.DE,0.22569715052754255,EU,P4 (2023-2026),DEFLATION
EXV4.DE,EXI5.DE,0.3647180567218112,EU,P4 (2023-2026),DEFLATION
EXV2.DE,EXI5.DE,0.5566003497543509,EU,P4 (2023-2026),DEFLATION
EXW1.DE,EXI5.DE,0.3320881606096774,EU,P4 (2023-2026),DEFLATION
EXI5.DE,EXI5.DE,1.0,EU,P4 (2023-2026),DEFLATION
EXV9.DE,EXI5.DE,0.27594446760532965,EU,P4 (2023-2026),DEFLATION
EXV7.DE,EXI5.DE,0.4257395654924024,EU,P4 (2023-2026),DEFLATION
SXRS.DE,EXI5.DE,0.11007668986511229,EU,P4 (2023-2026),DEFLATION
EXV3.DE,EXV9.DE,0.5852444449562554,EU,P4 (2023-2026),DEFLATION
EXV8.DE,EXV9.DE,0.7339896669889923,EU,P4 (2023-2026),DEFLATION
EXV1.DE,EXV9.DE,0.670149396469482,EU,P4 (2023-2026),DEFLATION
EXV5.DE,EXV9.DE,0.6322594474568167,EU,P4 (2023-2026),DEFLATION
EXV6.DE,EXV9.DE,0.4665345726503799,EU,P4 (2023-2026),DEFLATION
EXV4.DE,EXV9.DE,0.31428003508927166,EU,P4 (2023-2026),DEFLATION
EXV2.DE,EXV9.DE,0.5114143304458191,EU,P4 (2023-2026),DEFLATION
EXW1.DE,EXV9.DE,0.6828882952032793,EU,P4 (2023-2026),DEFLATION
EXI5.DE,EXV9.DE,0.27594446760532965,EU,P4 (2023-2026),DEFLATION
EXV9.DE,EXV9.DE,1.0,EU,P4 (2023-2026),DEFLATION
EXV7.DE,EXV9.DE,0.5943168233323004,EU,P4 (2023-2026),DEFLATION
SXRS.DE,EXV9.DE,0.3702689668271502,EU,P4 (2023-2026),DEFLATION
EXV3.DE,EXV7.DE,0.5755006556665769,EU,P4 (2023-2026),DEFLATION
EXV8.DE,EXV7.DE,0.8279219792287341,EU,P4 (2023-2026),DEFLATION
EXV1.DE,EXV7.DE,0.6970962942128858,EU,P4 (2023-2026),DEFLATION
EXV5.DE,EXV7.DE,0.7044914595986611,EU,P4 (2023-2026),DEFLATION
EXV6.DE,EXV7.DE,0.7389204266922038,EU,P4 (2023-2026),DEFLATION
EXV4.DE,EXV7.DE,0.4683568002910832,EU,P4 (2023-2026),DEFLATION
EXV2.DE,EXV7.DE,0.6560768492834048,EU,P4 (2023-2026),DEFLATION
EXW1.DE,EXV7.DE,0.8563700954352124,EU,P4 (2023-2026),DEFLATION
EXI5.DE,EXV7.DE,0.4257395654924024,EU,P4 (2023-2026),DEFLATION
EXV9.DE,EXV7.DE,0.5943168233323004,EU,P4 (2023-2026),DEFLATION
EXV7.DE,EXV7.DE,1.0,EU,P4 (2023-2026),DEFLATION
SXRS.DE,EXV7.DE,0.3200055769265522,EU,P4 (2023-2026),DEFLATION
EXV3.DE,SXRS.DE,0.5440623459725531,EU,P4 (2023-2026),DEFLATION
EXV8.DE,SXRS.DE,0.4456029030961212,EU,P4 (2023-2026),DEFLATION
EXV1.DE,SXRS.DE,0.44170535874436706,EU,P4 (2023-2026),DEFLATION
EXV5.DE,SXRS.DE,0.28062309222644866,EU,P4 (2023-2026),DEFLATION
EXV6.DE,SXRS.DE,0.5846075592576878,EU,P4 (2023-2026),DEFLATION
EXV4.DE,SXRS.DE,0.2705588950142875,EU,P4 (2023-2026),DEFLATION
EXV2.DE,SXRS.DE,0.3155508023365169,EU,P4 (2023-2026),DEFLATION
EXW1.DE,SXRS.DE,0.4465088753087548,EU,P4 (2023-2026),DEFLATION
EXI5.DE,SXRS.DE,0.11007668986511229,EU,P4 (2023-2026),DEFLATION
EXV9.DE,SXRS.DE,0.3702689668271502,EU,P4 (2023-2026),DEFLATION
EXV7.DE,SXRS.DE,0.3200055769265522,EU,P4 (2023-2026),DEFLATION
SXRS.DE,SXRS.DE,1.0,EU,P4 (2023-2026),DEFLATION
