Date,Price_US,MA200_US,Growth_US,Price_EU,MA200_EU,Growth_EU,Inflation_Ratio,Inflation_Median,Inflation
2020-01-03,3234.85009765625,,UNKNOWN,3773.3701171875,,UNKNOWN,1.0,,UNKNOWN
2020-01-06,3246.280029296875,,UNKNOWN,3752.52001953125,,UNKNOWN,1.0000939714704264,,UNKNOWN
2020-01-07,3237.179931640625,,UNKNOWN,3759.25,,UNKNOWN,0.99968224169163,,UNKNOWN
2020-01-08,3253.050048828125,,UNKNOWN,3772.56005859375,,UNKNOWN,0.9875077587611628,,UNKNOWN
2020-01-09,3274.699951171875,,UNKNOWN,3795.8798828125,,UNKNOWN,0.9846412727652877,,UNKNOWN
2020-01-10,3265.35009765625,,UNKNOWN,3789.52001953125,,UNKNOWN,0.9807711979696059,,UNKNOWN
2020-01-13,3288.1298828125,,UNKNOWN,3779.679931640625,,UNKNOWN,0.9751461414938941,,UNKNOWN
2020-01-14,3283.14990234375,,UNKNOWN,3774.8798828125,,UNKNOWN,0.9770042904193583,,UNKNOWN
2020-01-15,3289.2900390625,,UNKNOWN,3768.9599609375,,UNKNOWN,0.9706565493869275,,UNKNOWN
2020-01-16,3316.81005859375,,UNKNOWN,3774.139892578125,,UNKNOWN,0.9643084211420943,,UNKNOWN
2020-01-17,3329.6201171875,,UNKNOWN,3808.260009765625,,UNKNOWN,0.9595407668504087,,UNKNOWN
2020-01-20,3329.6201171875,,UNKNOWN,3799.030029296875,,UNKNOWN,0.9595407668504087,,UNKNOWN
2020-01-21,3320.7900390625,,UNKNOWN,3789.1201171875,,UNKNOWN,0.9466316255592325,,UNKNOWN
2020-01-22,3321.75,,UNKNOWN,3769.7900390625,,UNKNOWN,0.9403069203419284,,UNKNOWN
2020-01-23,3325.5400390625,,UNKNOWN,3736.85009765625,,UNKNOWN,0.9318831402874529,,UNKNOWN
2020-01-24,3295.469970703125,,UNKNOWN,3779.159912109375,,UNKNOWN,0.9265029045807319,,UNKNOWN
2020-01-27,3243.6298828125,,UNKNOWN,3677.840087890625,,UNKNOWN,0.9203109341164807,,UNKNOWN
2020-01-28,3276.239990234375,,UNKNOWN,3719.219970703125,,UNKNOWN,0.9168025098958327,,UNKNOWN
2020-01-29,3273.39990234375,,UNKNOWN,3736.360107421875,,UNKNOWN,0.9123581858112989,,UNKNOWN
2020-01-30,3283.659912109375,,UNKNOWN,3690.780029296875,,UNKNOWN,0.910781927364266,,UNKNOWN
2020-01-31,3225.52001953125,,UNKNOWN,3640.909912109375,,UNKNOWN,0.9023303311300338,,UNKNOWN
2020-02-03,3248.919921875,,UNKNOWN,3661.27001953125,,UNKNOWN,0.8930340773410778,,UNKNOWN
2020-02-04,3297.590087890625,,UNKNOWN,3732.280029296875,,UNKNOWN,0.8851981569094166,,UNKNOWN
2020-02-05,3334.68994140625,,UNKNOWN,3777.840087890625,,UNKNOWN,0.9033413131188728,,UNKNOWN
2020-02-06,3345.780029296875,,UNKNOWN,3805.52001953125,,UNKNOWN,0.8971968618719087,,UNKNOWN
2020-02-07,3327.7099609375,,UNKNOWN,3798.489990234375,,UNKNOWN,0.8954680412716179,,UNKNOWN
2020-02-10,3352.090087890625,,UNKNOWN,3793.179931640625,,UNKNOWN,0.8830556027243389,,UNKNOWN
2020-02-11,3357.75,,UNKNOWN,3825.840087890625,,UNKNOWN,0.8858839630768569,,UNKNOWN
2020-02-12,3379.449951171875,,UNKNOWN,3854.429931640625,,UNKNOWN,0.8861126432065054,,UNKNOWN
2020-02-13,3373.93994140625,,UNKNOWN,3846.739990234375,,UNKNOWN,0.8836802482904805,,UNKNOWN
2020-02-14,3380.159912109375,,UNKNOWN,3840.969970703125,,UNKNOWN,0.8787002229781435,,UNKNOWN
2020-02-17,3380.159912109375,,UNKNOWN,3853.27001953125,,UNKNOWN,0.8787002229781435,,UNKNOWN
2020-02-18,3370.2900390625,,UNKNOWN,3836.5400390625,,UNKNOWN,0.8754957165733044,,UNKNOWN
2020-02-19,3386.14990234375,,UNKNOWN,3865.179931640625,,UNKNOWN,0.8812401149818226,,UNKNOWN
2020-02-20,3373.22998046875,,UNKNOWN,3822.97998046875,,UNKNOWN,0.8816851426614166,,UNKNOWN
2020-02-21,3337.75,,UNKNOWN,3800.3798828125,,UNKNOWN,0.8859128476174449,,UNKNOWN
2020-02-24,3225.889892578125,,UNKNOWN,3647.97998046875,,UNKNOWN,0.8830699184783165,,UNKNOWN
2020-02-25,3128.2099609375,,UNKNOWN,3572.510009765625,,UNKNOWN,0.8752977289957651,,UNKNOWN
2020-02-26,3116.389892578125,,UNKNOWN,3577.679931640625,,UNKNOWN,0.8650596071509985,,UNKNOWN
2020-02-27,2978.760009765625,,UNKNOWN,3455.919921875,,UNKNOWN,0.8711978330164345,,UNKNOWN
2020-02-28,2954.219970703125,,UNKNOWN,3329.489990234375,,UNKNOWN,0.8666903623005443,,UNKNOWN
2020-03-02,3090.22998046875,,UNKNOWN,3338.830078125,,UNKNOWN,0.8587110316990615,,UNKNOWN
2020-03-03,3003.3701171875,,UNKNOWN,3371.969970703125,,UNKNOWN,0.8613572373004825,,UNKNOWN
2020-03-04,3130.1201171875,,UNKNOWN,3420.56005859375,,UNKNOWN,0.84739287097747,,UNKNOWN
2020-03-05,3023.93994140625,,UNKNOWN,3363.580078125,,UNKNOWN,0.8440880426205785,,UNKNOWN
2020-03-06,2972.3701171875,,UNKNOWN,3232.070068359375,,UNKNOWN,0.8243071472925286,,UNKNOWN
2020-03-09,2746.56005859375,,UNKNOWN,2959.070068359375,,UNKNOWN,0.7680764051325082,,UNKNOWN
2020-03-10,2882.22998046875,,UNKNOWN,2910.02001953125,,UNKNOWN,0.7635382967349562,,UNKNOWN
2020-03-11,2741.3798828125,,UNKNOWN,2905.56005859375,,UNKNOWN,0.7681096276428432,,UNKNOWN
2020-03-12,2480.639892578125,,UNKNOWN,2545.22998046875,,UNKNOWN,0.7676154464166067,,UNKNOWN
2020-03-13,2711.02001953125,,UNKNOWN,2586.02001953125,,UNKNOWN,0.7637810642874704,,UNKNOWN
2020-03-16,2386.1298828125,,UNKNOWN,2450.3701171875,,UNKNOWN,0.7799535158764219,,UNKNOWN
2020-03-17,2529.18994140625,,UNKNOWN,2530.5,,UNKNOWN,0.7493244034601235,,UNKNOWN
2020-03-18,2398.10009765625,,UNKNOWN,2385.820068359375,,UNKNOWN,0.7166177842708359,,UNKNOWN
2020-03-19,2409.389892578125,,UNKNOWN,2454.080078125,,UNKNOWN,0.7436784892748428,,UNKNOWN
2020-03-20,2304.919921875,,UNKNOWN,2548.5,,UNKNOWN,0.7692932591514666,,UNKNOWN
2020-03-23,2237.39990234375,,UNKNOWN,2485.5400390625,,UNKNOWN,0.7480608218866129,,UNKNOWN
2020-03-24,2447.330078125,,UNKNOWN,2715.110107421875,,UNKNOWN,0.7594216382327256,,UNKNOWN
2020-03-25,2475.56005859375,,UNKNOWN,2800.139892578125,,UNKNOWN,0.7714593105678403,,UNKNOWN
2020-03-26,2630.070068359375,,UNKNOWN,2847.780029296875,,UNKNOWN,0.7600428752017488,,UNKNOWN
2020-03-27,2541.469970703125,,UNKNOWN,2728.64990234375,,UNKNOWN,0.750409939111025,,UNKNOWN
2020-03-30,2626.64990234375,,UNKNOWN,2765.6201171875,,UNKNOWN,0.7370570695263281,,UNKNOWN
2020-03-31,2584.590087890625,,UNKNOWN,2786.89990234375,,UNKNOWN,0.7503774098297334,,UNKNOWN
2020-04-01,2470.5,,UNKNOWN,2680.300048828125,,UNKNOWN,0.7529651440541516,,UNKNOWN
2020-04-02,2526.89990234375,,UNKNOWN,2688.489990234375,,UNKNOWN,0.7735446003401201,,UNKNOWN
2020-04-03,2488.64990234375,,UNKNOWN,2662.989990234375,,UNKNOWN,0.7810706235571016,,UNKNOWN
2020-04-06,2663.679931640625,,UNKNOWN,2795.969970703125,,UNKNOWN,0.7600436957920934,,UNKNOWN
2020-04-07,2659.409912109375,,UNKNOWN,2857.669921875,,UNKNOWN,0.7734609172314236,,UNKNOWN
2020-04-08,2749.97998046875,,UNKNOWN,2851.27001953125,,UNKNOWN,0.7763754482367169,,UNKNOWN
2020-04-09,2789.820068359375,,UNKNOWN,2892.7900390625,,UNKNOWN,0.7756545649568907,,UNKNOWN
2020-04-13,2761.6298828125,,UNKNOWN,2892.7900390625,,UNKNOWN,0.7753988948847329,,UNKNOWN
2020-04-14,2846.06005859375,,UNKNOWN,2917.739990234375,,UNKNOWN,0.7473319170477936,,UNKNOWN
2020-04-15,2783.360107421875,,UNKNOWN,2808.199951171875,,UNKNOWN,0.7361754456852948,,UNKNOWN
2020-04-16,2799.550048828125,,UNKNOWN,2812.35009765625,,UNKNOWN,0.7153232956036819,,UNKNOWN
2020-04-17,2874.56005859375,,UNKNOWN,2888.300048828125,,UNKNOWN,0.74005574132572,,UNKNOWN
2020-04-20,2823.159912109375,,UNKNOWN,2909.5,,UNKNOWN,0.7395535175599672,,UNKNOWN
2020-04-21,2736.56005859375,,UNKNOWN,2791.340087890625,,UNKNOWN,0.7400330310413915,,UNKNOWN
2020-04-22,2799.31005859375,,UNKNOWN,2834.89990234375,,UNKNOWN,0.7350253212727019,,UNKNOWN
2020-04-23,2797.800048828125,,UNKNOWN,2852.4599609375,,UNKNOWN,0.7484617338855896,,UNKNOWN
2020-04-24,2836.739990234375,,UNKNOWN,2809.070068359375,,UNKNOWN,0.7410440342412524,,UNKNOWN
2020-04-27,2878.47998046875,,UNKNOWN,2882.090087890625,,UNKNOWN,0.7430330858905771,,UNKNOWN
2020-04-28,2863.389892578125,,UNKNOWN,2932.06005859375,,UNKNOWN,0.7564828014148641,,UNKNOWN
2020-04-29,2939.510009765625,,UNKNOWN,2996.080078125,,UNKNOWN,0.7711749175525683,,UNKNOWN
2020-04-30,2912.429931640625,,UNKNOWN,2927.929931640625,,UNKNOWN,0.7648754456332455,,UNKNOWN
2020-05-01,2830.7099609375,,UNKNOWN,2927.929931640625,,UNKNOWN,0.7615892134250373,,UNKNOWN
2020-05-04,2842.739990234375,,UNKNOWN,2816.47998046875,,UNKNOWN,0.7653584111897784,,UNKNOWN
2020-05-05,2868.43994140625,,UNKNOWN,2875.909912109375,,UNKNOWN,0.762592687267422,,UNKNOWN
2020-05-06,2848.419921875,,UNKNOWN,2843.760009765625,,UNKNOWN,0.7494806512199867,,UNKNOWN
2020-05-07,2881.18994140625,,UNKNOWN,2880.60009765625,,UNKNOWN,0.7551711431245975,,UNKNOWN
2020-05-08,2929.800048828125,,UNKNOWN,2908.110107421875,,UNKNOWN,0.7646900641343556,,UNKNOWN
2020-05-11,2930.18994140625,,UNKNOWN,2883.75,,UNKNOWN,0.7522743160590604,,UNKNOWN
2020-05-12,2870.1201171875,,UNKNOWN,2884.199951171875,,UNKNOWN,0.7562442638758256,,UNKNOWN
2020-05-13,2820.0,,UNKNOWN,2810.550048828125,,UNKNOWN,0.7456476401535403,,UNKNOWN
2020-05-14,2852.5,,UNKNOWN,2760.22998046875,,UNKNOWN,0.7492496835292025,,UNKNOWN
2020-05-15,2863.699951171875,,UNKNOWN,2770.699951171875,,UNKNOWN,0.7475559309730055,,UNKNOWN
2020-05-18,2953.909912109375,,UNKNOWN,2911.8798828125,,UNKNOWN,0.7631861262928104,,UNKNOWN
2020-05-19,2922.93994140625,,UNKNOWN,2902.580078125,,UNKNOWN,0.7551697862996305,,UNKNOWN
2020-05-20,2971.610107421875,,UNKNOWN,2942.389892578125,,UNKNOWN,0.7635577521089205,,UNKNOWN
2020-05-21,2948.510009765625,,UNKNOWN,2942.389892578125,,UNKNOWN,0.7617256892421271,,UNKNOWN
2020-05-22,2955.449951171875,,UNKNOWN,2905.469970703125,,UNKNOWN,0.7534839699065558,,UNKNOWN
2020-05-25,2955.449951171875,,UNKNOWN,2971.35009765625,,UNKNOWN,0.7534839699065558,,UNKNOWN
2020-05-26,2991.77001953125,,UNKNOWN,2999.219970703125,,UNKNOWN,0.7685530022997007,,UNKNOWN
2020-05-27,3036.1298828125,,UNKNOWN,3051.080078125,,UNKNOWN,0.7703666079123499,,UNKNOWN
2020-05-28,3029.72998046875,,UNKNOWN,3094.469970703125,,UNKNOWN,0.7607220104962338,,UNKNOWN
2020-05-29,3044.31005859375,,UNKNOWN,3050.199951171875,,UNKNOWN,0.7551156006861852,,UNKNOWN
2020-06-01,3055.72998046875,,UNKNOWN,3050.199951171875,,UNKNOWN,0.7581763458661758,,UNKNOWN
2020-06-02,3080.820068359375,,UNKNOWN,3159.02001953125,,UNKNOWN,0.7651825400795264,,UNKNOWN
2020-06-03,3122.8701171875,,UNKNOWN,3269.590087890625,,UNKNOWN,0.7726989299514099,,UNKNOWN
2020-06-04,3112.35009765625,,UNKNOWN,3261.669921875,,UNKNOWN,0.7869213125560935,,UNKNOWN
2020-06-05,3193.929931640625,,UNKNOWN,3384.2900390625,,UNKNOWN,0.8016938098460299,,UNKNOWN
2020-06-08,3232.389892578125,,UNKNOWN,3366.2900390625,,UNKNOWN,0.8061352526809327,,UNKNOWN
2020-06-09,3207.179931640625,,UNKNOWN,3320.7099609375,,UNKNOWN,0.793940064891761,,UNKNOWN
2020-06-10,3190.139892578125,,UNKNOWN,3293.7099609375,,UNKNOWN,0.7719246192540477,,UNKNOWN
2020-06-11,3002.10009765625,,UNKNOWN,3144.570068359375,,UNKNOWN,0.7543338752528581,,UNKNOWN
2020-06-12,3041.31005859375,,UNKNOWN,3153.739990234375,,UNKNOWN,0.760748254088669,,UNKNOWN
2020-06-15,3066.590087890625,,UNKNOWN,3136.39990234375,,UNKNOWN,0.7598615692047187,,UNKNOWN
2020-06-16,3124.739990234375,,UNKNOWN,3242.64990234375,,UNKNOWN,0.761212196965265,,UNKNOWN
2020-06-17,3113.489990234375,,UNKNOWN,3267.260009765625,,UNKNOWN,0.7495703329181685,,UNKNOWN
2020-06-18,3115.340087890625,,UNKNOWN,3249.89990234375,,UNKNOWN,0.7544447264042841,,UNKNOWN
2020-06-19,3097.739990234375,,UNKNOWN,3269.10009765625,,UNKNOWN,0.7581657360096944,,UNKNOWN
2020-06-22,3117.860107421875,,UNKNOWN,3241.68994140625,,UNKNOWN,0.7518543594959839,,UNKNOWN
2020-06-23,3131.2900390625,,UNKNOWN,3298.830078125,,UNKNOWN,0.7502337958506868,,UNKNOWN
2020-06-24,3050.330078125,,UNKNOWN,3196.1201171875,,UNKNOWN,0.7362568677320268,,UNKNOWN
2020-06-25,3083.760009765625,,UNKNOWN,3218.909912109375,,UNKNOWN,0.7453292026774829,,UNKNOWN
2020-06-26,3009.050048828125,,UNKNOWN,3204.169921875,,UNKNOWN,0.7385193376276763,,UNKNOWN
2020-06-29,3053.239990234375,,UNKNOWN,3232.02001953125,,UNKNOWN,0.7379372363061835,,UNKNOWN
2020-06-30,3100.2900390625,,UNKNOWN,3234.070068359375,,UNKNOWN,0.7390643604469531,,UNKNOWN
2020-07-01,3115.860107421875,,UNKNOWN,3228.449951171875,,UNKNOWN,0.7245204716089098,,UNKNOWN
2020-07-02,3130.010009765625,,UNKNOWN,3320.090087890625,,UNKNOWN,0.7283972276068384,,UNKNOWN
2020-07-03,3130.010009765625,,UNKNOWN,3294.3798828125,,UNKNOWN,0.7283972276068384,,UNKNOWN
2020-07-06,3179.719970703125,,UNKNOWN,3350.030029296875,,UNKNOWN,0.7268459377646778,,UNKNOWN
2020-07-07,3145.320068359375,,UNKNOWN,3321.56005859375,,UNKNOWN,0.7238380810917399,,UNKNOWN
2020-07-08,3169.93994140625,,UNKNOWN,3286.090087890625,,UNKNOWN,0.7174278705048298,,UNKNOWN
2020-07-09,3152.050048828125,,UNKNOWN,3261.169921875,,UNKNOWN,0.6991814813826557,,UNKNOWN
2020-07-10,3185.0400390625,,UNKNOWN,3296.219970703125,,UNKNOWN,0.7117247475416476,,UNKNOWN
2020-07-13,3155.219970703125,,UNKNOWN,3350.0,,UNKNOWN,0.7199816660856585,,UNKNOWN
2020-07-14,3197.52001953125,,UNKNOWN,3321.389892578125,,UNKNOWN,0.7264412442197652,,UNKNOWN
2020-07-15,3226.56005859375,,UNKNOWN,3378.2099609375,,UNKNOWN,0.7348939227346492,,UNKNOWN
2020-07-16,3215.570068359375,,UNKNOWN,3365.35009765625,,UNKNOWN,0.7371803660700421,,UNKNOWN
2020-07-17,3224.72998046875,,UNKNOWN,3365.60009765625,,UNKNOWN,0.72912943164454,,UNKNOWN
2020-07-20,3251.840087890625,,UNKNOWN,3388.340087890625,,UNKNOWN,0.7143576218615395,,UNKNOWN
2020-07-21,3257.300048828125,,UNKNOWN,3405.35009765625,,UNKNOWN,0.7383551419300847,,UNKNOWN
2020-07-22,3276.02001953125,,UNKNOWN,3370.760009765625,,UNKNOWN,0.7305731385721134,,UNKNOWN
2020-07-23,3235.659912109375,,UNKNOWN,3371.739990234375,,UNKNOWN,0.7409350858801029,,UNKNOWN
2020-07-24,3215.6298828125,,UNKNOWN,3310.889892578125,,UNKNOWN,0.7431471032658906,,UNKNOWN
2020-07-27,3239.409912109375,,UNKNOWN,3302.840087890625,,UNKNOWN,0.7394226118064735,,UNKNOWN
2020-07-28,3218.43994140625,,UNKNOWN,3303.56005859375,,UNKNOWN,0.7322327607235799,,UNKNOWN
2020-07-29,3258.43994140625,,UNKNOWN,3300.159912109375,,UNKNOWN,0.7339213431640542,,UNKNOWN
2020-07-30,3246.219970703125,,UNKNOWN,3208.199951171875,,UNKNOWN,0.7154496138206411,,UNKNOWN
2020-07-31,3271.1201171875,,UNKNOWN,3174.320068359375,,UNKNOWN,0.7070448008879112,,UNKNOWN
2020-08-03,3294.610107421875,,UNKNOWN,3248.280029296875,,UNKNOWN,0.7054151665952625,,UNKNOWN
2020-08-04,3306.510009765625,,UNKNOWN,3254.2900390625,,UNKNOWN,0.7082664090313872,,UNKNOWN
2020-08-05,3327.77001953125,,UNKNOWN,3268.3798828125,,UNKNOWN,0.7150691571845224,,UNKNOWN
2020-08-06,3349.159912109375,,UNKNOWN,3240.389892578125,,UNKNOWN,0.7076290752646927,,UNKNOWN
2020-08-07,3351.280029296875,,UNKNOWN,3252.64990234375,,UNKNOWN,0.7108615020203776,,UNKNOWN
2020-08-10,3360.469970703125,,UNKNOWN,3259.7099609375,,UNKNOWN,0.7204199102498569,,UNKNOWN
2020-08-11,3333.68994140625,,UNKNOWN,3332.1201171875,,UNKNOWN,0.7292585304535738,,UNKNOWN
2020-08-12,3380.35009765625,,UNKNOWN,3363.179931640625,,UNKNOWN,0.7213761834098644,,UNKNOWN
2020-08-13,3373.429931640625,,UNKNOWN,3342.85009765625,,UNKNOWN,0.7174577639559586,,UNKNOWN
2020-08-14,3372.85009765625,,UNKNOWN,3305.050048828125,,UNKNOWN,0.72161030339689,,UNKNOWN
2020-08-17,3381.989990234375,,UNKNOWN,3305.85009765625,,UNKNOWN,0.7147046842289368,,UNKNOWN
2020-08-18,3389.780029296875,,UNKNOWN,3289.639892578125,,UNKNOWN,0.708331108286656,,UNKNOWN
2020-08-19,3374.85009765625,,UNKNOWN,3317.6201171875,,UNKNOWN,0.7084299252231971,,UNKNOWN
2020-08-20,3385.510009765625,,UNKNOWN,3273.97998046875,,UNKNOWN,0.6971186457371434,,UNKNOWN
2020-08-21,3397.159912109375,,UNKNOWN,3259.75,,UNKNOWN,0.6879755306482673,,UNKNOWN
2020-08-24,3431.280029296875,,UNKNOWN,3331.739990234375,,UNKNOWN,0.6952126965578399,,UNKNOWN
2020-08-25,3443.6201171875,,UNKNOWN,3329.7099609375,,UNKNOWN,0.6914645685627165,,UNKNOWN
2020-08-26,3478.72998046875,,UNKNOWN,3356.760009765625,,UNKNOWN,0.6815762789666329,,UNKNOWN
2020-08-27,3484.550048828125,,UNKNOWN,3331.0400390625,,UNKNOWN,0.6832294078294129,,UNKNOWN
2020-08-28,3508.010009765625,,UNKNOWN,3315.5400390625,,UNKNOWN,0.6858718727495856,,UNKNOWN
2020-08-31,3500.31005859375,,UNKNOWN,3272.510009765625,,UNKNOWN,0.6767516301750559,,UNKNOWN
2020-09-01,3526.64990234375,,UNKNOWN,3277.580078125,,UNKNOWN,0.6736982619632592,,UNKNOWN
2020-09-02,3580.840087890625,,UNKNOWN,3337.77001953125,,UNKNOWN,0.6657759473152612,,UNKNOWN
2020-09-03,3455.06005859375,,UNKNOWN,3304.219970703125,,UNKNOWN,0.6815271251814771,,UNKNOWN
2020-09-04,3426.9599609375,,UNKNOWN,3260.590087890625,,UNKNOWN,0.6880963078194487,,UNKNOWN
2020-09-07,3426.9599609375,,UNKNOWN,3314.070068359375,,UNKNOWN,0.6880963078194487,,UNKNOWN
2020-09-08,3331.840087890625,,UNKNOWN,3267.3701171875,,UNKNOWN,0.6859487741719165,,UNKNOWN
2020-09-09,3398.9599609375,,UNKNOWN,3324.830078125,,UNKNOWN,0.67899233512284,,UNKNOWN
2020-09-10,3339.18994140625,,UNKNOWN,3312.77001953125,,UNKNOWN,0.6774667765823524,,UNKNOWN
2020-09-11,3340.969970703125,,UNKNOWN,3315.81005859375,,UNKNOWN,0.6834203862847127,,UNKNOWN
2020-09-14,3383.5400390625,,UNKNOWN,3316.7900390625,,UNKNOWN,0.677950715557388,,UNKNOWN
2020-09-15,3401.199951171875,,UNKNOWN,3332.260009765625,,UNKNOWN,0.6690254303394892,,UNKNOWN
2020-09-16,3385.489990234375,,UNKNOWN,3338.840087890625,,UNKNOWN,0.6877648761514723,,UNKNOWN
2020-09-17,3357.010009765625,,UNKNOWN,3316.570068359375,,UNKNOWN,0.6973203569561647,,UNKNOWN
2020-09-18,3319.469970703125,,UNKNOWN,3283.68994140625,,UNKNOWN,0.7042166693636804,,UNKNOWN
2020-09-21,3281.06005859375,,UNKNOWN,3160.949951171875,,UNKNOWN,0.6875284573402206,,UNKNOWN
2020-09-22,3315.570068359375,,UNKNOWN,3164.1298828125,,UNKNOWN,0.6728813952158987,,UNKNOWN
2020-09-23,3236.919921875,,UNKNOWN,3180.110107421875,,UNKNOWN,0.6690316416719329,,UNKNOWN
2020-09-24,3246.590087890625,,UNKNOWN,3159.639892578125,,UNKNOWN,0.6678871900197003,,UNKNOWN
2020-09-25,3298.4599609375,,UNKNOWN,3137.06005859375,,UNKNOWN,0.6582377102463606,,UNKNOWN
2020-09-28,3351.60009765625,,UNKNOWN,3223.18994140625,,UNKNOWN,0.6596748691093556,,UNKNOWN
2020-09-29,3335.469970703125,,UNKNOWN,3214.300048828125,,UNKNOWN,0.6516966683359158,,UNKNOWN
2020-09-30,3363.0,,UNKNOWN,3193.610107421875,,UNKNOWN,0.6508907672029635,,UNKNOWN
2020-10-01,3380.800048828125,,UNKNOWN,3194.090087890625,,UNKNOWN,0.6330566053221368,,UNKNOWN
2020-10-02,3348.419921875,,UNKNOWN,3190.929931640625,,UNKNOWN,0.6406184910668029,,UNKNOWN
2020-10-05,3408.60009765625,,UNKNOWN,3220.219970703125,,UNKNOWN,0.6457851758697322,,UNKNOWN
2020-10-06,3360.969970703125,,UNKNOWN,3233.300048828125,,UNKNOWN,0.6472595271634328,,UNKNOWN
2020-10-07,3419.43994140625,,UNKNOWN,3233.429931640625,,UNKNOWN,0.6469561535087872,,UNKNOWN
2020-10-08,3446.830078125,,UNKNOWN,3255.760009765625,,UNKNOWN,0.6541549533065518,,UNKNOWN
2020-10-09,3477.139892578125,3117.180048828125,UP,3273.1201171875,3237.968406982422,UP,0.6464006824862313,0.7503936744703792,DOWN
2020-10-12,3534.219970703125,3118.676898193359,UP,3298.1201171875,3235.592156982422,UP,0.6366282934703692,0.7503056028402102,DOWN
2020-10-13,3511.929931640625,3120.0051477050783,UP,3279.18994140625,3233.225506591797,UP,0.6331880317299423,0.7499020643844276,DOWN
2020-10-14,3488.669921875,3121.26259765625,UP,3273.280029296875,3230.795656738281,UP,0.6385415113106816,0.7495254920690777,DOWN
2020-10-15,3483.340087890625,3122.4140478515624,UP,3192.68994140625,3227.8963061523436,DOWN,0.6425409835408271,0.7494025273400551,DOWN
2020-10-16,3483.81005859375,3123.459598388672,UP,3245.469970703125,3225.144256591797,DOWN,0.6393978817884128,0.749287043494663,DOWN
2020-10-19,3426.919921875,3124.2674475097656,UP,3242.510009765625,3222.4092065429686,DOWN,0.640215821000634,0.748855708707396,DOWN
2020-10-20,3443.1201171875,3125.0423986816404,UP,3227.8701171875,3219.650157470703,DOWN,0.6422525777482062,0.7482612778861013,DOWN
2020-10-21,3435.56005859375,3125.8044494628907,UP,3180.699951171875,3216.6792578125,DOWN,0.6376149409218469,0.7478083764298092,DOWN
2020-10-22,3453.489990234375,3126.62544921875,UP,3171.409912109375,3213.691507568359,DOWN,0.651199886044784,0.7474439240103996,DOWN
2020-10-23,3465.389892578125,3127.368348388672,UP,3198.860107421875,3210.8151086425783,DOWN,0.647775992618265,0.746489778600667,DOWN
2020-10-26,3400.969970703125,3127.72509765625,UP,3105.25,3207.30005859375,DOWN,0.6413479699755903,0.7454884214155116,DOWN
2020-10-27,3390.679931640625,3128.030396728516,UP,3070.60009765625,3203.657908935547,DOWN,0.6352892928284227,0.7445038459761628,DOWN
2020-10-28,3271.030029296875,3127.7815966796875,UP,2963.5400390625,3199.5300085449217,DOWN,0.636687380740551,0.7434127962703667,DOWN
2020-10-29,3310.110107421875,3127.723397216797,UP,2960.030029296875,3195.4812084960936,DOWN,0.6389408890164204,0.7430900945782339,DOWN
2020-10-30,3269.9599609375,3127.445496826172,UP,2958.2099609375,3191.5880078125,DOWN,0.6521712583900487,0.7420385600659147,DOWN
2020-11-02,3310.239990234375,3127.519346923828,UP,3019.5400390625,3187.7899084472656,DOWN,0.6630226268033879,0.7409895600606777,DOWN
2020-11-03,3369.159912109375,3128.1469970703124,UP,3098.719970703125,3184.8943078613283,DOWN,0.6563388555633045,0.7404954136029115,DOWN
2020-11-04,3443.43994140625,3128.982996826172,UP,3161.070068359375,3182.1035583496096,DOWN,0.6410220713497042,0.7400443861835557,DOWN
2020-11-05,3510.449951171875,3130.1682470703126,UP,3215.56005859375,3179.4995581054686,UP,0.6378948424796145,0.7397932743006794,DOWN
2020-11-06,3509.43994140625,3131.297147216797,UP,3204.050048828125,3177.065908203125,UP,0.6318794039055832,0.7394880646832204,DOWN
2020-11-09,3550.5,3132.9220471191406,UP,3407.909912109375,3175.900908203125,UP,0.6788676576167607,0.7392434861267133,DOWN
2020-11-10,3545.530029296875,3134.40509765625,UP,3442.6201171875,3174.8076586914062,UP,0.6955534332165618,0.7387918490373147,DOWN
2020-11-11,3572.659912109375,3135.780446777344,UP,3467.300048828125,3173.4827587890627,UP,0.6807601257734865,0.7384372397788805,DOWN
2020-11-12,3537.010009765625,3136.7920471191405,UP,3428.199951171875,3171.7345581054688,UP,0.6740367977972183,0.738146189118134,DOWN
2020-11-13,3585.14990234375,3137.988896484375,UP,3432.070068359375,3169.867308349609,UP,0.6781907130671542,0.7375588011881128,DOWN
2020-11-16,3626.909912109375,3139.4848962402343,UP,3466.2099609375,3168.205908203125,UP,0.6943381717282655,0.737118717798185,DOWN
2020-11-17,3609.530029296875,3140.772095947266,UP,3468.47998046875,3166.5824084472656,UP,0.7009343557716491,0.7366569686291775,DOWN
2020-11-18,3567.7900390625,3141.822296142578,UP,3482.169921875,3164.8640576171874,UP,0.6994578211706534,0.7362161567086608,DOWN
2020-11-19,3581.8701171875,3142.834396972656,UP,3451.969970703125,3162.8517578125,UP,0.7022016949525969,0.7356003834789984,DOWN
2020-11-20,3557.5400390625,3143.7523974609376,UP,3467.60009765625,3160.9560583496095,UP,0.7046796248399008,0.7349596220036756,DOWN
2020-11-23,3577.590087890625,3144.7395483398436,UP,3463.0400390625,3159.066408691406,UP,0.7250133680998231,0.7344076329493516,DOWN
2020-11-24,3635.409912109375,3146.015798339844,UP,3507.97998046875,3157.339958496094,UP,0.7425183313742882,0.7344076329493516,UP
2020-11-25,3629.64990234375,3147.31259765625,UP,3511.89990234375,3155.7167578125,UP,0.7340914671622082,0.7340064051631312,UP
2020-11-26,3629.64990234375,3148.53009765625,UP,3510.93994140625,3153.9455578613283,UP,0.7340914671622082,0.7340064051631312,UP
2020-11-27,3638.35009765625,3149.8556982421874,UP,3527.7900390625,3152.469608154297,UP,0.7302275952429977,0.733077051943817,UP
2020-11-30,3621.6298828125,3151.27509765625,UP,3492.5400390625,3150.930408935547,UP,0.7118833852936794,0.7314029496478467,DOWN
2020-12-01,3662.449951171875,3153.457897949219,UP,3525.239990234375,3150.316708984375,UP,0.7096337068916713,0.7304003669075556,DOWN
2020-12-02,3669.010009765625,3156.1618981933593,UP,3521.320068359375,3150.0607592773435,UP,0.7206523128432114,0.7297430628482857,DOWN
2020-12-03,3666.719970703125,3158.9135485839843,UP,3517.10009765625,3149.757860107422,UP,0.722472958431051,0.7291939810490569,DOWN
2020-12-04,3699.1201171875,3162.5153491210935,UP,3539.27001953125,3150.174610595703,UP,0.7384636922858351,0.7291939810490569,UP
2020-12-07,3691.9599609375,3166.2040490722657,UP,3530.080078125,3151.177561035156,UP,0.7303154106533817,0.7291939810490569,UP
2020-12-08,3702.25,3169.264149169922,UP,3525.8701171875,3152.1127612304685,UP,0.735428963454365,0.7291939810490569,UP
2020-12-09,3672.820068359375,3172.611398925781,UP,3529.02001953125,3152.8980114746096,UP,0.7428759973029445,0.7291939810490569,UP
2020-12-10,3668.10009765625,3175.301298828125,UP,3522.31005859375,3153.4067614746095,UP,0.7534584418759639,0.7291939810490569,UP
2020-12-11,3663.4599609375,3178.4988989257813,UP,3485.840087890625,3154.0180615234376,UP,0.7486820391785394,0.7291939810490569,UP
2020-12-14,3647.489990234375,3181.8744982910157,UP,3503.9599609375,3155.377510986328,UP,0.7358236165568894,0.7291939810490569,UP
2020-12-15,3694.6201171875,3186.6147985839843,UP,3521.5,3158.189660644531,UP,0.7358395478659172,0.7291939810490569,UP
2020-12-16,3701.169921875,3190.7094982910157,UP,3543.0,3161.354560546875,UP,0.7331044461229522,0.7291939810490569,UP
2020-12-17,3722.47998046875,3195.614998779297,UP,3560.8701171875,3164.6311108398436,UP,0.7299930713471608,0.7291939810490569,UP
2020-12-18,3709.409912109375,3201.758848876953,UP,3545.739990234375,3169.633660888672,UP,0.7301980046084979,0.7291939810490569,UP
2020-12-21,3694.919921875,3206.678348388672,UP,3448.679931640625,3173.9469604492188,UP,0.7299568753721882,0.7291939810490569,UP
2020-12-22,3687.260009765625,3213.1839990234375,UP,3497.489990234375,3179.1825598144533,UP,0.719275705835539,0.7287633296256892,DOWN
2020-12-23,3690.010009765625,3218.9880993652346,UP,3539.260009765625,3184.2263598632812,UP,0.7328300336243868,0.7287633296256892,DOWN
2020-12-24,3703.06005859375,3225.512899169922,UP,3539.260009765625,3189.9935595703123,UP,0.7288344812446164,0.7289819564445782,DOWN
2020-12-28,3735.360107421875,3232.1427502441406,UP,3575.409912109375,3195.6002087402344,UP,0.7195758592047257,0.7286158544257274,DOWN
2020-12-29,3727.0400390625,3239.253350830078,UP,3581.3701171875,3200.764559326172,UP,0.7195006352495491,0.7283972276068384,DOWN
2020-12-30,3732.0400390625,3246.726551513672,UP,3571.590087890625,3206.1948095703124,UP,0.7248241046515491,0.7276215826857582,DOWN
2020-12-31,3756.070068359375,3253.2702514648436,UP,3571.590087890625,3210.4772094726563,UP,0.7226181232543519,0.7266435909922215,DOWN
2021-01-04,3700.64990234375,3259.3957006835935,UP,3564.389892578125,3214.2984594726563,UP,0.7313339851277699,0.7266435909922215,DOWN
2021-01-05,3726.860107421875,3264.8796508789064,UP,3547.85009765625,3217.7988098144533,UP,0.7475315119524883,0.7266435909922215,UP
2021-01-06,3748.139892578125,3270.9130004882813,UP,3611.080078125,3222.2109606933595,UP,0.7707203862217237,0.7266435909922215,UP
2021-01-07,3803.7900390625,3276.798701171875,UP,3622.419921875,3226.494959716797,UP,0.7677550880416386,0.7266435909922215,UP
2021-01-08,3824.679931640625,3282.999150390625,UP,3645.050048828125,3230.7857104492186,UP,0.7589452244328938,0.7266435909922215,UP
2021-01-11,3799.610107421875,3289.6447009277344,UP,3620.6201171875,3235.4873107910157,UP,0.7725374674585612,0.7266435909922215,UP
2021-01-12,3801.18994140625,3296.0161511230467,UP,3612.1298828125,3240.1055102539062,UP,0.7873260461104421,0.7266435909922215,UP
2021-01-13,3809.840087890625,3302.6221020507815,UP,3616.510009765625,3244.8731103515624,UP,0.7772007362466832,0.7266435909922215,UP
2021-01-14,3795.5400390625,3308.2814025878906,UP,3641.3701171875,3249.1001110839843,UP,0.7910251215086088,0.7266435909922215,UP
2021-01-15,3768.25,3313.8256030273437,UP,3599.550048828125,3252.80951171875,UP,0.774538594930026,0.7266435909922215,UP
2021-01-18,3768.25,3318.916953125,UP,3602.669921875,3256.5665112304687,UP,0.774538594930026,0.7266435909922215,UP
2021-01-19,3798.909912109375,3323.96240234375,UP,3595.419921875,3260.079660644531,UP,0.7773747972656191,0.7266435909922215,UP
2021-01-20,3851.85009765625,3329.413503417969,UP,3624.0400390625,3263.735910644531,UP,0.7647138179117092,0.7266435909922215,UP
2021-01-21,3853.070068359375,3334.448553466797,UP,3618.35009765625,3267.2389611816407,UP,0.7474026496471382,0.7266435909922215,UP
2021-01-22,3841.469970703125,3339.739102783203,UP,3602.409912109375,3271.210010986328,UP,0.7429057301418367,0.7266435909922215,UP
2021-01-25,3855.360107421875,3345.018153076172,UP,3553.139892578125,3274.9139599609375,UP,0.7332409792097145,0.7276215826857582,UP
2021-01-26,3849.6201171875,3349.893453369141,UP,3592.830078125,3278.436610107422,UP,0.724480725496783,0.7266435909922215,UP
2021-01-27,3750.77001953125,3354.53150390625,UP,3536.3798828125,3281.5710095214845,UP,0.727636220465219,0.7266435909922215,UP
2021-01-28,3787.3798828125,3359.7856030273438,UP,3557.0400390625,3285.399509277344,UP,0.7323328295763764,0.7266435909922215,UP
2021-01-29,3714.239990234375,3364.360252685547,UP,3481.43994140625,3288.632209472656,UP,0.7312708415400238,0.7266435909922215,UP
2021-02-01,3773.860107421875,3369.2405529785156,UP,3530.85009765625,3292.02416015625,UP,0.7241253590728519,0.7257273061597942,UP
2021-02-02,3826.31005859375,3374.1884033203123,UP,3590.4599609375,3295.9311096191404,UP,0.7243976850450774,0.7249187363756862,UP
2021-02-03,3830.169921875,3378.946853027344,UP,3609.75,3299.5694091796877,UP,0.7406098439407472,0.7249187363756862,UP
2021-02-04,3871.739990234375,3383.988603515625,UP,3642.1201171875,3303.1197094726563,UP,0.7392283629713392,0.7249187363756862,UP
2021-02-05,3886.830078125,3388.725203857422,UP,3655.77001953125,3306.4181591796873,UP,0.7423280563388006,0.7249187363756862,UP
2021-02-08,3915.590087890625,3393.7410046386717,UP,3665.510009765625,3310.1060595703125,UP,0.7553422502333437,0.7249187363756862,UP
2021-02-09,3911.22998046875,3399.143604736328,UP,3661.1298828125,3313.772059326172,UP,0.7529801953204206,0.7249187363756862,UP
2021-02-10,3909.8798828125,3404.479304199219,UP,3648.3701171875,3317.9315100097656,UP,0.7590500020502413,0.7249187363756862,UP
2021-02-11,3916.3798828125,3409.71900390625,UP,3671.679931640625,3321.910360107422,UP,0.7523640586515258,0.7249187363756862,UP
2021-02-12,3934.830078125,3415.1510546875,UP,3695.610107421875,3326.169610595703,UP,0.7605755955007545,0.7249187363756862,UP
2021-02-15,3934.830078125,3420.4192553710936,UP,3734.199951171875,3330.437609863281,UP,0.7605755955007545,0.7249187363756862,UP
2021-02-16,3932.590087890625,3425.4332055664063,UP,3726.39990234375,3334.5290588378907,UP,0.7768408590239037,0.7249187363756862,UP
2021-02-17,3931.330078125,3430.43890625,UP,3699.85009765625,3338.609559326172,UP,0.78345537673568,0.7249187363756862,UP
2021-02-18,3913.969970703125,3435.658155517578,UP,3681.0400390625,3342.593759765625,UP,0.7753823362714554,0.7249187363756862,UP
2021-02-19,3906.7099609375,3441.0917053222656,UP,3713.4599609375,3347.108309326172,UP,0.788194969715315,0.7249187363756862,UP
2021-02-22,3876.5,3446.2117053222655,UP,3699.85009765625,3351.8064099121093,UP,0.8177963933359288,0.7249187363756862,UP
2021-02-23,3881.3701171875,3451.3000561523436,UP,3689.10009765625,3356.3984106445314,UP,0.8261824335587583,0.7249187363756862,UP
2021-02-24,3925.429931640625,3456.15765625,UP,3705.989990234375,3360.3689611816408,UP,0.8375335657816019,0.7249187363756862,UP
2021-02-25,3829.340087890625,3460.689656982422,UP,3685.280029296875,3364.2824609375,UP,0.8473692621353154,0.7249187363756862,UP
2021-02-26,3811.14990234375,3464.887355957031,UP,3636.43994140625,3367.7527111816407,UP,0.8322193692233336,0.7249187363756862,UP
2021-03-01,3901.820068359375,3469.65390625,UP,3706.6201171875,3371.5738623046873,UP,0.8296875672543256,0.7249187363756862,UP
2021-03-02,3870.2900390625,3474.228106689453,UP,3707.719970703125,3375.5851123046873,UP,0.8383479373484163,0.7249187363756862,UP
2021-03-03,3819.719970703125,3478.549456787109,UP,3712.780029296875,3379.2922619628907,UP,0.8614997950976431,0.7249187363756862,UP
2021-03-04,3768.469970703125,3482.432956542969,UP,3704.85009765625,3382.8204125976563,UP,0.8800254202749659,0.7249187363756862,UP
2021-03-05,3841.93994140625,3486.4620068359377,UP,3669.5400390625,3385.912712402344,UP,0.8912429938309997,0.7249187363756862,UP
2021-03-08,3821.35009765625,3490.420107421875,UP,3763.239990234375,3389.2565625,UP,0.900428258203752,0.7249187363756862,UP
2021-03-09,3875.43994140625,3494.5757568359377,UP,3786.050048828125,3392.935812988281,UP,0.8690943772500878,0.7249187363756862,UP
2021-03-10,3898.81005859375,3498.7911572265625,UP,3819.919921875,3396.784412841797,UP,0.8830665012184601,0.7249187363756862,UP
2021-03-11,3939.340087890625,3503.083757324219,UP,3845.639892578125,3400.217512207031,UP,0.8730769078174242,0.7249187363756862,UP
2021-03-12,3943.340087890625,3507.1861071777344,UP,3833.360107421875,3403.0363623046874,UP,0.8733104753574514,0.7249187363756862,UP
2021-03-15,3968.93994140625,3511.4690563964846,UP,3829.840087890625,3405.8772131347655,UP,0.8579585968026542,0.7249187363756862,UP
2021-03-16,3962.7099609375,3515.3129565429685,UP,3850.9599609375,3408.2105627441406,UP,0.8449749017440068,0.7249187363756862,UP
2021-03-17,3974.1201171875,3519.021607666016,UP,3849.739990234375,3410.6278125,UP,0.8491749362194916,0.7249187363756862,UP
2021-03-18,3915.4599609375,3522.5630078125,UP,3867.5400390625,3413.361962890625,UP,0.8447755844569856,0.7249187363756862,UP
2021-03-19,3913.10009765625,3526.1778088378906,UP,3837.02001953125,3416.0785131835937,UP,0.8460817230708889,0.7249187363756862,UP
2021-03-22,3940.590087890625,3530.8702587890625,UP,3833.840087890625,3419.52486328125,UP,0.8309474323526793,0.7249187363756862,UP
2021-03-23,3910.52001953125,3535.21630859375,UP,3827.02001953125,3422.8912634277344,UP,0.8178022284646823,0.7249187363756862,UP
2021-03-24,3889.139892578125,3539.3290576171876,UP,3832.550048828125,3426.372014160156,UP,0.8395217220598507,0.7249187363756862,UP
2021-03-25,3909.52001953125,3543.252957763672,UP,3832.570068359375,3429.3216149902346,UP,0.838340544177584,0.7249187363756862,UP
2021-03-26,3974.5400390625,3547.5582080078125,UP,3866.679931640625,3432.3187145996094,UP,0.8428718036740619,0.7249187363756862,UP
2021-03-29,3971.090087890625,3551.8369580078124,UP,3882.8701171875,3435.4835656738283,UP,0.8392131260331057,0.7249187363756862,UP
2021-03-30,3958.550048828125,3556.1410083007813,UP,3926.199951171875,3438.769064941406,UP,0.8373513458382277,0.7249187363756862,UP
2021-03-31,3972.889892578125,3560.4161572265625,UP,3919.2099609375,3442.1566650390623,UP,0.826228779640757,0.7249187363756862,UP
2021-04-01,4019.8701171875,3564.8590576171873,UP,3945.9599609375,3445.392314453125,UP,0.8298351291402227,0.7249187363756862,UP
2021-04-05,4077.909912109375,3569.9969567871094,UP,3945.9599609375,3449.141513671875,UP,0.809939548175528,0.7249187363756862,UP
2021-04-06,4073.93994140625,3574.9478564453125,UP,3970.419921875,3452.899063720703,UP,0.8091189784296923,0.7249187363756862,UP
2021-04-07,4079.949951171875,3580.302355957031,UP,3956.77001953125,3456.6620642089842,UP,0.807799371898759,0.7249187363756862,UP
2021-04-08,4097.169921875,3585.5220056152343,UP,3977.830078125,3460.3911145019533,UP,0.8001739617624198,0.7249187363756862,UP
2021-04-09,4128.7998046875,3590.6645544433595,UP,3978.840087890625,3464.1149645996093,UP,0.7954890241333418,0.7249187363756862,UP
2021-04-12,4127.990234375,3595.725205078125,UP,3961.89990234375,3467.7822143554686,UP,0.7939687412208111,0.7257273061597942,UP
2021-04-13,4141.58984375,3600.783104248047,UP,3966.989990234375,3471.0167138671877,UP,0.7861788007334565,0.7257273061597942,UP
2021-04-14,4124.66015625,3605.7563549804686,UP,3976.280029296875,3474.4262145996095,UP,0.8057576634234612,0.7257273061597942,UP
2021-04-15,4170.419921875,3610.709854736328,UP,3993.429931640625,3477.6432141113282,UP,0.7954502866685433,0.7257273061597942,UP
2021-04-16,4185.47021484375,3615.91060546875,UP,4032.989990234375,3481.200363769531,UP,0.7933841771055233,0.7270387323424921,UP
2021-04-19,4163.259765625,3620.8772045898436,UP,4019.909912109375,3484.869462890625,UP,0.797555399655539,0.7282353508549178,UP
2021-04-20,4134.93994140625,3625.7916540527344,UP,3940.4599609375,3488.2659130859374,UP,0.7875906858226809,0.7289819564445782,UP
2021-04-21,4173.419921875,3630.733553466797,UP,3976.409912109375,3491.666862792969,UP,0.7901770565500837,0.7291939810490569,UP
2021-04-22,4134.97998046875,3635.632353515625,UP,4014.800048828125,3494.990863037109,UP,0.7910381065588387,0.729607702912881,UP
2021-04-23,4180.169921875,3640.5456030273435,UP,4013.340087890625,3498.450614013672,UP,0.7933832008023676,0.7299749733596745,UP
2021-04-26,4187.6201171875,3645.3509033203127,UP,4020.830078125,3501.663714599609,UP,0.7958057377630506,0.7299749733596745,UP
2021-04-27,4186.72021484375,3650.2066540527344,UP,4011.909912109375,3504.896513671875,UP,0.8036704992251799,0.7299749733596745,UP
2021-04-28,4183.18017578125,3654.998905029297,UP,4015.030029296875,3508.143663330078,UP,0.8188046676633699,0.7300955379778293,UP
2021-04-29,4211.47021484375,3659.7970556640626,UP,3996.89990234375,3511.1864624023438,UP,0.8259351915574052,0.7302127999257478,UP
2021-04-30,4181.169921875,3664.416405029297,UP,3974.739990234375,3514.0334118652345,UP,0.8154336967531498,0.7302127999257478,UP
2021-05-03,4192.66015625,3668.9996057128906,UP,4000.25,3517.1808618164064,UP,0.8313634553712714,0.7302127999257478,UP
2021-05-04,4164.66015625,3673.644606933594,UP,3924.800048828125,3519.946162109375,UP,0.8475687552212993,0.7302127999257478,UP
2021-05-05,4167.58984375,3678.404406738281,UP,4002.7900390625,3523.405662841797,UP,0.8674239846143511,0.7302127999257478,UP
2021-05-06,4201.6201171875,3683.215457763672,UP,3999.43994140625,3526.888662109375,UP,0.8688470188069788,0.7302127999257478,UP
2021-05-07,4232.60009765625,3688.286258544922,UP,4034.25,3530.5421118164063,UP,0.8715111781134638,0.7302127999257478,UP
2021-05-10,4188.43017578125,3692.936209716797,UP,4023.35009765625,3534.158062744141,UP,0.8811360278694284,0.7302127999257478,UP
2021-05-11,4152.10009765625,3697.4656103515626,UP,3946.06005859375,3537.84736328125,UP,0.8789837101572271,0.7302715029481897,UP
2021-05-12,4063.0400390625,3701.4252099609375,UP,3947.429931640625,3541.712912597656,UP,0.8992643489921744,0.7307931260967027,UP
2021-05-13,4112.5,3705.514659423828,UP,3947.429931640625,3545.208662109375,UP,0.8859938393577047,0.7313024133338968,UP
2021-05-14,4173.85009765625,3709.8513598632812,UP,4017.43994140625,3549.024411621094,UP,0.8883521062521887,0.7318334073520731,UP
2021-05-17,4163.2900390625,3714.0289599609373,UP,4006.840087890625,3552.716712646484,UP,0.9039437387081595,0.7325814316003816,UP
2021-05-18,4127.830078125,3717.9223107910157,UP,4005.340087890625,3556.541463623047,UP,0.895301416083162,0.7329672398736695,UP
2021-05-19,4115.68017578125,3721.7443115234373,UP,3936.739990234375,3559.9619140625,UP,0.88143452343721,0.7331727126663334,UP
2021-05-20,4159.1201171875,3725.7375622558593,UP,3999.909912109375,3563.6629138183594,UP,0.8672828343190147,0.7336662231859614,UP
2021-05-21,4155.85986328125,3729.8484118652345,UP,4025.780029296875,3567.131213378906,UP,0.874874051084498,0.7340914671622082,UP
2021-05-24,4197.0498046875,3733.9319104003907,UP,4025.780029296875,3570.4442138671875,UP,0.8729554259786788,0.7347602153082866,UP
2021-05-25,4188.1298828125,3738.00541015625,UP,4036.0400390625,3573.9101635742186,UP,0.8627896477950973,0.7356262900056272,UP
2021-05-26,4195.990234375,3742.121110839844,UP,4031.669921875,3577.543262939453,UP,0.8636877381195899,0.7358315822114033,UP
2021-05-27,4200.8798828125,3746.2155603027345,UP,4039.2099609375,3581.210062255859,UP,0.8723229647964568,0.7371516200758761,UP
2021-05-28,4204.10986328125,3750.2872094726563,UP,4070.56005859375,3585.1146630859375,UP,0.8701103993477851,0.7388460276285871,UP
2021-05-31,4204.10986328125,3754.4335083007813,UP,4039.4599609375,3588.7238623046874,UP,0.8701103993477851,0.7399191034560433,UP
2021-06-01,4202.0400390625,3758.5161584472658,UP,4071.75,3592.7127124023436,UP,0.8894663356420434,0.741468950139774,UP
2021-06-02,4208.1201171875,3762.5709594726563,UP,4088.5,3596.856462402344,UP,0.8912918242232303,0.7424231938565444,UP
2021-06-03,4192.85009765625,3766.3788098144532,UP,4079.239990234375,3600.5939624023435,UP,0.8971248199385411,0.7426971643386164,UP
2021-06-04,4229.89013671875,3770.310159912109,UP,4089.3798828125,3604.392312011719,UP,0.8932623028262783,0.7428908637223905,UP
2021-06-07,4226.52001953125,3774.0491101074217,UP,4097.64990234375,3608.0967614746096,UP,0.8871492402925909,0.7451541898944875,UP
2021-06-08,4227.259765625,3777.762658691406,UP,4096.009765625,3611.9216101074217,UP,0.8895947467759779,0.7474670807998133,UP
2021-06-09,4219.5498046875,3781.3203576660158,UP,4096.85009765625,3615.8281604003905,UP,0.8832059901889189,0.7481067755655139,UP
2021-06-10,4239.18017578125,3785.014708251953,UP,4096.06982421875,3619.9459594726563,UP,0.8738234546643014,0.7505230489150325,UP
2021-06-11,4247.43994140625,3788.6186584472657,UP,4126.7001953125,3624.191560058594,UP,0.8713216335613705,0.7526721269859732,UP
2021-06-14,4255.14990234375,3791.9902075195314,UP,4132.669921875,3628.1660595703124,UP,0.8600207670008192,0.7532193185981922,UP
2021-06-15,4246.58984375,3795.9478564453125,UP,4143.52001953125,3632.362559814453,UP,0.869397072553121,0.7544003460546538,UP
2021-06-16,4223.7001953125,3799.9315576171875,UP,4151.759765625,3636.818408203125,UP,0.8695102349644888,0.7571437373331187,UP
2021-06-17,4221.85986328125,3803.9060571289065,UP,4158.14013671875,3641.038758544922,UP,0.8383626365844044,0.7589976132415676,UP
2021-06-18,4166.4501953125,3808.0791076660157,UP,4083.3701171875,3645.118758544922,UP,0.8332036753816844,0.7598127987754979,UP
2021-06-21,4224.7900390625,3812.2082580566407,UP,4112.330078125,3649.056258544922,UP,0.846259986568296,0.7605755955007545,UP
2021-06-22,4246.43994140625,3816.744508056641,UP,4123.1298828125,3653.1080578613282,UP,0.8454145446169468,0.7626447067062319,UP
2021-06-23,4241.83984375,3821.248857421875,UP,4075.93994140625,3656.9087072753905,UP,0.8467880912463664,0.7662344529766739,UP
2021-06-24,4266.490234375,3825.6636083984376,UP,4122.43017578125,3660.936907958984,UP,0.850854814573166,0.7692377371316812,UP
2021-06-25,4280.7001953125,3830.0611096191406,UP,4120.66015625,3664.878908691406,UP,0.8507850412109146,0.7716289268401424,UP
2021-06-28,4290.60986328125,3834.586708984375,UP,4089.909912109375,3668.6342578125,UP,0.834669384748642,0.7735380311942937,UP
2021-06-29,4291.7998046875,3839.260657958984,UP,4107.509765625,3672.588956298828,UP,0.8322745770154365,0.774538594930026,UP
2021-06-30,4297.5,3844.150808105469,UP,4064.300048828125,3676.4920068359374,UP,0.8402083263732018,0.7749604656007407,UP
2021-07-01,4319.93994140625,3849.3452075195314,UP,4078.889892578125,3681.0817065429687,UP,0.8446275673204849,0.7761115976476796,UP
2021-07-02,4352.33984375,3854.5290563964845,UP,4084.31005859375,3685.682607421875,UP,0.8381482748983721,0.7770207976352934,UP
2021-07-05,4352.33984375,3860.1061560058592,UP,4087.3701171875,3690.218907470703,UP,0.8381482748983721,0.7772877667561511,UP
2021-07-06,4343.5400390625,3865.5909057617187,UP,4052.669921875,3694.6840576171876,UP,0.8151337773401603,0.7804150870006495,UP
2021-07-07,4358.1298828125,3870.889255371094,UP,4078.530029296875,3699.391407470703,UP,0.8074617488648266,0.7848170887345682,UP
2021-07-08,4320.81982421875,3875.735354003906,UP,3991.659912109375,3703.233757324219,UP,0.8050772256082028,0.7867524234219493,UP
2021-07-09,4369.5498046875,3880.905753173828,UP,4068.090087890625,3707.502707519531,UP,0.8148595022271726,0.7874583659665615,UP
2021-07-12,4384.6298828125,3886.0139025878907,UP,4093.3798828125,3712.0015563964844,UP,0.8138202610150402,0.7878928277689979,UP
2021-07-13,4369.2099609375,3890.9559521484375,UP,4094.56005859375,3716.50390625,UP,0.8134320809250105,0.7891860131326993,UP
2021-07-14,4374.2998046875,3896.0853515625,UP,4099.5,3721.046756591797,UP,0.7980648230688331,0.7906010890293462,UP
2021-07-15,4360.02978515625,3900.8425,UP,4056.389892578125,3725.227606201172,UP,0.7963912126275884,0.7910316140337237,UP
2021-07-16,4327.16015625,3905.6734509277344,UP,4035.77001953125,3729.2399560546874,UP,0.7880834361234497,0.7910316140337237,UP
2021-07-19,4258.490234375,3909.868702392578,UP,3928.530029296875,3732.7154565429687,UP,0.7737171914422669,0.7910316140337237,DOWN
2021-07-20,4323.06005859375,3914.2498522949218,UP,3956.340087890625,3736.218356933594,UP,0.7747023573067349,0.7910316140337237,DOWN
2021-07-21,4358.68994140625,3918.6576025390623,UP,4026.679931640625,3739.9861560058594,UP,0.7887288041155169,0.7910316140337237,DOWN
2021-07-22,4367.47998046875,3922.8239025878906,UP,4059.050048828125,3743.7908056640626,UP,0.7821392936930667,0.7910316140337237,DOWN
2021-07-23,4411.7900390625,3927.323203125,UP,4109.10009765625,3747.9403564453123,UP,0.7756597351755813,0.7910316140337237,DOWN
2021-07-26,4422.2998046875,3931.9913525390625,UP,4102.58984375,3752.086905517578,UP,0.7843214456129214,0.7910316140337237,DOWN
2021-07-27,4401.4599609375,3936.581951904297,UP,4064.830078125,3756.4476062011718,UP,0.7834260600440476,0.7910316140337237,DOWN
2021-07-28,4400.64013671875,3941.166102294922,UP,4103.02978515625,3760.7354052734377,UP,0.7896246453382664,0.7910316140337237,DOWN
2021-07-29,4419.14990234375,3946.1272521972655,UP,4116.77001953125,3765.1067053222655,UP,0.7948602513229335,0.7922106536806031,DOWN
2021-07-30,4395.259765625,3950.887950439453,UP,4089.300048828125,3769.413854980469,UP,0.7943403561313319,0.7933836889539454,DOWN
2021-08-02,4387.16015625,3955.6459509277342,UP,4116.6201171875,3774.093455810547,UP,0.7881565235660969,0.7933836889539454,DOWN
2021-08-03,4423.14990234375,3960.494250488281,UP,4117.9501953125,3778.8261572265624,UP,0.7910426817038048,0.7933836889539454,DOWN
2021-08-04,4402.66015625,3965.1806018066404,UP,4144.89990234375,3783.556356201172,UP,0.7800180103475095,0.7933836889539454,DOWN
2021-08-05,4429.10009765625,3970.321252441406,UP,4161.080078125,3788.8355065917967,UP,0.7815686997638982,0.7933836889539454,DOWN
2021-08-06,4436.52001953125,3975.550452880859,UP,4174.5400390625,3794.3552062988283,UP,0.7911372216104742,0.7933836889539454,DOWN
2021-08-09,4432.35009765625,3981.3570532226563,UP,4177.14990234375,3800.423255615234,UP,0.787217701795424,0.7933836889539454,DOWN
2021-08-10,4436.75,3986.9902526855467,UP,4187.81982421875,3806.5622045898435,UP,0.801911600307081,0.7936764591631672,UP
2021-08-11,4442.41015625,3992.8525036621095,UP,4206.330078125,3812.802805175781,UP,0.8075614745922883,0.7941545486760715,UP
2021-08-12,4460.830078125,3998.6054541015624,UP,4226.330078125,3818.8367553710937,UP,0.80430037897144,0.7946003037271328,UP
2021-08-13,4468.0,4004.0996545410158,UP,4229.7001953125,3824.4916564941404,UP,0.7960149134065555,0.7951552689957384,UP
2021-08-16,4479.7099609375,4009.2810046386717,UP,4202.43994140625,3829.698505859375,UP,0.7879804879354969,0.7951552689957384,UP
2021-08-17,4448.080078125,4013.9691552734375,UP,4196.39990234375,3834.602705078125,UP,0.7881308888625639,0.7951552689957384,UP
2021-08-18,4400.27001953125,4018.4233056640624,UP,4189.419921875,3839.5295544433593,UP,0.7815772165469893,0.7951552689957384,DOWN
2021-08-19,4405.7998046875,4022.6998046875,UP,4124.7099609375,3843.1135546875,UP,0.7664800284580404,0.7951552689957384,DOWN
2021-08-20,4441.669921875,4027.180504150391,UP,4147.5,3846.6379541015626,UP,0.757514057731177,0.7951552689957384,DOWN
2021-08-23,4479.52978515625,4031.714853515625,UP,4176.419921875,3850.183553466797,UP,0.7707829714527706,0.7951552689957384,DOWN
2021-08-24,4486.22998046875,4036.4609533691405,UP,4178.080078125,3853.9329541015627,UP,0.7809755093261594,0.7951552689957384,DOWN
2021-08-25,4496.18994140625,4041.016153564453,UP,4181.1201171875,3857.6782043457033,UP,0.7866530031250366,0.7951552689957384,DOWN
2021-08-26,4470.0,4045.2316040039063,UP,4169.8701171875,3861.196505126953,UP,0.7835441315144549,0.7951552689957384,DOWN
2021-08-27,4509.3701171875,4049.7308044433594,UP,4190.97998046875,3864.8090051269533,UP,0.791349373187572,0.7951552689957384,DOWN
2021-08-30,4528.7900390625,4054.535804443359,UP,4198.7998046875,3868.3921545410158,UP,0.7790065003382668,0.7951552689957384,DOWN
2021-08-31,4522.68017578125,4059.239854736328,UP,4196.41015625,3872.11435546875,UP,0.7762474619696366,0.7951552689957384,DOWN
2021-09-01,4524.08984375,4064.0726037597656,UP,4227.27001953125,3875.912705078125,UP,0.766471110528549,0.7951552689957384,DOWN
2021-09-02,4536.9501953125,4068.869404296875,UP,4232.10009765625,3879.7580053710935,UP,0.7754215364829689,0.7951552689957384,DOWN
2021-09-03,4535.43017578125,4073.369505615234,UP,4201.97998046875,3883.228005371094,UP,0.7716567382411693,0.7951552689957384,DOWN
2021-09-06,4535.43017578125,4077.898406982422,UP,4246.1298828125,3886.8991552734374,UP,0.7716567382411693,0.7951552689957384,DOWN
2021-09-07,4520.02978515625,4082.3503063964845,UP,4225.009765625,3890.469504394531,UP,0.7681587095242383,0.7951552689957384,DOWN
2021-09-08,4514.06982421875,4086.728905029297,UP,4177.14990234375,3893.7163037109376,UP,0.7620784688549532,0.7951552689957384,DOWN
2021-09-09,4493.27978515625,4091.0871545410155,UP,4177.10986328125,3897.1391528320314,UP,0.7666663246742984,0.7951552689957384,DOWN
2021-09-10,4458.580078125,4095.0678051757814,UP,4170.35009765625,3900.3647033691404,UP,0.7746819524025408,0.7951552689957384,DOWN
2021-09-13,4468.72998046875,4099.066405029297,UP,4189.52978515625,3903.705751953125,UP,0.7847079101898282,0.7951552689957384,DOWN
2021-09-14,4443.0498046875,4102.948054199219,UP,4191.669921875,3907.0786010742186,UP,0.7781241523271867,0.7951552689957384,DOWN
2021-09-15,4480.7001953125,4106.855954589843,UP,4145.93994140625,3910.111950683594,UP,0.7897755031763107,0.7951552689957384,DOWN
2021-09-16,4473.75,4110.764904785156,UP,4169.8701171875,3913.310900878906,UP,0.7827480739342212,0.7951552689957384,DOWN
2021-09-17,4432.990234375,4114.418605957031,UP,4130.83984375,3916.335749511719,UP,0.7839246565332622,0.7951552689957384,DOWN
2021-09-20,4357.72998046875,4117.843155517578,UP,4043.6298828125,3918.908798828125,UP,0.7781497915708983,0.7951552689957384,DOWN
2021-09-21,4354.18994140625,4121.273604736328,UP,4097.509765625,3921.784797363281,UP,0.7781276129523516,0.7951552689957384,DOWN
2021-09-22,4395.64013671875,4124.934505615234,UP,4150.18994140625,3925.106546630859,UP,0.7847303124524376,0.7951552689957384,DOWN
2021-09-23,4448.97998046875,4128.941955566406,UP,4194.919921875,3928.561346435547,UP,0.7983314485818583,0.7954696554009426,DOWN
2021-09-24,4455.47998046875,4132.7462548828125,UP,4158.509765625,3931.7463952636717,UP,0.8023472570387229,0.7956473809481962,DOWN
2021-09-27,4443.10986328125,4136.455954589844,UP,4165.47998046875,3934.8587951660156,UP,0.8238640672347732,0.795910325584803,UP
2021-09-28,4352.6298828125,4139.606704101562,UP,4058.820068359375,3937.348544921875,UP,0.8351560639758913,0.796203063017072,UP
2021-09-29,4359.4599609375,4142.856954345703,UP,4080.219970703125,3940.0209448242185,UP,0.8325400464752747,0.7969733061415637,UP
2021-09-30,4307.5400390625,4145.920054931641,UP,4048.080078125,3943.017945556641,UP,0.8328824550124369,0.797810111362186,UP
2021-10-01,4357.0400390625,4149.268955078125,UP,4035.300048828125,3945.7069958496095,UP,0.8426522029685387,0.7981981358253457,UP
2021-10-04,4300.4599609375,4152.321204833985,UP,3996.409912109375,3947.992745361328,UP,0.8556814484969296,0.7992527051721391,UP
2021-10-05,4345.72021484375,4155.534505615235,UP,4065.429931640625,3950.623594970703,UP,0.8606592508999384,0.8010427810347505,UP
2021-10-06,4363.5498046875,4158.6754541015625,UP,4012.64990234375,3952.809794921875,UP,0.8483092468108622,0.8021294286729019,UP
2021-10-07,4399.759765625,4162.039052734375,UP,4098.33984375,3955.3946435546877,UP,0.8496762989276476,0.8030088781319513,UP
2021-10-08,4391.33984375,4165.335551757813,UP,4073.2900390625,3957.903143310547,UP,0.8643458525594018,0.8039854390983099,UP
2021-10-11,4361.18994140625,4168.3611511230465,UP,4072.52001953125,3960.40779296875,UP,0.8667977444038151,0.8046888022898214,UP
2021-10-12,4350.64990234375,4171.6111511230465,UP,4055.090087890625,3962.8612939453124,UP,0.8637484163107878,0.805417444515832,UP
2021-10-13,4363.7998046875,4174.795849609375,UP,4083.280029296875,3965.5384436035156,UP,0.8589134196986308,0.806609706144144,UP
2021-10-14,4438.259765625,4178.246448974609,UP,4149.06005859375,3968.2283435058594,UP,0.8583026060801998,0.8075116117285575,UP
2021-10-15,4471.3701171875,4181.584349365235,UP,4182.91015625,3971.0307946777343,UP,0.8585418658294249,0.8076804232455237,UP
2021-10-18,4486.4599609375,4184.893249511719,UP,4151.39990234375,3973.5625439453124,UP,0.85264547414906,0.8084591751642256,UP
2021-10-19,4519.6298828125,4188.493348388672,UP,4166.830078125,3976.29359375,UP,0.8545527667495043,0.8095292633026101,UP
2021-10-20,4536.18994140625,4192.168348388672,UP,4172.169921875,3979.0937939453124,UP,0.8591012092701309,0.8116858145502692,UP
2021-10-21,4549.77978515625,4195.868046875,UP,4155.72998046875,3981.789893798828,UP,0.8441789597773063,0.8136261709700254,UP
2021-10-22,4544.89990234375,4199.614846191406,UP,4188.81005859375,3984.5270935058593,UP,0.8508983435239008,0.8143398816211065,UP
2021-10-25,4566.47998046875,4203.60599609375,UP,4188.31005859375,3987.4708935546873,UP,0.8503094040094582,0.8149966397836665,UP
2021-10-26,4574.7900390625,4207.638696289063,UP,4223.97021484375,3990.577395019531,UP,0.8506237123091437,0.815283737046655,UP
2021-10-27,4551.68017578125,4211.402547607422,UP,4220.8798828125,3993.7046948242187,UP,0.8344762722990912,0.8166150450445393,UP
2021-10-28,4596.419921875,4215.125396728516,UP,4233.8701171875,3996.7538452148438,UP,0.832320893627228,0.8177993109003056,UP
2021-10-29,4605.3798828125,4218.886945800781,UP,4250.56005859375,3999.9148950195313,UP,0.8280941945191637,0.8183034480640261,UP
2021-11-01,4613.669921875,4222.747945556641,UP,4280.47021484375,4003.3051965332033,UP,0.8300124940333341,0.8213343674490716,UP
2021-11-02,4630.64990234375,4226.62439453125,UP,4296.22021484375,4007.020598144531,UP,0.8276265629125145,0.8248996293960893,UP
2021-11-03,4660.56982421875,4230.679143066406,UP,4309.60986328125,4010.6044970703124,UP,0.8169300094333282,0.8248996293960893,UP
2021-11-04,4680.06005859375,4235.3255932617185,UP,4333.33984375,4014.589296875,UP,0.807277796057359,0.8248996293960893,DOWN
2021-11-05,4697.52978515625,4239.8763427734375,UP,4363.0400390625,4018.619296875,UP,0.8098989461141197,0.8248996293960893,DOWN
2021-11-08,4701.7001953125,4244.813643798828,UP,4352.52978515625,4022.97474609375,UP,0.8201847664589331,0.8248996293960893,DOWN
2021-11-09,4685.25,4249.370593261719,UP,4344.6298828125,4027.043645019531,UP,0.8271465874947399,0.8260588125580818,DOWN
2021-11-10,4646.7099609375,4253.472592773437,UP,4348.81982421875,4030.8354443359376,UP,0.8218767570165482,0.8260588125580818,DOWN
2021-11-11,4649.27001953125,4257.568093261719,UP,4358.0,4034.5766943359376,UP,0.8258501627349178,0.8260588125580818,DOWN
2021-11-12,4682.85009765625,4261.623643798828,UP,4370.330078125,4038.217744140625,UP,0.8218181707135094,0.8260588125580818,DOWN
2021-11-15,4682.7998046875,4265.603492431641,UP,4386.18994140625,4041.86984375,UP,0.8217679891641523,0.8260588125580818,DOWN
2021-11-16,4700.89990234375,4269.530041503906,UP,4401.490234375,4045.549744873047,UP,0.8153662915840506,0.8260588125580818,DOWN
2021-11-17,4688.669921875,4273.417241210937,UP,4400.81005859375,4049.248145751953,UP,0.8046503935089124,0.8260588125580818,DOWN
2021-11-18,4704.5400390625,4277.3905419921875,UP,4383.7001953125,4052.924796142578,UP,0.7965657358599612,0.8260588125580818,DOWN
2021-11-19,4697.9599609375,4281.298442382813,UP,4356.47021484375,4056.348747558594,UP,0.777359320384661,0.8260588125580818,DOWN
2021-11-22,4682.93994140625,4285.038991699219,UP,4338.68994140625,4059.5641467285154,UP,0.7902777168505823,0.8260588125580818,DOWN
2021-11-23,4690.7001953125,4288.818342285156,UP,4283.81982421875,4062.31224609375,UP,0.8059810550812121,0.8260588125580818,DOWN
2021-11-24,4701.4599609375,4292.662691650391,UP,4276.25,4065.0614965820314,UP,0.8020212901448138,0.8260588125580818,DOWN
2021-11-25,4701.4599609375,4296.513341064453,UP,4293.240234375,4068.028447265625,UP,0.8020212901448138,0.8260588125580818,DOWN
2021-11-26,4594.6201171875,4299.916591796875,UP,4089.580078125,4070.0711474609375,UP,0.7911978960509995,0.8260588125580818,DOWN
2021-11-29,4655.27001953125,4303.659392089844,UP,4109.509765625,4072.051396484375,UP,0.7795072816905158,0.8260588125580818,DOWN
2021-11-30,4567.0,4307.111892089843,UP,4063.06005859375,4073.8674462890626,UP,0.7718153354827461,0.8260588125580818,DOWN
2021-12-01,4513.0400390625,4310.270241699219,UP,4179.14990234375,4076.3176953125,UP,0.7736272990171614,0.8258926771461615,DOWN
2021-12-02,4577.10009765625,4313.5285925292965,UP,4108.02001953125,4078.3278454589845,UP,0.7808800812022211,0.8248571149848456,DOWN
2021-12-03,4538.43017578125,4317.07404296875,UP,4080.14990234375,4080.3021948242185,UP,0.7845835706338518,0.8228704121256607,DOWN
2021-12-06,4591.669921875,4320.976643066406,UP,4137.10986328125,4082.8055444335937,UP,0.7874912064977054,0.8218474638650288,DOWN
2021-12-07,4686.75,4324.901292724609,UP,4276.2001953125,4085.6534448242187,UP,0.7828762904648511,0.8217930799388309,DOWN
2021-12-08,4701.2099609375,4329.055892333984,UP,4233.08984375,4088.2802941894533,UP,0.7821378580762869,0.8209763778115426,DOWN
2021-12-09,4667.4501953125,4333.294543457031,UP,4208.2998046875,4090.7578930664063,UP,0.7855151536518888,0.8194947170611515,DOWN
2021-12-10,4712.02001953125,4338.012293701172,UP,4199.16015625,4093.229443359375,UP,0.7813773335568113,0.8183034480640261,DOWN
2021-12-13,4668.97021484375,4342.147445068359,UP,4183.0400390625,4095.796943359375,UP,0.7776072815204628,0.8173661189490052,DOWN
2021-12-14,4634.08984375,4346.211143798828,UP,4144.509765625,4097.703292236328,UP,0.7846239159918532,0.816181853093239,DOWN
2021-12-15,4709.85009765625,4350.383194580078,UP,4159.68017578125,4099.5714428710935,UP,0.7702632421841717,0.8153999941686002,DOWN
2021-12-16,4668.669921875,4354.232493896485,UP,4201.8701171875,4101.481193847656,UP,0.7900278233157807,0.8152500344621054,DOWN
2021-12-17,4620.64013671875,4357.638994140625,UP,4161.35009765625,4103.059744873047,UP,0.7820503042200735,0.8149966397836665,DOWN
2021-12-20,4568.02001953125,4360.762393798828,UP,4107.1298828125,4104.42859375,UP,0.7791084701758831,0.8143398816211065,DOWN
2021-12-21,4649.22998046875,4364.163843994141,UP,4174.990234375,4106.154344482422,UP,0.781680298439581,0.8136261709700254,DOWN
2021-12-22,4696.56005859375,4367.833094482422,UP,4217.06005859375,4107.984844970703,UP,0.7774651283001567,0.8116858145502692,DOWN
2021-12-23,4725.7900390625,4371.591444091797,UP,4265.85986328125,4110.065444335937,UP,0.7764189233988091,0.8099192471448239,DOWN
2021-12-27,4791.18994140625,4375.97009399414,UP,4287.97998046875,4112.167644042969,UP,0.7767665002486679,0.809508962271906,DOWN
2021-12-28,4786.35009765625,4380.33634399414,UP,4311.93017578125,4114.542194824218,UP,0.7772407554519787,0.8084591751642256,DOWN
2021-12-29,4793.06005859375,4384.598693847656,UP,4284.830078125,4116.797144775391,UP,0.7745714750049076,0.8076804232455237,DOWN
2021-12-30,4778.72998046875,4388.939743652344,UP,4306.06982421875,4119.192393798829,UP,0.773216711787643,0.8075116117285575,DOWN
2021-12-31,4766.18017578125,4393.32494506836,UP,4306.06982421875,4121.559992675781,UP,0.7749093370365309,0.8073697724610929,DOWN
2022-01-03,4796.56005859375,4397.760145263672,UP,4331.81982421875,4124.056241455078,UP,0.776869053763745,0.8066294255692856,DOWN
2022-01-04,4793.5400390625,4401.855145263672,UP,4367.6201171875,4126.560942382813,UP,0.8008586290931737,0.8058693592523367,DOWN
2022-01-05,4700.580078125,4405.5025952148435,UP,4392.14990234375,4129.107341308594,UP,0.818540730965249,0.8058693592523367,UP
2022-01-06,4696.0498046875,4409.190093994141,UP,4324.81005859375,4131.100391845703,UP,0.8307453692780189,0.8058693592523367,UP
2022-01-07,4677.02978515625,4412.710793457031,UP,4305.830078125,4133.03349243164,UP,0.8443791968548746,0.8058693592523367,UP
2022-01-10,4670.2900390625,4415.962893066407,UP,4239.52001953125,4134.50129272461,UP,0.8433669202483827,0.8058693592523367,UP
2022-01-11,4713.06982421875,4419.138692626953,UP,4281.5400390625,4136.179193115235,UP,0.8551696287521343,0.8058693592523367,UP
2022-01-12,4726.35009765625,4422.400743408203,UP,4316.39013671875,4137.909044189453,UP,0.8549160909779965,0.8058693592523367,UP
2022-01-13,4659.02978515625,4425.296142578125,UP,4315.89990234375,4139.704693603516,UP,0.8634096162405545,0.8058693592523367,UP
2022-01-14,4662.85009765625,4428.124543457031,UP,4272.18994140625,4141.176492919922,UP,0.8697314042259764,0.8066294255692856,UP
2022-01-17,4662.85009765625,4430.794794921875,UP,4302.14013671875,4142.792993164063,UP,0.8697314042259764,0.8073697724610929,UP
2022-01-18,4577.10986328125,4433.040393066406,UP,4257.81982421875,4144.272592773437,UP,0.8811282587806009,0.8075116117285575,UP
2022-01-19,4532.759765625,4434.996242675781,UP,4268.27978515625,4145.779041748046,UP,0.8865870522060066,0.808730210353204,UP
2022-01-20,4482.72998046875,4436.786591796875,UP,4299.60986328125,4147.395690917969,UP,0.8895769018060197,0.8116655135195652,UP
2022-01-21,4397.93994140625,4437.924191894531,UP,4229.56005859375,4148.576341552734,UP,0.8899228774805972,0.8136261709700254,UP
2022-01-24,4410.1298828125,4439.047490234375,UP,4054.360107421875,4148.683192138672,DOWN,0.8883059378981012,0.8143398816211065,UP
2022-01-25,4356.4501953125,4440.013442382812,DOWN,4078.260009765625,4148.974942626953,DOWN,0.9169954577459359,0.8149966397836665,UP
2022-01-26,4349.93017578125,4441.088393554687,DOWN,4164.60009765625,4150.095643310547,DOWN,0.9181491148067275,0.8152500344621054,UP
2022-01-27,4326.509765625,4441.8538427734375,DOWN,4184.97021484375,4151.138444824219,DOWN,0.9317197223914203,0.8153999941686002,UP
2022-01-28,4431.85009765625,4443.338193359375,DOWN,4136.91015625,4151.7489953613285,DOWN,0.9064862117660533,0.816181853093239,UP
2022-01-31,4515.5498046875,4445.015092773438,UP,4174.60009765625,4152.555295410156,DOWN,0.8899765820629546,0.8177353701992887,UP
2022-02-01,4546.5400390625,4446.8096923828125,UP,4224.4501953125,4153.5733959960935,UP,0.9077501726640683,0.8186726993143094,UP
2022-02-02,4589.3798828125,4448.822990722656,UP,4222.0498046875,4154.624095458985,UP,0.905944901436646,0.8194947170611515,UP
2022-02-03,4477.43994140625,4450.294289550781,UP,4141.02001953125,4155.254045410156,UP,0.9188042441064712,0.8209763778115426,UP
2022-02-04,4500.52978515625,4451.739587402344,UP,4086.580078125,4155.702446289062,DOWN,0.9198120358734877,0.8209763778115426,UP
2022-02-07,4483.8701171875,4453.253088378906,UP,4120.56005859375,4156.431546630859,DOWN,0.9273174666612012,0.8217930799388309,UP
2022-02-08,4521.5400390625,4454.897487792969,UP,4129.25,4157.076546630859,DOWN,0.9175431230379077,0.8217930799388309,UP
2022-02-09,4587.18017578125,4457.010087890625,UP,4204.08984375,4158.472995605469,UP,0.91192385145365,0.8217930799388309,UP
2022-02-10,4504.080078125,4458.6925390625,UP,4197.06982421875,4159.44439453125,UP,0.927905592348903,0.8217930799388309,UP
2022-02-11,4418.64013671875,4459.7776391601565,UP,4155.22998046875,4160.223344726563,UP,0.955791813812755,0.8217930799388309,UP
2022-02-14,4401.669921875,4460.62298828125,DOWN,4064.449951171875,4160.374344482422,DOWN,0.9458855271681398,0.8217930799388309,UP
2022-02-15,4471.06982421875,4462.036186523437,DOWN,4143.7099609375,4160.976143798828,DOWN,0.9299699332030309,0.8217930799388309,UP
2022-02-16,4475.009765625,4463.650734863281,DOWN,4137.22021484375,4161.931944580078,DOWN,0.9332649011458231,0.8217930799388309,UP
2022-02-17,4380.259765625,4465.236833496094,DOWN,4113.18994140625,4162.760744628907,DOWN,0.9453408252315298,0.8217930799388309,UP
2022-02-18,4348.8701171875,4466.418684082031,DOWN,4074.280029296875,4163.394995117187,DOWN,0.9501784643538923,0.8217930799388309,UP
2022-02-21,4348.8701171875,4467.2937841796875,DOWN,3985.7099609375,4163.236345214844,DOWN,0.9501784643538923,0.8217930799388309,UP
2022-02-22,4304.759765625,4468.0011328125,DOWN,3985.469970703125,4163.129494628906,DOWN,0.9560395635457392,0.8217930799388309,UP
2022-02-23,4225.5,4468.489482421875,DOWN,3973.409912109375,4162.96984375,DOWN,0.9786662994428799,0.8217930799388309,UP
2022-02-24,4288.7001953125,4469.3545825195315,DOWN,3829.2900390625,4162.432593994141,DOWN,0.950195603704886,0.8217930799388309,UP
2022-02-25,4384.64990234375,4470.482231445312,DOWN,3970.68994140625,4162.286494140625,DOWN,0.9518590995160126,0.8217930799388309,UP
2022-02-28,4373.93994140625,4471.5726318359375,DOWN,3924.22998046875,4161.778743896484,DOWN,0.958032984538431,0.8217930799388309,UP
2022-03-01,4306.259765625,4472.118681640625,DOWN,3765.85009765625,4160.4790942382815,DOWN,0.9695874071797798,0.8217930799388309,UP
2022-03-02,4386.5400390625,4473.110732421875,DOWN,3820.590087890625,4159.401844482421,DOWN,0.9752296787676569,0.8217930799388309,UP
2022-03-03,4363.490234375,4473.948232421875,DOWN,3741.780029296875,4157.952395019532,DOWN,0.9849372325395815,0.8217930799388309,UP
2022-03-04,4328.8701171875,4474.58818359375,DOWN,3556.010009765625,4155.536395263672,DOWN,1.0051120270298481,0.8217930799388309,UP
2022-03-07,4201.08984375,4474.573083496094,DOWN,3512.219970703125,4152.744694824219,DOWN,1.0295606298270714,0.8217930799388309,UP
2022-03-08,4170.7001953125,4474.40603515625,DOWN,3505.2900390625,4150.0738452148435,DOWN,1.0413540625588567,0.8217930799388309,UP
2022-03-09,4277.8798828125,4474.785234375,DOWN,3766.02001953125,4148.5451953125,DOWN,1.002684065489822,0.8217930799388309,UP
2022-03-10,4259.52001953125,4475.042233886718,DOWN,3651.389892578125,4146.359644775391,DOWN,1.012831598875449,0.8217930799388309,UP
2022-03-11,4204.31005859375,4475.099533691407,DOWN,3686.780029296875,4144.397344970703,DOWN,1.0253745016900142,0.8217930799388309,UP
2022-03-14,4173.10986328125,4474.815632324218,DOWN,3741.10009765625,4142.655946044922,DOWN,1.0254162675809653,0.8217930799388309,UP
2022-03-15,4262.4501953125,4474.995283203125,DOWN,3738.110107421875,4140.858247070312,DOWN,0.9869639688721783,0.8217930799388309,UP
2022-03-16,4357.85986328125,4475.6482836914065,DOWN,3889.68994140625,4139.826647949219,DOWN,0.9698419151670017,0.8217930799388309,UP
2022-03-17,4411.669921875,4476.608884277343,DOWN,3885.320068359375,4138.768997802735,DOWN,0.9871150139218836,0.8217930799388309,UP
2022-03-18,4463.1201171875,4477.728583984375,DOWN,3902.43994140625,4137.8008483886715,DOWN,0.9762370110627002,0.8217930799388309,UP
2022-03-21,4461.18017578125,4478.79728515625,DOWN,3881.800048828125,4136.57634765625,DOWN,1.0017421643560769,0.8217930799388309,UP
2022-03-22,4511.60986328125,4480.079584960938,DOWN,3926.1201171875,4135.543598632812,DOWN,0.9904914854951025,0.8217930799388309,UP
2022-03-23,4456.240234375,4481.127836914063,DOWN,3869.219970703125,4134.172098388672,DOWN,1.007327528607858,0.8217930799388309,UP
2022-03-24,4520.16015625,4482.61013671875,DOWN,3863.389892578125,4132.730249023438,DOWN,0.9968732122624963,0.8217930799388309,UP
2022-03-25,4543.06005859375,4484.216137695313,UP,3867.72998046875,4131.2781982421875,DOWN,1.0082110570874063,0.8217930799388309,UP
2022-03-28,4575.52001953125,4486.261486816406,UP,3887.10009765625,4130.296848144531,DOWN,0.973884153944941,0.8217930799388309,UP
2022-03-29,4631.60009765625,4488.295537109375,UP,4002.179931640625,4129.7460974121095,DOWN,0.9572655535313288,0.8217930799388309,UP
2022-03-30,4602.4501953125,4490.075588378906,UP,3959.139892578125,4128.9261474609375,DOWN,0.971479127767267,0.8217930799388309,UP
2022-03-31,4530.41015625,4491.5184399414065,UP,3902.52001953125,4128.059047851562,DOWN,0.9681978414332655,0.8217930799388309,UP
2022-04-01,4545.85986328125,4492.915288085937,UP,3918.679931640625,4127.040296630859,DOWN,0.9694858011254684,0.8217930799388309,UP
2022-04-04,4582.64013671875,4494.424987792969,UP,3951.1201171875,4126.192596435547,DOWN,0.9603653001078398,0.8217930799388309,UP
2022-04-05,4525.1201171875,4495.5975390625,UP,3917.85009765625,4125.332297363281,DOWN,0.9643477785296822,0.8217930799388309,UP
2022-04-06,4481.14990234375,4496.544289550781,UP,3824.68994140625,4123.918198242188,DOWN,0.9725179841200251,0.8217930799388309,UP
2022-04-07,4500.2099609375,4497.557839355469,UP,3802.010009765625,4122.606748046875,DOWN,0.9781104504433655,0.8217930799388309,UP
2022-04-08,4488.27978515625,4498.399538574219,UP,3858.3701171875,4121.504149169922,DOWN,1.0009644229605663,0.8217930799388309,UP
2022-04-11,4412.52978515625,4498.70048828125,DOWN,3839.6201171875,4120.280699462891,DOWN,1.006542990283162,0.8217930799388309,UP
2022-04-12,4397.4501953125,4498.926040039062,DOWN,3831.469970703125,4119.001198730469,DOWN,1.0167162175812405,0.8217930799388309,UP
2022-04-13,4446.58984375,4499.4412890625,DOWN,3827.9599609375,4117.877648925782,DOWN,1.0150684412584465,0.8218474638650288,UP
2022-04-14,4392.58984375,4499.613588867188,DOWN,3848.679931640625,4116.7283984375,DOWN,1.029337578490241,0.8228704121256607,UP
2022-04-18,4391.68994140625,4499.967939453125,DOWN,3848.679931640625,4116.013498535156,DOWN,1.0376012038071976,0.8248571149848456,UP
2022-04-19,4462.2099609375,4500.431240234375,DOWN,3830.760009765625,4114.826848144531,DOWN,1.0142217370742084,0.8264983751148289,UP
2022-04-20,4459.4501953125,4500.805341796875,DOWN,3896.81005859375,4113.843999023437,DOWN,1.0190262379463955,0.8273865752036271,UP
2022-04-21,4393.66015625,4500.927592773438,DOWN,3928.030029296875,4113.011348876953,DOWN,1.0133725584586997,0.8278603787158391,UP
2022-04-22,4271.77978515625,4500.414992675781,DOWN,3840.010009765625,4111.713898925781,DOWN,1.0092857512249664,0.8290533442762489,UP
2022-04-25,4296.1201171875,4500.095444335938,DOWN,3757.590087890625,4110.219899902344,DOWN,0.9895888033759626,0.8303789316556764,UP
2022-04-26,4175.2001953125,4499.33564453125,DOWN,3721.360107421875,4108.647850341797,DOWN,1.0180541141868529,0.8315331314526235,UP
2022-04-27,4183.9599609375,4498.962993164063,DOWN,3734.639892578125,4107.6783996582035,DOWN,1.0230300601995395,0.8324304700512514,UP
2022-04-28,4287.5,4498.785192871093,DOWN,3777.02001953125,4106.781799316406,DOWN,1.0151059881097657,0.8327112507438558,UP
2022-04-29,4131.93017578125,4497.651394042969,DOWN,3802.860107421875,4105.662700195313,DOWN,1.0368909449997572,0.833679363655764,UP
2022-05-02,4155.3798828125,4496.590893554688,DOWN,3732.43994140625,4104.029649658203,DOWN,1.0400557387845515,0.8348161681374913,UP
2022-05-03,4175.47998046875,4495.409343261719,DOWN,3761.18994140625,4102.290098876953,DOWN,1.050614241532623,0.8389041334722149,UP
2022-05-04,4300.169921875,4494.798693847656,DOWN,3724.989990234375,4100.402099609375,DOWN,1.0577168900954574,0.8430095616084607,UP
2022-05-05,4146.8701171875,4493.525744628906,DOWN,3696.6298828125,4098.561098632813,DOWN,1.0815818735399925,0.8437729400128444,UP
2022-05-06,4123.33984375,4492.1392431640625,DOWN,3629.169921875,4096.191799316406,DOWN,1.0961163795242925,0.8442790783160905,UP
2022-05-09,3991.239990234375,4489.999693603516,DOWN,3526.860107421875,4093.2422497558596,DOWN,1.0802915867773826,0.8463442218328684,UP
2022-05-10,4001.050048828125,4488.028645019531,DOWN,3554.800048828125,4090.5697497558594,DOWN,1.07865177832081,0.8489927728692549,UP
2022-05-11,3935.179931640625,4485.768743896484,DOWN,3647.8701171875,4088.2259997558594,DOWN,1.1116626272426129,0.8499928514685529,UP
2022-05-12,3930.080078125,4483.30339477539,DOWN,3613.429931640625,4085.7033984375,DOWN,1.1146133050955034,0.850466558159301,UP
2022-05-13,4023.889892578125,4481.409543457031,DOWN,3703.419921875,4083.495998535156,DOWN,1.1046462367331245,0.8507610279165223,UP
2022-05-16,4008.010009765625,4479.304093017578,DOWN,3685.340087890625,4081.1172985839844,DOWN,1.1279052054478056,0.8517719088364804,UP
2022-05-17,4088.85009765625,4477.565743408203,DOWN,3741.510009765625,4078.9521484375,DOWN,1.1189799458227987,0.8535991204492821,UP
2022-05-18,3923.679931640625,4475.022392578125,DOWN,3690.739990234375,4076.520098876953,DOWN,1.139277718261403,0.8547344288637504,UP
2022-05-19,3900.7900390625,4472.342592773438,DOWN,3633.330078125,4073.7476501464844,DOWN,1.1459033301428507,0.8550428598650655,UP
2022-05-20,3901.360107421875,4469.637342529297,DOWN,3657.030029296875,4071.001149902344,DOWN,1.1493684488491311,0.855425538624532,UP
2022-05-23,3973.75,4467.201942138672,DOWN,3708.389892578125,4068.4114489746094,DOWN,1.1577026975236606,0.8569920272885647,UP
2022-05-24,3941.47998046875,4464.569342041015,DOWN,3647.56005859375,4065.5007482910155,DOWN,1.167568879677393,0.8584222359548124,UP
2022-05-25,3978.72998046875,4462.064442138671,DOWN,3677.10009765625,4062.8740490722657,DOWN,1.1648816335278813,0.8587276427640278,UP
2022-05-26,4057.840087890625,4460.1132421875,DOWN,3677.10009765625,4060.2775500488283,DOWN,1.154567954561354,0.8590073144843808,UP
2022-05-27,4158.240234375,4458.903093261719,DOWN,3808.860107421875,4058.3747509765626,DOWN,1.1403062875077727,0.8598802300850347,UP
2022-05-30,4158.240234375,4457.665295410156,DOWN,3841.6201171875,4056.9593017578127,DOWN,1.1403062875077727,0.8620344335702464,UP
2022-05-31,4132.14990234375,4456.1176953125,DOWN,3789.2099609375,4055.1678515625,DOWN,1.1346044875677006,0.8635790162756711,UP
2022-06-01,4101.22998046875,4454.2261962890625,DOWN,3759.5400390625,4053.0834521484376,DOWN,1.1424213656913882,0.8640471344350948,UP
2022-06-02,4176.81982421875,4452.679145507813,DOWN,3795.1298828125,4051.168701171875,DOWN,1.1315504281638953,0.8655717984816085,UP
2022-06-03,4108.5400390625,4450.740895996094,DOWN,3783.659912109375,4049.1814001464845,DOWN,1.156904677130439,0.8682645743148958,UP
2022-06-06,4121.43017578125,4448.998046875,DOWN,3783.659912109375,4047.2503491210937,DOWN,1.1567188836336404,0.8697314042259764,UP
2022-06-07,4160.68017578125,4447.254597167968,DOWN,3806.739990234375,4045.329149169922,DOWN,1.16644816542484,0.8754298315032887,UP
2022-06-08,4115.77001953125,4445.189497070312,DOWN,3788.929931640625,4043.2797998046876,DOWN,1.1745006643126734,0.8838576554933038,UP
2022-06-09,4017.820068359375,4442.665196533203,DOWN,3724.449951171875,4040.9199987792967,DOWN,1.1801857736590902,0.887446495052054,UP
2022-06-10,3900.860107421875,4439.549047851562,DOWN,3599.199951171875,4037.7796484375,DOWN,1.1911352907680244,0.8889414198520604,UP
2022-06-13,3749.6298828125,4435.612446289062,DOWN,3502.5,4034.131647949219,DOWN,1.2034998214253019,0.8897498896433085,UP
2022-06-14,3735.47998046875,4431.6126953125,DOWN,3475.179931640625,4030.497647705078,DOWN,1.2003257940478025,0.8899497297717759,UP
2022-06-15,3789.989990234375,4427.8854943847655,DOWN,3532.320068359375,4026.9285986328123,DOWN,1.1696233804859608,0.8979607417498003,UP
2022-06-16,3666.77001953125,4423.619195556641,DOWN,3427.909912109375,4022.9430993652345,DOWN,1.175788035937359,0.9062155566013497,UP
2022-06-17,3674.840087890625,4419.423046875,DOWN,3438.4599609375,4019.249649658203,DOWN,1.1380369255004275,0.9071181922150608,UP
2022-06-20,3674.840087890625,4415.330848388672,DOWN,3469.830078125,4015.713250732422,DOWN,1.1380369255004275,0.9098370120588591,UP
2022-06-21,3764.7900390625,4411.86189819336,DOWN,3494.0,4012.3315002441404,DOWN,1.139423288809732,0.914459654599793,UP
2022-06-22,3759.889892578125,4408.317697753906,DOWN,3464.639892578125,4008.70705078125,DOWN,1.1138980344764926,0.9172692903919218,UP
2022-06-23,3795.72998046875,4405.081098632812,DOWN,3436.2900390625,4004.9301513671876,DOWN,1.0719111428607202,0.9178461189223176,UP
2022-06-24,3911.739990234375,4402.236297607422,DOWN,3533.169921875,4001.866301269531,DOWN,1.063568623389797,0.9184766794565993,UP
2022-06-27,3900.110107421875,4399.368098144531,DOWN,3538.8798828125,3998.711350097656,DOWN,1.0769289735740373,0.9193081399899794,UP
2022-06-28,3821.550048828125,4396.310897216797,DOWN,3549.2900390625,3995.803601074219,DOWN,1.1143205246922727,0.9235647512673444,UP
2022-06-29,3818.830078125,4393.616397705078,DOWN,3514.320068359375,3993.157052001953,DOWN,1.0940604244368874,0.9276115295050521,UP
2022-06-30,3785.3798828125,4390.772347412109,DOWN,3454.860107421875,3989.9438037109376,DOWN,1.0828559211295126,0.928937762775967,UP
2022-07-01,3825.330078125,4387.920797119141,DOWN,3448.31005859375,3986.434404296875,DOWN,1.080987143816541,0.9308448277972257,UP
2022-07-04,3825.330078125,4384.802547607422,DOWN,3452.419921875,3982.721904296875,DOWN,1.080987143816541,0.9324923117686217,UP
2022-07-05,3831.389892578125,4381.682097167969,DOWN,3359.830078125,3978.728505859375,DOWN,1.0399172492191415,0.9393028631886764,UP
2022-07-06,3845.080078125,4378.691948242187,DOWN,3421.840087890625,3975.0103063964843,DOWN,1.027273193763865,0.9456131761998348,UP
2022-07-07,3902.6201171875,4376.441899414062,DOWN,3488.5,3972.1587060546876,DOWN,1.0377408618779984,0.948031995761016,UP
2022-07-08,3899.3798828125,4374.141499023437,DOWN,3506.550048828125,3969.2903564453127,DOWN,1.0396381204937248,0.9501784643538923,UP
2022-07-11,3854.429931640625,4371.8759484863285,DOWN,3471.68994140625,3966.4084057617188,DOWN,1.0464525536933844,0.9501870340293892,UP
2022-07-12,3818.800048828125,4369.184748535156,DOWN,3487.050048828125,3963.6671557617187,DOWN,1.0370535821602995,0.9510273516104493,UP
2022-07-13,3801.780029296875,4366.691348876953,DOWN,3453.969970703125,3960.9549560546875,DOWN,1.0341699079975495,0.9538254566643838,UP
2022-07-14,3790.3798828125,4363.914647216797,DOWN,3396.610107421875,3957.610856933594,DOWN,1.0147031308947303,0.955915688679247,UP
2022-07-15,3863.159912109375,4361.412697753906,DOWN,3477.199951171875,3954.9336071777343,DOWN,1.0200035651569486,0.9566525585385339,UP
2022-07-18,3830.85009765625,4358.568149414063,DOWN,3511.860107421875,3952.0012084960936,DOWN,1.038316131945596,0.9576492690348799,UP
2022-07-19,3936.68994140625,4356.294899902344,DOWN,3587.43994140625,3949.5719580078126,DOWN,1.0369617955338555,0.9591991423231354,UP
2022-07-20,3959.89990234375,4354.288449707031,DOWN,3585.239990234375,3947.135557861328,DOWN,1.032923504650262,0.962356539318761,UP
2022-07-21,3998.949951171875,4352.529949951172,DOWN,3596.510009765625,3944.842657470703,DOWN,1.0130880913808644,0.9662728099814739,UP
2022-07-22,3961.6298828125,4350.519100341797,DOWN,3596.489990234375,3942.4087072753905,DOWN,1.0089382904280542,0.968841821279367,UP
2022-07-25,3966.840087890625,4348.162001953125,DOWN,3604.159912109375,3939.6842065429687,DOWN,1.0312170264188476,0.9695366041526241,UP
2022-07-26,3921.050048828125,4345.410401611328,DOWN,3575.360107421875,3936.646456298828,DOWN,1.0388971745333346,0.9697146611733907,UP
2022-07-27,4023.610107421875,4343.09615234375,DOWN,3607.780029296875,3933.928356933594,DOWN,1.028016821958639,0.9706605214671343,UP
2022-07-28,4072.429931640625,4340.86015258789,DOWN,3652.199951171875,3931.3552062988283,DOWN,1.013249486885822,0.971998555943646,UP
2022-07-29,4130.2900390625,4338.830653076172,DOWN,3708.10009765625,3929.0348571777345,DOWN,1.0159023124110436,0.973201069032483,UP
2022-08-01,4118.6298828125,4336.674903564453,DOWN,3708.10009765625,3926.7967077636717,DOWN,1.0012437628698336,0.9745569163562989,UP
2022-08-02,4091.18994140625,4334.406353759766,DOWN,3684.6298828125,3924.2758068847656,DOWN,1.0017783286336135,0.9757333449151786,UP
2022-08-03,4155.169921875,4332.349803466797,DOWN,3732.5400390625,3921.9969567871094,DOWN,0.9749597133345363,0.9757333449151786,UP
2022-08-04,4151.93994140625,4330.235552978515,DOWN,3754.60009765625,3919.650106201172,DOWN,0.9561867583596376,0.9757333449151786,DOWN
2022-08-05,4145.18994140625,4328.203101806641,DOWN,3725.389892578125,3917.17265625,DOWN,0.9704350575346734,0.9757333449151786,DOWN
2022-08-08,4140.06005859375,4325.921302490235,DOWN,3757.219970703125,3914.789405517578,DOWN,0.9761928957758267,0.9762149534192635,DOWN
2022-08-09,4122.47021484375,4323.50675415039,DOWN,3715.3701171875,3912.113455810547,DOWN,0.9899575824132877,0.9771737307530328,UP
2022-08-10,4210.240234375,4321.489605712891,DOWN,3749.35009765625,3909.4578552246094,DOWN,0.9846411194389594,0.9783883749431227,UP
2022-08-11,4207.27001953125,4319.372706298828,DOWN,3757.050048828125,3906.7620043945312,DOWN,1.0077516159512518,0.9816537094409197,UP
2022-08-12,4280.14990234375,4317.470606689453,DOWN,3776.81005859375,3904.0980053710937,DOWN,0.997411626007102,0.9847891759892704,UP
2022-08-15,4297.14013671875,4315.556007080078,DOWN,3789.6201171875,3901.3794067382814,DOWN,0.9815858759675457,0.9847891759892704,UP
2022-08-16,4305.2001953125,4313.59435913086,DOWN,3805.219970703125,3898.5903063964843,DOWN,0.9794314040516393,0.9847891759892704,UP
2022-08-17,4274.0400390625,4311.4560583496095,DOWN,3756.06005859375,3895.607957763672,DOWN,0.9858037112275908,0.9853704718835862,UP
2022-08-18,4283.740234375,4309.448509521484,DOWN,3777.3798828125,3892.7717077636717,DOWN,0.9974461316549965,0.9863838400498846,UP
2022-08-19,4228.47998046875,4307.357359619141,DOWN,3730.320068359375,3889.679208984375,DOWN,1.0037088815964794,0.987039491397031,UP
2022-08-22,4137.990234375,4304.800960693359,DOWN,3658.219970703125,3886.1803088378906,DOWN,1.0212764178727134,0.9883519086489231,UP
2022-08-23,4128.72998046875,4302.030360107422,DOWN,3652.52001953125,3882.591258544922,DOWN,1.0420065292975929,0.9897731928946252,UP
2022-08-24,4140.77001953125,4299.320211181641,DOWN,3667.4599609375,3878.997608642578,DOWN,1.0471658300340985,0.9902245339541951,UP
2022-08-25,4199.1201171875,4296.81131225586,DOWN,3674.5400390625,3875.3628576660158,DOWN,1.0416830435108422,0.9936823488787994,UP
2022-08-26,4057.659912109375,4293.656262207031,DOWN,3603.679931640625,3871.37720703125,DOWN,1.060832259690337,0.9971424191347991,UP
2022-08-29,4030.610107421875,4290.286612548828,DOWN,3570.510009765625,3867.3112561035155,DOWN,1.0744594558436595,0.9974288788310492,UP
2022-08-30,3986.159912109375,4286.727612304688,DOWN,3561.919921875,3863.338504638672,DOWN,1.063396568567379,0.9992052773077814,UP
2022-08-31,3955.0,4283.087912597656,DOWN,3517.25,3859.231304931641,DOWN,1.0598137028076564,1.0011040929152,UP
2022-09-01,3966.85009765625,4279.468662109375,DOWN,3456.699951171875,3855.095705566406,DOWN,1.040550887217755,1.0014929636129553,UP
2022-09-02,3924.260009765625,4275.582662353516,DOWN,3544.3798828125,3851.436354980469,DOWN,1.0592546321823666,1.0017602464948452,UP
2022-09-05,3924.260009765625,4271.6966625976565,DOWN,3490.010009765625,3847.4202038574217,DOWN,1.0592546321823666,1.0022311970617177,UP
2022-09-06,3908.18994140625,4268.26451171875,DOWN,3500.139892578125,3844.4730029296875,DOWN,1.054664745388249,1.0031964735431507,UP
2022-09-07,3979.8701171875,4264.887512207031,DOWN,3502.090087890625,3841.4359045410156,DOWN,1.0324901651884284,1.0044104543131638,UP
2022-09-08,4006.179931640625,4262.083411865235,DOWN,3512.3798828125,3838.6825036621094,DOWN,1.0368178974308924,1.005827508656505,UP
2022-09-09,4067.360107421875,4259.855012207031,DOWN,3570.0400390625,3835.636954345703,DOWN,1.0409469843463928,1.0069352594455099,UP
2022-09-12,4110.41015625,4257.5215625,DOWN,3646.510009765625,3833.329404296875,DOWN,1.0410717319501261,1.0075395722795548,UP
2022-09-13,3932.68994140625,4254.492861328125,DOWN,3586.179931640625,3830.8595544433592,DOWN,1.063037093046039,1.007981336519329,UP
2022-09-14,3946.010009765625,4251.264561767578,DOWN,3567.56005859375,3828.011805419922,DOWN,1.0660510895965516,1.0085746737577304,UP
2022-09-15,3901.35009765625,4247.33756225586,DOWN,3541.7900390625,3824.339754638672,DOWN,1.0672393550968708,1.0091120208265103,UP
2022-09-16,3873.330078125,4243.198162841797,DOWN,3500.409912109375,3820.6763549804687,DOWN,1.0581915755003428,1.0110586750502077,UP
2022-09-19,3899.889892578125,4239.360361328125,DOWN,3499.489990234375,3817.1323059082033,DOWN,1.0558490209915266,1.0129598451281567,UP
2022-09-20,3855.929931640625,4235.079910888672,DOWN,3467.090087890625,3813.4719555664065,DOWN,1.0594935641115382,1.0131687891333432,UP
2022-09-21,3789.929931640625,4230.684709472656,DOWN,3491.8701171875,3810.0161059570314,DOWN,1.0613372277482485,1.0133110226722608,UP
2022-09-22,3757.989990234375,4226.304210205079,DOWN,3427.139892578125,3806.4292565917967,DOWN,1.0674141596309052,1.013797147766454,UP
2022-09-23,3693.22998046875,4221.22110961914,DOWN,3348.60009765625,3802.3738562011717,DOWN,1.0422340175936273,1.0144624339844692,UP
2022-09-26,3655.0400390625,4216.152960205078,DOWN,3342.56005859375,3798.077305908203,DOWN,1.0324022752927602,1.0148857860765883,UP
2022-09-27,3647.2900390625,4211.286209716797,DOWN,3328.64990234375,3793.9138049316407,DOWN,1.041174915951681,1.0150872146841061,UP
2022-09-28,3719.0400390625,4207.041309814453,DOWN,3335.300048828125,3790.0546557617185,DOWN,1.055902519815096,1.0155041502604045,UP
2022-09-29,3640.469970703125,4201.997509765625,DOWN,3279.0400390625,3785.5749047851564,DOWN,1.0816784983479064,1.016309264996142,UP
2022-09-30,3585.6201171875,4196.442810058594,DOWN,3318.199951171875,3781.0806042480467,DOWN,1.0891203216099103,1.0173851658840467,UP
2022-10-03,3678.429931640625,4191.206009521485,DOWN,3342.169921875,3776.4621545410155,DOWN,1.107992911219139,1.0185401760666242,UP
2022-10-04,3790.929931640625,4186.204709472656,DOWN,3484.47998046875,3772.4446545410156,DOWN,1.1162094772341098,1.019514901551672,UP
2022-10-05,3783.280029296875,4181.189359130859,DOWN,3447.719970703125,3768.123603515625,DOWN,1.131022175814636,1.020639991514831,UP
2022-10-06,3744.52001953125,4175.946658935547,DOWN,3433.449951171875,3763.8667028808595,DOWN,1.1506938732980685,1.0221532390361263,UP
2022-10-07,3639.659912109375,4170.25130859375,DOWN,3375.4599609375,3759.213653564453,DOWN,1.1768326455277203,1.0242022809447768,UP
2022-10-10,3612.389892578125,4164.482357177734,DOWN,3356.8798828125,3754.467703857422,DOWN,1.1767061278095645,1.0253953846354897,UP
2022-10-11,3588.840087890625,4158.4437573242185,DOWN,3340.35009765625,3749.510355224609,DOWN,1.1735214201174078,1.0263447306724152,UP
2022-10-12,3577.030029296875,4152.36120727539,DOWN,3331.530029296875,3744.329904785156,DOWN,1.1832024154797287,1.027645007861252,UP
2022-10-13,3669.909912109375,4147.207856445312,DOWN,3362.39990234375,3739.181154785156,DOWN,1.195873475348647,1.02867720022444,UP
2022-10-14,3583.070068359375,4141.642957763672,DOWN,3381.72998046875,3734.4657543945314,DOWN,1.1963879967217237,1.0294491041586562,UP
2022-10-17,3677.949951171875,4136.64755859375,DOWN,3441.639892578125,3730.144803466797,DOWN,1.175608349512142,1.0303888281229594,UP
2022-10-18,3719.97998046875,4131.896008300781,DOWN,3463.830078125,3726.2663537597655,DOWN,1.1716617469292943,1.031809650855804,UP
2022-10-19,3695.159912109375,4126.806458740234,DOWN,3471.239990234375,3722.214853515625,DOWN,1.188256833103561,1.0324462202405944,UP
2022-10-20,3665.780029296875,4121.503608398438,DOWN,3492.85009765625,3718.0971533203124,DOWN,1.1944123690876554,1.0327068349193453,UP
2022-10-21,3752.75,4116.972209472657,DOWN,3476.6298828125,3713.900803222656,DOWN,1.1961060662294214,1.0335467063239059,UP
2022-10-24,3797.340087890625,4112.644659423828,DOWN,3527.7900390625,3710.1788037109377,DOWN,1.19188861523764,1.035493902714221,UP
2022-10-25,3859.110107421875,4108.625959472656,DOWN,3585.580078125,3706.596003417969,DOWN,1.174811206376636,1.0368544212153248,UP
2022-10-26,3830.60009765625,4104.893410644531,DOWN,3605.31005859375,3703.3334545898438,DOWN,1.201210201701624,1.0369263702668063,UP
2022-10-27,3807.300048828125,4101.266112060547,DOWN,3604.510009765625,3700.0146057128904,DOWN,1.2102982633657047,1.0370076888470776,UP
2022-10-28,3901.06005859375,4098.357762451172,DOWN,3613.02001953125,3696.5816564941406,DOWN,1.1887824424283815,1.0373273929837485,UP
2022-10-31,3871.97998046875,4095.7279626464842,DOWN,3617.5400390625,3693.5215563964844,DOWN,1.1973734609053468,1.037671032842598,UP
2022-11-01,3856.10009765625,4092.957813720703,DOWN,3651.02001953125,3691.5048559570314,DOWN,1.213796767725262,1.0380284969117972,UP
2022-11-02,3759.68994140625,4089.974012451172,DOWN,3622.010009765625,3689.2236059570314,DOWN,1.2332737806957348,1.0386066532394653,UP
2022-11-03,3719.889892578125,4086.8238110351563,DOWN,3593.179931640625,3686.366505126953,DOWN,1.2561344258941132,1.0392676475135296,UP
2022-11-04,3770.550048828125,4084.044012451172,DOWN,3688.330078125,3683.8833044433595,DOWN,1.2681832127316208,1.0397776848564333,UP
2022-11-07,3806.800048828125,4080.9187622070312,DOWN,3708.800048828125,3681.74275390625,DOWN,1.2766289591204856,1.0399864940018464,UP
2022-11-08,3828.110107421875,4077.481563720703,DOWN,3739.280029296875,3679.566153564453,UP,1.2737914076600956,1.0403033130011532,UP
2022-11-09,3748.570068359375,4073.4917138671876,DOWN,3728.030029296875,3677.084052734375,UP,1.264970973464912,1.0407489357820738,UP
2022-11-10,3956.3701171875,4070.3266650390624,DOWN,3846.56005859375,3675.2066040039062,UP,1.2177364664799615,1.0410093581482593,UP
2022-11-11,3992.929931640625,4067.9041149902346,DOWN,3868.5,3673.84400390625,UP,1.2251414556315803,1.0411233239509037,UP
2022-11-14,3957.25,4065.187716064453,DOWN,3887.510009765625,3672.8486535644533,UP,1.2338794282638428,1.0412644892552687,UP
2022-11-15,3991.72998046875,4062.7270153808595,DOWN,3915.090087890625,3671.8213037109376,UP,1.2263457162680333,1.0415185530348494,UP
2022-11-16,3958.7900390625,4059.9132653808592,DOWN,3882.780029296875,3670.588953857422,UP,1.2229490080404943,1.0418447864042175,UP
2022-11-17,3946.56005859375,4056.710164794922,DOWN,3878.419921875,3668.960604248047,UP,1.2244883065978591,1.04212027344561,UP
2022-11-18,3965.340087890625,4054.01646484375,DOWN,3924.840087890625,3667.599455566406,UP,1.2162794256598795,1.0443432856435058,UP
2022-11-21,3949.93994140625,4051.6729638671877,DOWN,3909.280029296875,3666.3697058105467,UP,1.2198333978804696,1.0468091918637414,UP
2022-11-22,4003.580078125,4049.6825146484375,DOWN,3929.89990234375,3665.6969555664064,UP,1.2281965919842943,1.0488900357833608,UP
2022-11-23,4027.260009765625,4047.463465576172,DOWN,3946.43994140625,3664.71060546875,UP,1.2105382841805186,1.052639493460436,UP
2022-11-24,4027.260009765625,4045.224716796875,DOWN,3961.989990234375,3663.8344543457033,UP,1.2105382841805186,1.0552568831898879,UP
2022-11-25,4026.1201171875,4043.4540185546875,DOWN,3962.409912109375,3663.0805541992186,UP,1.2082323438105163,1.0558757704033113,UP
2022-11-28,3963.93994140625,4041.529367675781,DOWN,3935.510009765625,3662.3867041015624,UP,1.2040557881676688,1.0568097049552767,UP
2022-11-29,3957.6298828125,4039.573166503906,DOWN,3934.43994140625,3662.130354003906,UP,1.2203817940584567,1.0579542327979001,UP
2022-11-30,4080.110107421875,4038.4499182128907,UP,3964.719970703125,3662.0266040039064,UP,1.1940829472273993,1.0587231038413547,UP
2022-12-01,4076.570068359375,4037.7052685546873,UP,3984.5,3662.0820544433595,UP,1.1899489913411716,1.0592546321823666,UP
2022-12-02,4071.699951171875,4036.6202673339844,UP,3977.89990234375,3662.8251037597656,UP,1.1910998102198211,1.0593740981469524,UP
2022-12-05,3998.840087890625,4034.691218261719,UP,3956.530029296875,3662.754304199219,UP,1.18255844020529,1.0596536334595972,UP
2022-12-06,3941.260009765625,4032.5278186035157,DOWN,3939.18994140625,3662.829104003906,UP,1.1790041105092488,1.0603229812489967,UP
2022-12-07,3933.919921875,4030.666119384766,DOWN,3920.89990234375,3663.6043530273437,UP,1.1801231067830336,1.0610847437192927,UP
2022-12-08,3963.510009765625,4028.550969238281,DOWN,3921.27001953125,3664.107752685547,UP,1.1664478011176327,1.0621871603971438,UP
2022-12-09,3934.3798828125,4026.4054174804687,DOWN,3942.6201171875,3665.111953125,UP,1.1593808286395417,1.063216830806709,UP
2022-12-12,3990.56005859375,4024.7138671875,DOWN,3921.820068359375,3666.9410034179687,UP,1.1619454259799664,1.0634825959785879,UP
2022-12-13,4019.64990234375,4023.8066674804686,DOWN,3986.830078125,3669.314053955078,UP,1.1675661698677398,1.0648098564931743,UP
2022-12-14,3995.320068359375,4022.929766845703,DOWN,3975.260009765625,3671.6639038085937,UP,1.1691492285352423,1.066645222346711,UP
2022-12-15,3895.75,4021.0191174316406,DOWN,3835.699951171875,3672.0123034667968,UP,1.1785903115955367,1.067326757363888,UP
2022-12-16,3852.360107421875,4018.9833178710937,DOWN,3804.02001953125,3672.7754541015624,UP,1.1885164328335798,1.0696626512458127,UP
2022-12-19,3817.659912109375,4017.0500671386717,DOWN,3811.239990234375,3673.39775390625,UP,1.1991504918158888,1.0731852993521898,UP
2022-12-20,3821.6201171875,4015.292618408203,DOWN,3802.489990234375,3673.7047033691406,UP,1.2132666517869632,1.0756942147088484,UP
2022-12-21,3878.43994140625,4013.372567138672,DOWN,3872.14990234375,3674.37490234375,UP,1.2130628913409707,1.0777903759474237,UP
2022-12-22,3822.389892578125,4010.695217285156,DOWN,3823.2900390625,3674.0429028320314,UP,1.2188771941598853,1.0794716825490962,UP
2022-12-23,3844.820068359375,4007.860968017578,DOWN,3817.010009765625,3673.7013525390626,UP,1.2337272230853613,1.0806393652969617,UP
2022-12-27,3829.25,4004.6916174316407,DOWN,3832.889892578125,3673.353602294922,UP,1.25049458524884,1.080987143816541,UP
2022-12-28,3783.219970703125,4001.30181640625,DOWN,3808.820068359375,3672.988702392578,UP,1.248912849609044,1.0812845086782668,UP
2022-12-29,3849.280029296875,3997.990167236328,DOWN,3850.070068359375,3672.6084521484377,UP,1.2323637348409289,1.0816301859439494,UP
2022-12-30,3839.5,3994.906466064453,DOWN,3793.6201171875,3672.2304528808595,UP,1.2399264662042238,1.0822672097387094,UP
2023-01-02,3839.5,3991.503165283203,DOWN,3793.6201171875,3671.8816040039064,UP,1.2399264662042238,1.0859881213697116,UP
2023-01-03,3824.139892578125,3987.908564453125,DOWN,3882.2900390625,3671.954404296875,UP,1.2257361507893492,1.091590373023399,UP
2023-01-04,3852.969970703125,3984.295814208984,DOWN,3973.969970703125,3672.3887536621096,UP,1.2180726062072902,1.09508840198059,UP
2023-01-05,3808.10009765625,3980.1783142089844,DOWN,3959.47998046875,3672.17525390625,UP,1.2410666487635718,1.1003813081287084,UP
2023-01-06,3895.080078125,3976.641463623047,DOWN,4017.830078125,3672.4687048339842,UP,1.2338578842620425,1.1063195739761316,UP
2023-01-09,3892.090087890625,3973.44986328125,DOWN,4068.6201171875,3673.2992053222656,UP,1.2266047337614676,1.109827769230876,UP
2023-01-10,3919.25,3970.3168139648437,DOWN,4057.4599609375,3673.99310546875,UP,1.2256148760385825,1.1127803308595527,UP
2023-01-11,3969.610107421875,3967.2516638183592,DOWN,4099.759765625,3674.7363037109376,UP,1.211744895718581,1.1141092795843828,UP
2023-01-12,3983.169921875,3964.541912841797,DOWN,4126.68017578125,3675.7804541015626,UP,1.2182858515007855,1.114466914893888,UP
2023-01-13,3999.090087890625,3962.131613769531,DOWN,4150.7998046875,3677.411003417969,UP,1.2219628173968566,1.1154113911648067,UP
2023-01-16,3999.090087890625,3959.6260144042967,DOWN,4157.0,3679.1859533691404,UP,1.2219628173968566,1.1175947115284544,UP
2023-01-17,3990.969970703125,3957.1394653320312,DOWN,4174.330078125,3680.765753173828,UP,1.2178082184058288,1.1234425756353021,UP
2023-01-18,3928.860107421875,3954.7211169433594,DOWN,4174.33984375,3682.439351806641,UP,1.2164686913952991,1.1294636906312208,UP
2023-01-19,3898.85009765625,3952.228116455078,DOWN,4094.280029296875,3683.7534020996095,UP,1.2334740339576051,1.1312863019892656,UP
2023-01-20,3972.610107421875,3949.8582177734374,DOWN,4119.89990234375,3685.2131018066407,UP,1.2237062802951946,1.1330774578657978,UP
2023-01-23,4019.81005859375,3947.9943188476564,UP,4150.81982421875,3686.723801269531,UP,1.2119310071478189,1.1363207065340641,UP
2023-01-24,4016.949951171875,3946.1206188964843,UP,4153.02001953125,3688.245501708984,UP,1.2081858919166464,1.1380369255004275,UP
2023-01-25,4016.219970703125,3943.8906689453124,UP,4148.10986328125,3689.8322509765626,UP,1.2118398137002075,1.138657321880915,UP
2023-01-26,4060.429931640625,3941.895567626953,UP,4173.97998046875,3691.2181005859375,UP,1.2112113660160804,1.1393505035355673,UP
2023-01-27,4070.56005859375,3940.2800671386717,UP,4178.009765625,3692.4679992675783,UP,1.1874899450446705,1.1398647881587523,UP
2023-01-30,4017.77001953125,3939.010018310547,UP,4158.6298828125,3694.0610986328124,UP,1.1899443928706677,1.1403062875077727,UP
2023-01-31,4076.60009765625,3937.9124182128908,UP,4163.4501953125,3696.090399169922,UP,1.1876203080674985,1.1413638265995805,UP
2023-02-01,4119.2099609375,3937.632467041016,UP,4171.43994140625,3698.340798339844,UP,1.1574549034760242,1.1441623479171195,UP
2023-02-02,4179.759765625,3937.611466064453,UP,4241.1201171875,3700.8731994628906,UP,1.119824321783692,1.1441623479171195,DOWN
2023-02-03,4136.47998046875,3936.856365966797,UP,4257.97998046875,3703.2779992675783,UP,1.1300236680273203,1.1441623479171195,DOWN
2023-02-06,4111.080078125,3936.7521154785154,UP,4205.4501953125,3705.2909497070314,UP,1.1319759960728975,1.1441623479171195,DOWN
2023-02-07,4164.0,3936.795216064453,UP,4209.31005859375,3707.6753002929686,UP,1.1439638514408943,1.1449335907918725,DOWN
2023-02-08,4117.85986328125,3936.5071154785155,UP,4209.14990234375,3709.9151000976562,UP,1.149163016370582,1.1475331732567162,DOWN
2023-02-09,4081.5,3935.4137658691407,UP,4250.14013671875,3712.540850830078,UP,1.1445445234759106,1.1475331732567162,DOWN
2023-02-10,4090.4599609375,3935.131715087891,UP,4197.93994140625,3715.0474011230467,UP,1.167695731523727,1.1492657326098565,UP
2023-02-13,4137.2900390625,3935.201466064453,UP,4241.35986328125,3718.108350830078,UP,1.1550381208990022,1.1500311610735998,UP
2023-02-14,4136.1298828125,3935.925915527344,UP,4238.759765625,3721.6678491210937,UP,1.1513252225270354,1.151009547912552,UP
2023-02-15,4147.60009765625,3936.6586657714843,UP,4280.0400390625,3725.294049072266,UP,1.1356531387477649,1.151009547912552,DOWN
2023-02-16,4090.409912109375,3937.4348156738283,UP,4297.240234375,3728.540899658203,UP,1.14397370449307,1.151009547912552,DOWN
2023-02-17,4079.090087890625,3938.1798657226564,UP,4274.919921875,3731.848349609375,UP,1.130543183234419,1.151009547912552,DOWN
2023-02-20,4079.090087890625,3938.455866699219,UP,4271.18017578125,3734.6871508789063,UP,1.130543183234419,1.151009547912552,DOWN
2023-02-21,3997.340087890625,3938.402517089844,UP,4250.39990234375,3737.5124499511717,UP,1.148335852031531,1.151009547912552,DOWN
2023-02-22,3991.050048828125,3937.9135168457033,UP,4242.8798828125,3740.0192993164064,UP,1.1452156107810152,1.151009547912552,DOWN
2023-02-23,4012.320068359375,3938.356717529297,UP,4258.16015625,3742.8564001464842,UP,1.1454407192148004,1.151009547912552,DOWN
2023-02-24,3970.0400390625,3938.702967529297,UP,4178.81982421875,3745.583848876953,UP,1.162886077137991,1.1529465885441947,DOWN
2023-02-27,3982.239990234375,3939.1073669433595,UP,4248.009765625,3748.538747558594,UP,1.1590879503920881,1.1548030377301781,DOWN
2023-02-28,3970.14990234375,3939.089366455078,UP,4238.3798828125,3751.1886975097655,UP,1.1597811796693605,1.1548030377301781,DOWN
2023-03-01,3951.389892578125,3939.138916015625,UP,4215.75,3754.029647216797,UP,1.1862537648485687,1.1548030377301781,UP
2023-03-02,3981.35009765625,3939.1520166015625,UP,4240.58984375,3756.8470959472656,UP,1.180017626021132,1.1548030377301781,UP
2023-03-03,4045.639892578125,3939.091015625,UP,4294.7998046875,3759.935594482422,UP,1.1737600365929228,1.1558785022663214,UP
2023-03-06,4048.419921875,3938.5419140625,UP,4313.77978515625,3762.4601928710936,UP,1.169400598691554,1.1568117803820397,UP
2023-03-07,3986.3701171875,3937.6825634765623,UP,4278.9599609375,3764.6468920898437,UP,1.1630930713344168,1.1571797903032315,UP
2023-03-08,3992.010009765625,3936.981864013672,UP,4288.4501953125,3767.1430932617186,UP,1.1507819928184453,1.1571797903032315,UP
2023-03-09,3918.320068359375,3936.067314453125,UP,4286.1201171875,3769.775993652344,UP,1.1447126227075801,1.1571797903032315,DOWN
2023-03-10,3861.590087890625,3934.4911657714842,DOWN,4229.52978515625,3771.9479931640626,UP,1.151730511542552,1.1571797903032315,DOWN
2023-03-13,3855.760009765625,3933.227265625,DOWN,4096.5400390625,3773.5123937988283,UP,1.1199237320929694,1.1570868935548324,DOWN
2023-03-14,3919.2900390625,3932.2165649414064,DOWN,4179.47021484375,3775.4914453125,UP,1.109667175977143,1.1562465121875132,DOWN
2023-03-15,3891.929931640625,3930.872813720703,DOWN,4034.919921875,3776.6323449707033,UP,1.0670363107808398,1.153384316220777,DOWN
2023-03-16,3960.280029296875,3930.095363769531,DOWN,4116.97998046875,3778.272595214844,UP,1.0605810774302535,1.1515278670347937,DOWN
2023-03-17,3916.639892578125,3929.589462890625,DOWN,4064.989990234375,3779.9752954101564,UP,1.0520213821838094,1.1510536076727402,DOWN
2023-03-20,3951.570068359375,3929.8430126953126,DOWN,4119.419921875,3782.5763952636717,UP,1.0620032944724855,1.1507379330582568,DOWN
2023-03-21,4002.8701171875,3931.1092138671875,UP,4181.60009765625,3785.971895751953,UP,1.0767034551366408,1.1499284448343252,DOWN
2023-03-22,3936.969970703125,3932.1166638183595,UP,4195.7001953125,3789.5744970703126,UP,1.0798064633443272,1.1487494342010565,DOWN
2023-03-23,3948.719970703125,3932.910313720703,UP,4207.14013671875,3792.9485974121094,UP,1.067932862187498,1.1468882856231657,DOWN
2023-03-24,3970.989990234375,3934.431413574219,UP,4130.6201171875,3796.4621484375,UP,1.0628163423867614,1.145328164997908,DOWN
2023-03-27,3977.530029296875,3935.94486328125,UP,4164.6201171875,3800.09294921875,UP,1.083028892521153,1.145328164997908,DOWN
2023-03-28,3971.27001953125,3937.427012939453,UP,4168.2099609375,3803.5848486328123,UP,1.0934117670733474,1.145328164997908,DOWN
2023-03-29,4027.81005859375,3938.7421130371094,UP,4231.27001953125,3807.2711987304688,UP,1.0828879285724597,1.145328164997908,DOWN
2023-03-30,4050.830078125,3940.196813964844,UP,4285.419921875,3811.375098876953,UP,1.076397616433548,1.145328164997908,DOWN
2023-03-31,4109.31005859375,3941.7647143554686,UP,4315.0498046875,3815.768897705078,UP,1.0681394299174989,1.145328164997908,DOWN
2023-04-03,4124.509765625,3942.828563232422,UP,4311.0498046875,3819.6582971191406,UP,1.0967932898227633,1.145328164997908,DOWN
2023-04-04,4100.60009765625,3943.8310131835938,UP,4315.31982421875,3823.540496826172,UP,1.0858950165514216,1.145328164997908,DOWN
2023-04-05,4090.3798828125,3945.1751623535156,UP,4298.35986328125,3827.2858459472654,UP,1.099949758914444,1.145328164997908,DOWN
2023-04-06,4105.02001953125,3946.606112060547,UP,4309.4501953125,3831.261496582031,UP,1.0891804038032566,1.145328164997908,DOWN
2023-04-10,4109.10986328125,3948.2247619628906,UP,4309.4501953125,3835.5344470214845,UP,1.0921434452520011,1.145328164997908,DOWN
2023-04-11,4108.93994140625,3949.642811279297,UP,4333.2900390625,3839.959346923828,UP,1.1036960277017762,1.145328164997908,DOWN
2023-04-12,4091.949951171875,3950.9759106445313,UP,4334.02978515625,3844.3673962402345,UP,1.1136325442821768,1.145328164997908,DOWN
2023-04-13,4146.22021484375,3952.5500622558593,UP,4363.240234375,3849.3844470214844,UP,1.1058117865110548,1.145328164997908,DOWN
2023-04-14,4137.64013671875,3954.0128625488283,UP,4390.75,3854.2289965820314,UP,1.1146993110896644,1.145328164997908,DOWN
2023-04-17,4151.31982421875,3955.2563610839843,UP,4367.60986328125,3858.6245458984376,UP,1.1050705911342134,1.145328164997908,DOWN
2023-04-18,4154.8701171875,3956.533812255859,UP,4393.9501953125,3863.0615466308595,UP,1.1080277412020723,1.145328164997908,DOWN
2023-04-19,4154.52001953125,3958.0342626953125,UP,4393.56982421875,3867.670946044922,UP,1.102972584447487,1.145328164997908,DOWN
2023-04-20,4129.7900390625,3959.589212646484,UP,4384.85986328125,3872.1599951171875,UP,1.1066336656826348,1.145328164997908,DOWN
2023-04-21,4133.52001953125,3961.247912597656,UP,4408.58984375,3876.933094482422,UP,1.0980831251344292,1.145328164997908,DOWN
2023-04-24,4137.0400390625,3962.9812133789064,UP,4401.7998046875,3881.95904296875,UP,1.1081563550705429,1.145328164997908,DOWN
2023-04-25,4071.6298828125,3964.023563232422,UP,4377.85009765625,3886.462293701172,UP,1.105872802310954,1.145328164997908,DOWN
2023-04-26,4055.989990234375,3965.1492626953127,UP,4347.7099609375,3890.64154296875,UP,1.0924623749189508,1.145328164997908,DOWN
2023-04-27,4135.35009765625,3966.1425634765624,UP,4358.0498046875,3894.494592285156,UP,1.0779699675476948,1.145328164997908,DOWN
2023-04-28,4169.47998046875,3967.1904638671876,UP,4359.31005859375,3898.364942626953,UP,1.084391244675706,1.145328164997908,DOWN
2023-05-01,4167.8701171875,3968.0350646972656,UP,4359.31005859375,3902.1789428710936,UP,1.0815946307551998,1.145328164997908,DOWN
2023-05-02,4119.580078125,3968.824815673828,UP,4294.85009765625,3905.670743408203,UP,1.0602910323054988,1.145328164997908,DOWN
2023-05-03,4090.75,3969.444365234375,UP,4310.18017578125,3909.2008447265625,UP,1.0526926488258705,1.145328164997908,DOWN
2023-05-04,4061.219970703125,3970.14521484375,UP,4287.02978515625,3912.759193115234,UP,1.0464537610966178,1.145328164997908,DOWN
2023-05-05,4136.25,3970.7084143066404,UP,4340.43017578125,3916.4224438476563,UP,1.0507374137656667,1.145328164997908,DOWN
2023-05-08,4138.1201171875,3971.036865234375,UP,4348.64990234375,3919.9046936035156,UP,1.0521833737866053,1.145328164997908,DOWN
2023-05-09,4119.169921875,3970.9812646484374,UP,4323.08984375,3922.9796423339844,UP,1.0541100487829291,1.145328164997908,DOWN
2023-05-10,4137.64013671875,3971.0763159179687,UP,4306.759765625,3925.972940673828,UP,1.0384089627014512,1.145328164997908,DOWN
2023-05-11,4130.6201171875,3971.273466796875,UP,4309.75,3929.0985412597656,UP,1.0316555109346963,1.145328164997908,DOWN
2023-05-12,4124.080078125,3971.118017578125,UP,4317.8798828125,3932.0252404785156,UP,1.0319194796589986,1.145328164997908,DOWN
2023-05-15,4136.27978515625,3971.039716796875,UP,4316.41015625,3934.8342907714846,UP,1.0383901800948978,1.145328164997908,DOWN
2023-05-16,4109.89990234375,3970.8632666015624,UP,4315.509765625,3937.784890136719,UP,1.0297141020655944,1.145328164997908,DOWN
2023-05-17,4158.77001953125,3970.95681640625,UP,4323.22998046875,3940.614940185547,UP,1.0322098801878432,1.145328164997908,DOWN
2023-05-18,4198.0498046875,3971.334714355469,UP,4323.22998046875,3943.6542395019533,UP,1.0243354201094932,1.145328164997908,DOWN
2023-05-19,4191.97998046875,3971.2434130859374,UP,4395.2998046875,3946.8839880371092,UP,1.0295182209022773,1.145328164997908,DOWN
2023-05-22,4192.6298828125,3971.1702124023436,UP,4385.6298828125,3950.0268872070315,UP,1.0267117991753738,1.145328164997908,DOWN
2023-05-23,4145.580078125,3970.49736328125,UP,4342.3798828125,3952.854736328125,UP,1.0366379559231809,1.145328164997908,DOWN
2023-05-24,4115.240234375,3969.5878637695314,UP,4263.740234375,3955.2253369140626,UP,1.041220351836255,1.145328164997908,DOWN
2023-05-25,4151.27978515625,3968.81826171875,UP,4269.64013671875,3957.5474377441406,UP,1.0180977626400327,1.145328164997908,DOWN
2023-05-26,4205.4501953125,3968.4753125,UP,4337.5,3960.454637451172,UP,1.0028505555409948,1.145328164997908,DOWN
2023-05-29,4205.4501953125,3968.0838623046875,UP,4337.5,3963.2552380371094,UP,1.0028505555409948,1.145328164997908,DOWN
2023-05-30,4205.52001953125,3967.9690625,UP,4291.580078125,3966.0615380859376,UP,0.9894395396560194,1.145328164997908,DOWN
2023-05-31,4179.830078125,3968.17826171875,UP,4218.0400390625,3968.8606384277346,UP,0.9800269523726824,1.145328164997908,DOWN
2023-06-01,4221.02001953125,3968.6397119140624,UP,4257.60986328125,3971.886087646484,UP,0.986266171195708,1.145328164997908,DOWN
2023-06-02,4282.3701171875,3969.347712402344,UP,4323.52001953125,3975.166387939453,UP,0.9973044594360406,1.145328164997908,DOWN
2023-06-05,4273.7900390625,3969.721062011719,UP,4293.240234375,3978.259888916016,UP,0.9943908418800831,1.145328164997908,DOWN
2023-06-06,4283.85009765625,3970.8520129394533,UP,4295.22021484375,3981.7175903320312,UP,0.9980444142054559,1.145328164997908,DOWN
2023-06-07,4267.52001953125,3972.0365625,UP,4291.91015625,3985.324591064453,UP,1.0141896046396228,1.145328164997908,DOWN
2023-06-08,4293.93017578125,3973.5754138183593,UP,4297.68017578125,3989.0033923339843,UP,1.003528259020804,1.145328164997908,DOWN
2023-06-09,4298.85986328125,3975.2947131347655,UP,4289.7900390625,3992.866092529297,UP,0.9968837216984558,1.145328164997908,DOWN
2023-06-12,4338.93017578125,3977.155113525391,UP,4316.490234375,3997.1650439453124,UP,0.9784328993162629,1.145328164997908,DOWN
2023-06-13,4369.009765625,3979.3788623046876,UP,4347.5498046875,4001.1808935546874,UP,0.982197877500671,1.145328164997908,DOWN
2023-06-14,4372.58984375,3981.6205114746094,UP,4375.97998046875,4005.6107434082032,UP,0.9728309775404387,1.145328164997908,DOWN
2023-06-15,4425.83984375,3984.2087609863283,UP,4365.1201171875,4009.93564453125,UP,0.9764123705274906,1.145328164997908,DOWN
2023-06-16,4409.58984375,3986.3573596191404,UP,4394.81982421875,4014.399293212891,UP,0.9813632705424183,1.145328164997908,DOWN
2023-06-19,4409.58984375,3988.3744091796875,UP,4362.3798828125,4018.649293212891,UP,0.9813632705424183,1.145328164997908,DOWN
2023-06-20,4388.7099609375,3989.9811584472654,UP,4343.14013671875,4022.514793701172,UP,0.9711439897970693,1.145328164997908,DOWN
2023-06-21,4365.68994140625,3991.257557373047,UP,4322.75,4025.895993652344,UP,0.9858503987254342,1.145328164997908,DOWN
2023-06-22,4381.89013671875,3993.503558349609,UP,4304.47021484375,4029.487445068359,UP,0.9714314420695505,1.145328164997908,DOWN
2023-06-23,4348.330078125,3995.515158691406,UP,4271.60986328125,4033.007694091797,UP,0.9756361694709631,1.145328164997908,DOWN
2023-06-26,4328.81982421875,3997.6525073242187,UP,4280.56982421875,4036.701593017578,UP,0.9854022982644948,1.145328164997908,DOWN
2023-06-27,4378.41015625,4000.177907714844,UP,4305.259765625,4040.7258422851564,UP,0.9721958151934124,1.145328164997908,DOWN
2023-06-28,4376.85986328125,4002.5627575683593,UP,4344.75,4044.9521423339843,UP,0.9734962807831595,1.145328164997908,DOWN
2023-06-29,4396.43994140625,4005.2653076171873,UP,4354.68994140625,4049.3901416015624,UP,0.981832844893983,1.145328164997908,DOWN
2023-06-30,4450.3798828125,4008.567557373047,UP,4399.08984375,4053.926240234375,UP,0.9773659684944829,1.145328164997908,DOWN
2023-07-03,4455.58984375,4012.055556640625,UP,4398.14990234375,4058.781290283203,UP,0.9753130260894519,1.145328164997908,DOWN
2023-07-04,4455.58984375,4015.867355957031,UP,4390.990234375,4063.9932409667967,UP,0.9753130260894519,1.145328164997908,DOWN
2023-07-05,4446.81982421875,4019.8262548828125,UP,4350.7099609375,4069.0339904785155,UP,0.9692088556878856,1.145328164997908,DOWN
2023-07-06,4411.58984375,4023.64775390625,UP,4223.08984375,4073.506190185547,UP,0.9659236612292107,1.145328164997908,DOWN
2023-07-07,4398.9501953125,4027.0473046875,UP,4236.60009765625,4078.0126904296876,UP,0.9799524554291975,1.145328164997908,DOWN
2023-07-10,4409.52978515625,4030.8926037597657,UP,4256.509765625,4082.9000390625,UP,0.9822860161490982,1.145328164997908,DOWN
2023-07-11,4439.259765625,4035.160802001953,UP,4286.56005859375,4087.741839599609,UP,0.9901258175054388,1.145328164997908,DOWN
2023-07-12,4472.16015625,4039.129453125,UP,4360.4599609375,4092.8332897949217,UP,0.9889722377529916,1.145328164997908,DOWN
2023-07-13,4510.0400390625,4042.7250036621094,UP,4391.759765625,4097.369688720703,UP,0.9834445841290413,1.145328164997908,DOWN
2023-07-14,4505.419921875,4046.335703125,UP,4400.10986328125,4102.131638183594,UP,0.9706244465291274,1.145328164997908,DOWN
2023-07-17,4522.7900390625,4050.227053222656,UP,4356.7900390625,4106.748338623047,UP,0.9677011548035781,1.1449641167442977,DOWN
2023-07-18,4554.97998046875,4054.8036535644533,UP,4369.72998046875,4111.719688720703,UP,0.9746420667146416,1.1446285730917454,DOWN
2023-07-19,4565.72021484375,4059.5703051757814,UP,4362.27978515625,4116.746688232422,UP,0.9745451808863839,1.1442591139844902,DOWN
2023-07-20,4534.8701171875,4064.3004553222654,UP,4373.72998046875,4121.913587646484,UP,0.9973237973672926,1.143968777966982,DOWN
2023-07-21,4536.33984375,4069.0970043945313,UP,4391.41015625,4127.21298828125,UP,0.9979057768439914,1.1398084950943295,DOWN
2023-07-24,4554.64013671875,4073.5206555175782,UP,4383.02978515625,4132.316137695312,UP,1.0063918371177647,1.1338145674103313,DOWN
2023-07-25,4567.4599609375,4078.442604980469,UP,4391.2998046875,4137.363986816406,UP,1.0079196751865998,1.1312595896536584,DOWN
2023-07-26,4566.75,4082.8866052246094,UP,4346.14990234375,4141.886536865234,UP,1.0128414583386822,1.130543183234419,DOWN
2023-07-27,4537.41015625,4086.973756103516,UP,4447.43994140625,4146.804586181641,UP,1.015823229455159,1.1302834256308696,DOWN
2023-07-28,4582.22998046875,4091.4091064453123,UP,4466.5,4151.780886230469,UP,1.0102099612973572,1.1249737000601447,DOWN
2023-07-31,4588.9599609375,4096.025006103516,UP,4471.31005859375,4156.6731860351565,UP,1.01580457021129,1.1198740269383307,DOWN
2023-08-01,4576.72998046875,4100.144906005859,UP,4471.31005859375,4161.646586914063,UP,1.0170878222705995,1.1172618164366783,DOWN
2023-08-02,4513.39013671875,4103.72515625,UP,4336.5,4165.69013671875,UP,1.0209133395036014,1.1141659276859206,DOWN
2023-08-03,4501.89013671875,4106.939056396484,UP,4304.6298828125,4169.285385742188,UP,1.0319558785148781,1.1116498601296598,DOWN
2023-08-04,4478.02978515625,4110.176204833984,UP,4332.91015625,4172.923386230469,UP,1.0357441952763553,1.108911765523843,DOWN
2023-08-07,4518.43994140625,4113.731904296875,UP,4337.5,4176.58833618164,UP,1.0349532991226487,1.1080920481363075,DOWN
2023-08-08,4499.3798828125,4116.7235034179685,UP,4288.85009765625,4179.967486572265,UP,1.0376894194602406,1.1073307034423534,DOWN
2023-08-09,4467.7099609375,4119.702153320312,UP,4317.330078125,4183.466436767578,UP,1.0493666418673153,1.1062532339967945,DOWN
2023-08-10,4468.830078125,4122.765803222656,UP,4384.0400390625,4187.131536865234,UP,1.0487772597803335,1.1058422944110045,DOWN
2023-08-11,4464.0498046875,4126.287602539062,UP,4321.330078125,4190.628137207032,UP,1.0570544569820288,1.105441188822634,DOWN
2023-08-14,4489.72021484375,4130.1367541503905,UP,4330.22998046875,4194.313387451172,UP,1.0488162515148833,1.1043833094179947,DOWN
2023-08-15,4437.85986328125,4133.473303222656,UP,4288.56982421875,4197.314586181641,UP,1.0429668732256525,1.1033343060746317,DOWN
2023-08-16,4404.330078125,4136.460953369141,UP,4284.27001953125,4200.191936035157,UP,1.0462434373306921,1.1014611716809655,DOWN
2023-08-17,4370.35986328125,4139.1722021484375,UP,4227.830078125,4202.634686279297,UP,1.0603888868350113,1.0990164420244366,DOWN
2023-08-18,4369.7099609375,4142.277901611328,UP,4212.9501953125,4205.059287109375,UP,1.064261778789559,1.0974382074785962,DOWN
2023-08-21,4399.77001953125,4144.4949011230465,UP,4224.8701171875,4206.9508374023435,UP,1.051781508133631,1.0951025284480553,DOWN
2023-08-22,4387.5498046875,4146.468000488281,UP,4260.3701171875,4208.910187988281,UP,1.0454578805396764,1.092937070996149,DOWN
2023-08-23,4436.009765625,4148.861799316406,UP,4266.669921875,4210.805987548828,UP,1.0350167921804065,1.092302910085476,DOWN
2023-08-24,4376.31005859375,4150.784699707031,UP,4232.22021484375,4212.391638183593,UP,1.0483827256657583,1.090661924527629,DOWN
2023-08-25,4405.7099609375,4153.019299316406,UP,4236.25,4214.158988037109,UP,1.0464872914254015,1.0875377101773391,DOWN
2023-08-28,4433.31005859375,4155.453049316407,UP,4293.68994140625,4216.235338134766,UP,1.045700048149638,1.085143130613564,DOWN
2023-08-29,4497.6298828125,4158.1144982910155,UP,4326.47021484375,4218.243488769531,UP,1.0348931930590117,1.0837100685984296,DOWN
2023-08-30,4514.8701171875,4160.939149169922,UP,4315.31005859375,4220.273638916015,UP,1.0332803843267284,1.0829584105468064,DOWN
2023-08-31,4507.66015625,4163.459549560547,UP,4297.10986328125,4222.109688720703,UP,1.0329301316396917,1.0822412796638297,DOWN
2023-09-01,4515.77001953125,4165.902099609375,UP,4282.64013671875,4223.790689697265,UP,1.048924376108911,1.0807005470497635,DOWN
2023-09-04,4515.77001953125,4168.344649658203,UP,4279.8701171875,4225.380090332032,UP,1.048924376108911,1.0788882154460109,DOWN
2023-09-05,4496.830078125,4170.69819946289,UP,4269.16015625,4226.913841552734,UP,1.047612271730678,1.0773367113421677,DOWN
2023-09-06,4465.47998046875,4173.205899658203,UP,4238.259765625,4228.427590332031,UP,1.0548847600177678,1.0765505357850944,DOWN
2023-09-07,4451.14013671875,4175.673450927734,UP,4221.02001953125,4229.860490722656,UP,1.0543023287644226,1.0722685231755236,DOWN
2023-09-08,4457.490234375,4177.5603515625,UP,4237.18994140625,4231.222840576172,UP,1.0577874834677137,1.0680361460524983,DOWN
2023-09-11,4487.4599609375,4179.614801025391,UP,4254.330078125,4232.571990966797,UP,1.0449838952712895,1.0674845864841689,DOWN
2023-09-12,4461.89990234375,4181.56580078125,UP,4242.27001953125,4233.893841552735,UP,1.0660357282921553,1.0665360195364975,DOWN
2023-09-13,4467.43994140625,4183.908800048828,UP,4223.47998046875,4235.228591308593,UP,1.0587723484407157,1.065148753540857,DOWN
2023-09-14,4505.10009765625,4186.728000488281,UP,4279.75,4236.931391601563,UP,1.0588868200857,1.0635390605881603,DOWN
2023-09-15,4450.31982421875,4189.31,UP,4295.0498046875,4238.802141113281,UP,1.0642467894190233,1.0635315659028923,DOWN
2023-09-18,4453.52978515625,4191.760098876953,UP,4245.8798828125,4240.425190429687,UP,1.0701209782271222,1.0635315659028923,DOWN
2023-09-19,4443.9501953125,4194.307950439453,UP,4242.7001953125,4241.925590820312,UP,1.0698500140456648,1.0635315659028923,DOWN
2023-09-20,4402.2001953125,4196.366151123047,UP,4275.97998046875,4243.696390380859,UP,1.0699651461074364,1.0635315659028923,DOWN
2023-09-21,4330.0,4197.9179016113285,UP,4212.58984375,4244.825189208985,UP,1.0781270601575286,1.0635315659028923,UP
2023-09-22,4320.06005859375,4199.5416015625,UP,4207.16015625,4245.984689941406,UP,1.0803393685531968,1.0635315659028923,UP
2023-09-25,4337.43994140625,4201.7500512695315,UP,4167.3701171875,4247.643040771484,DOWN,1.0835228365721095,1.0635315659028923,UP
2023-09-26,4273.52978515625,4203.855899658203,UP,4129.18017578125,4249.268841552735,DOWN,1.0960509993390777,1.0635315659028923,UP
2023-09-27,4274.509765625,4206.140148925781,UP,4131.68017578125,4250.8710424804685,DOWN,1.1116687427086602,1.0635315659028923,UP
2023-09-28,4299.7001953125,4208.530549316406,UP,4161.56005859375,4252.666392822266,DOWN,1.1112230133379726,1.0635315659028923,UP
2023-09-29,4288.0498046875,4210.578598632813,UP,4174.66015625,4254.178944091796,DOWN,1.0939626418012203,1.0635315659028923,UP
2023-10-02,4288.39013671875,4212.908599853516,UP,4137.6298828125,4255.750643310547,DOWN,1.0850736828145506,1.0635315659028923,UP
2023-10-03,4229.4501953125,4214.831750488282,UP,4095.590087890625,4257.143543701171,DOWN,1.0954999096171176,1.0635315659028923,UP
2023-10-04,4263.75,4217.004250488281,UP,4099.85009765625,4258.478344726563,DOWN,1.0687485126460943,1.0635315659028923,UP
2023-10-05,4258.18994140625,4219.379100341797,UP,4099.81005859375,4259.933294677734,DOWN,1.0646199402621748,1.0635315659028923,UP
2023-10-06,4308.5,4221.675200195313,UP,4144.43017578125,4261.405095214844,DOWN,1.0589153353774428,1.0624098184296233,UP
2023-10-09,4335.66015625,4224.156000976563,UP,4112.56982421875,4262.99984375,DOWN,1.069883251148393,1.0624098184296233,UP
2023-10-10,4358.240234375,4226.749702148438,UP,4205.22998046875,4265.057893066406,DOWN,1.0671255923447849,1.0624098184296233,UP
2023-10-11,4376.9501953125,4229.51375366211,UP,4200.7998046875,4266.6504418945315,DOWN,1.051244623401742,1.0612921859513695,UP
2023-10-12,4349.60986328125,4231.996953125,UP,4198.22998046875,4267.771741943359,DOWN,1.0543768956273079,1.0604849821326323,UP
2023-10-13,4327.77978515625,4234.5953515625,UP,4136.1201171875,4268.654942626953,DOWN,1.0769927767896015,1.0604849821326323,UP
2023-10-16,4373.6298828125,4236.988100585938,UP,4149.85986328125,4269.315091552734,DOWN,1.0711681622854419,1.0604849821326323,UP
2023-10-17,4373.2001953125,4239.393651123047,UP,4152.31982421875,4269.733590087891,DOWN,1.0815812273250331,1.0604849821326323,UP
2023-10-18,4314.60009765625,4241.370401611328,UP,4105.85986328125,4269.9755895996095,DOWN,1.093929154304035,1.0604849821326323,UP
2023-10-19,4278.0,4242.912351074218,UP,4090.330078125,4269.928441162109,DOWN,1.1060923892181873,1.0604849821326323,UP
2023-10-20,4224.16015625,4244.1173022460935,UP,4024.679931640625,4269.418439941406,DOWN,1.1062534849269423,1.0604849821326323,UP
2023-10-23,4217.0400390625,4245.207052001953,UP,4041.75,4268.873190917969,DOWN,1.0962918454195203,1.0604849821326323,UP
2023-10-24,4247.68017578125,4246.4500024414065,UP,4065.3701171875,4268.415041503907,DOWN,1.0803485944594833,1.0604849821326323,UP
2023-10-25,4186.77001953125,4247.429002685547,DOWN,4073.35009765625,4267.910141601563,DOWN,1.09199445172545,1.0604849821326323,UP
2023-10-26,4137.22998046875,4248.470852050781,DOWN,4049.39990234375,4267.285441894532,DOWN,1.096740568355993,1.0604849821326323,UP
2023-10-27,4117.3701171875,4249.563452148437,DOWN,4014.360107421875,4266.885842285156,DOWN,1.0851333937759102,1.0604849821326323,UP
2023-10-30,4166.81982421875,4250.534500732422,DOWN,4028.320068359375,4266.4279431152345,DOWN,1.0806241946256057,1.0604849821326323,UP
2023-10-31,4193.7998046875,4251.404449462891,DOWN,4061.1201171875,4265.979444580078,DOWN,1.074888247078213,1.0604849821326323,UP
2023-11-01,4237.85986328125,4252.508999023437,DOWN,4091.7099609375,4265.67289428711,DOWN,1.0614391449271112,1.0604849821326323,UP
2023-11-02,4317.77978515625,4254.016798095703,UP,4169.6201171875,4265.78044555664,DOWN,1.0618758584396515,1.0604849821326323,UP
2023-11-03,4358.33984375,4255.50634765625,UP,4174.669921875,4265.783895263672,DOWN,1.050474822244878,1.0603399595702552,UP
2023-11-06,4365.97998046875,4256.983447265625,UP,4158.64013671875,4265.6870471191405,DOWN,1.0447589916483924,1.0596031838414708,DOWN
2023-11-07,4378.3798828125,4258.786496582031,UP,4153.3701171875,4265.660748291016,DOWN,1.0222546754504358,1.0589010777315715,DOWN
2023-11-08,4382.77978515625,4260.317395019531,UP,4178.490234375,4265.735948486328,DOWN,1.015176594417775,1.0588295842632078,DOWN
2023-11-09,4347.35009765625,4261.458095703125,UP,4229.2001953125,4266.024749755859,DOWN,1.0228117548849682,1.0582799159542147,DOWN
2023-11-10,4415.240234375,4262.635498046875,UP,4197.35986328125,4265.805948486328,DOWN,1.0149119545187253,1.0574209702248711,DOWN
2023-11-13,4411.5498046875,4264.010847167969,UP,4232.18994140625,4265.6769982910155,DOWN,1.023970699890462,1.0559696084998982,DOWN
2023-11-14,4495.7001953125,4265.933947753906,UP,4291.72021484375,4266.108348388672,DOWN,1.0053544034621116,1.0546308278225378,DOWN
2023-11-15,4502.8798828125,4267.628347167969,UP,4315.52978515625,4266.639447021485,UP,1.0048968822920612,1.0543396121958653,DOWN
2023-11-16,4508.240234375,4269.580249023437,UP,4302.4501953125,4267.105948486328,UP,0.9951540261616134,1.054206188773676,DOWN
2023-11-17,4514.02001953125,4271.742849121094,UP,4340.77001953125,4267.559097900391,UP,1.0055571427857048,1.0534013488043998,DOWN
2023-11-20,4547.3798828125,4274.027448730469,UP,4342.41015625,4268.28144897461,UP,1.0018635163575291,1.052438011306238,DOWN
2023-11-21,4538.18994140625,4276.031948242187,UP,4331.89990234375,4268.734149169922,UP,1.0073313064648017,1.0521023779852072,DOWN
2023-11-22,4556.6201171875,4278.1343994140625,UP,4352.02001953125,4269.300450439453,UP,1.0026713947031707,1.05190144515872,DOWN
2023-11-23,4556.6201171875,4280.179499511719,UP,4361.31982421875,4269.706849365234,UP,1.0026713947031707,1.0515130657676865,DOWN
2023-11-24,4559.33984375,4282.524149169922,UP,4372.10009765625,4270.081148681641,UP,1.00397496940723,1.0509910185837044,DOWN
2023-11-27,4550.43017578125,4284.880849609375,UP,4354.41015625,4270.478599853515,UP,0.9990626366152804,1.0506061180052724,DOWN
2023-11-28,4554.89013671875,4287.259849853515,UP,4348.02001953125,4270.862799072265,UP,0.9981178669076486,1.0499207320560968,DOWN
2023-11-29,4550.580078125,4290.026049804687,UP,4370.52978515625,4271.463448486328,UP,1.000281566565501,1.0491455089881132,DOWN
2023-11-30,4567.7998046875,4292.909798583984,UP,4382.47021484375,4272.161400146484,UP,1.0020171100810085,1.048924376108911,DOWN
2023-12-01,4594.6298828125,4295.82134765625,UP,4418.509765625,4272.963148193359,UP,0.9971218445726812,1.0488703138118973,DOWN
2023-12-04,4569.77978515625,4298.820046386719,UP,4414.9501953125,4274.143800048828,UP,0.997340953634198,1.0487967556476083,DOWN
2023-12-05,4567.18017578125,4301.744747314453,UP,4452.77001953125,4275.16760131836,UP,0.9842721828121574,1.048579992723046,DOWN
2023-12-06,4549.33984375,4304.640697021485,UP,4483.259765625,4276.392000732422,UP,0.974115493258961,1.0479974986982181,DOWN
2023-12-07,4585.58984375,4307.811696777344,UP,4473.77001953125,4277.6821008300785,UP,0.9676393132154573,1.0470497815780397,DOWN
2023-12-08,4604.3701171875,4310.926796875,UP,4523.31005859375,4279.095701904297,UP,0.9700734079457367,1.0464705262610097,DOWN
2023-12-11,4622.43994140625,4313.81079711914,UP,4540.18994140625,4280.322652587891,UP,0.9670776522806053,1.046348599213655,DOWN
2023-12-12,4643.7001953125,4316.787198486328,UP,4536.60986328125,4281.4368029785155,UP,0.9595139703984041,1.0459717427401651,DOWN
2023-12-13,4707.08984375,4320.39079711914,UP,4530.18994140625,4282.69295288086,UP,0.9548772971173793,1.0455789643446571,DOWN
2023-12-14,4719.5498046875,4324.02849609375,UP,4539.16015625,4283.946502685547,UP,0.9683403929250757,1.045220887905483,DOWN
2023-12-15,4719.18994140625,4328.032845458984,UP,4549.43994140625,4285.26310180664,UP,0.9666836415179363,1.044871443459841,DOWN
2023-12-18,4740.56005859375,4332.4276953125,UP,4521.1298828125,4286.721102294922,UP,0.9697039092444089,1.0438629324370226,DOWN
2023-12-19,4768.3701171875,4336.990745849609,UP,4535.39990234375,4288.915401611328,UP,0.9732608691887619,1.042093612530954,DOWN
2023-12-20,4698.35009765625,4340.886046142578,UP,4533.81982421875,4290.687149658203,UP,0.976592983223062,1.0398146572688531,DOWN
2023-12-21,4746.75,4345.160146484375,UP,4524.85986328125,4293.136849365234,UP,0.9724363619566905,1.0383995713981746,DOWN
2023-12-22,4754.6298828125,4349.131895751953,UP,4521.47021484375,4295.15930053711,UP,0.9753849569846571,1.0380397997775692,DOWN
2023-12-26,4774.75,4353.4224462890625,UP,4521.47021484375,4297.4417016601565,UP,0.9773096351877075,1.0371636876917107,DOWN
2023-12-27,4781.580078125,4357.572496337891,UP,4528.3798828125,4299.486501464844,UP,0.9744492941152144,1.036191075599768,DOWN
2023-12-28,4783.35009765625,4361.474896240235,UP,4514.3798828125,4301.150400390625,UP,0.9666720007768913,1.0353804937283808,DOWN
2023-12-29,4769.830078125,4365.639196777343,UP,4521.64990234375,4302.780148925781,UP,0.9680614438303181,1.0349850456515277,DOWN
2024-01-02,4742.830078125,4369.609747314453,UP,4521.64990234375,4304.352697753906,UP,0.9803114403187949,1.0349232460908302,DOWN
2024-01-03,4704.81005859375,4373.27884765625,UP,4448.1298828125,4305.940246582031,UP,0.9973258914615276,1.03408678869287,DOWN
2024-01-04,4688.68017578125,4376.834598388672,UP,4474.009765625,4307.487194824219,UP,0.9963502884268159,1.03310525798321,DOWN
2024-01-05,4697.240234375,4380.464449462891,UP,4463.509765625,4308.963693847656,UP,0.9984101492039031,1.0325700059137675,DOWN
2024-01-08,4763.5400390625,4384.143099365235,UP,4485.47998046875,4310.234743652344,UP,0.9760555399900993,1.0320828793513606,DOWN
2024-01-09,4756.5,4387.671448974609,UP,4467.169921875,4311.143493652344,UP,0.9709137331303305,1.0319376790869383,DOWN
2024-01-10,4783.4501953125,4391.042149658203,UP,4468.97998046875,4311.91314453125,UP,0.9606013836840821,1.0317874952968475,DOWN
2024-01-11,4780.240234375,4394.320802001953,UP,4442.27978515625,4312.569294433593,UP,0.964544981510966,1.0306848065001453,DOWN
2024-01-12,4783.830078125,4397.736951904297,UP,4480.02001953125,4313.392795410156,UP,0.9690864041281431,1.0296161614839359,DOWN
2024-01-15,4783.830078125,4401.204202880859,UP,4454.68017578125,4314.174396972656,UP,0.9690864041281431,1.0281150100388254,DOWN
2024-01-16,4765.97998046875,4404.509002685547,UP,4446.509765625,4314.859694824218,UP,0.9572409698398106,1.0255236096424336,DOWN
2024-01-17,4739.2099609375,4407.659503173828,UP,4403.080078125,4315.327844238282,UP,0.9615129909965777,1.0241530599999775,DOWN
2024-01-18,4780.93994140625,4411.0195031738285,UP,4453.0498046875,4315.9266430664065,UP,0.9562687058031817,1.023391227387715,DOWN
2024-01-19,4839.81005859375,4414.758803710937,UP,4448.830078125,4316.50064453125,UP,0.9483646975964326,1.022533215167702,DOWN
2024-01-22,4850.43017578125,4418.279853515625,UP,4480.31982421875,4317.086042480469,UP,0.9517087656559382,1.0215840074770186,DOWN
2024-01-23,4864.60009765625,4421.914653320313,UP,4465.91015625,4317.461843261719,UP,0.9541134312391736,1.0195055510718172,DOWN
2024-01-24,4868.5498046875,4425.500803222656,UP,4564.10986328125,4318.444343261719,UP,0.9612600817126196,1.017592792455316,DOWN
2024-01-25,4894.16015625,4429.197253417969,UP,4582.259765625,4319.385891113281,UP,0.9708779910307028,1.0164555258628791,DOWN
2024-01-26,4890.97021484375,4432.879504394531,UP,4635.47021484375,4320.595393066406,UP,0.9785924619223525,1.0158138998332245,DOWN
2024-01-29,4927.93017578125,4436.870205078125,UP,4639.35986328125,4321.867893066406,UP,0.9682847627535309,1.0154905823145324,DOWN
2024-01-30,4924.97021484375,4440.827456054688,UP,4662.7001953125,4323.138444824219,UP,0.9818588975946724,1.0150442744682502,DOWN
2024-01-31,4845.64990234375,4444.370505371094,UP,4648.39990234375,4324.3714453125,UP,0.9827795008955057,1.014550779579174,DOWN
2024-02-01,4906.18994140625,4448.543305664062,UP,4638.60009765625,4325.6751953125,UP,0.9682306195692401,1.0135155314891526,DOWN
2024-02-02,4958.60986328125,4453.056405029297,UP,4654.5498046875,4327.20939453125,UP,0.961682484086481,1.0115257098180197,DOWN
2024-02-05,4942.81005859375,4457.093704833985,UP,4655.27001953125,4328.695495605469,UP,0.964409781716653,1.0090648182419786,DOWN
2024-02-06,4954.22998046875,4461.017454833985,UP,4690.8701171875,4330.353295898438,UP,0.9673950083980924,1.0076254908257007,DOWN
2024-02-07,4995.06005859375,4465.153404541015,UP,4678.85009765625,4331.95099609375,UP,0.9639582915060865,1.0068615717912832,DOWN
2024-02-08,4997.91015625,4469.545054931641,UP,4710.77978515625,4334.03064453125,UP,0.9650446513936021,1.0059744899517349,DOWN
2024-02-09,5026.60986328125,4474.224354248046,UP,4715.8701171875,4336.059094238281,UP,0.9533894317649555,1.0054557731239082,DOWN
2024-02-12,5021.83984375,4479.027453613281,UP,4746.35009765625,4338.355695800781,UP,0.9617116848227091,1.0051256428770863,DOWN
2024-02-13,4953.169921875,4483.112053222656,UP,4689.27978515625,4340.0999438476565,UP,0.9686638885326053,1.0044359258496456,DOWN
2024-02-14,5000.6201171875,4487.424553222656,UP,4709.22021484375,4341.902795410157,UP,0.9612400185218973,1.0037516142140168,DOWN
2024-02-15,5029.72998046875,4491.977353515625,UP,4743.169921875,4344.003195800781,UP,0.9703040192782196,1.0031894072808993,DOWN
2024-02-16,5005.56982421875,4496.317001953125,UP,4765.64990234375,4346.297646484375,UP,0.9777445330675556,1.0028505555409948,DOWN
2024-02-19,5005.56982421875,4500.691750488281,UP,4763.06982421875,4348.564245605468,UP,0.9777445330675556,1.0027609751220827,DOWN
2024-02-20,4975.509765625,4504.948898925782,UP,4760.27978515625,4350.7762451171875,UP,0.9795528485089823,1.0026713947031707,DOWN
2024-02-21,4981.7998046875,4509.176499023438,UP,4775.31005859375,4353.070744628906,UP,0.985867882260293,1.0023442523920896,DOWN
2024-02-22,5087.02978515625,4514.0621484375,UP,4855.35986328125,4355.769995117187,UP,0.97417363482718,1.0019403132192688,DOWN
2024-02-23,5088.7998046875,4518.712297363281,UP,4872.56982421875,4358.516694335937,UP,0.9724563197338726,1.001072541461515,DOWN
2024-02-26,5069.52978515625,4523.069697265625,UP,4864.2900390625,4361.221994628906,UP,0.9763246987804681,0.9996721015903907,DOWN
2024-02-27,5078.18017578125,4527.500698242187,UP,4885.740234375,4363.674196777344,UP,0.9735812213406052,0.9987363929095918,DOWN
2024-02-28,5069.759765625,4531.88634765625,UP,4883.77001953125,4366.164897460938,UP,0.9719997175499474,0.9982640080557759,DOWN
2024-02-29,5096.27001953125,4536.639797363281,UP,4877.77001953125,4368.8418481445315,UP,0.9672777337326899,0.9980811405565522,DOWN
2024-03-01,5137.080078125,4541.748996582031,UP,4894.85986328125,4371.997446289062,UP,0.9640554795445714,0.9979750955247236,DOWN
2024-03-04,5130.9501953125,4546.647348632812,UP,4912.919921875,4375.213845214844,UP,0.9628919393473155,0.9976233652390947,DOWN
2024-03-05,5078.64990234375,4551.013347167969,UP,4893.06982421875,4377.991694335938,UP,0.9785187439638033,0.9973334225478627,DOWN
2024-03-06,5104.759765625,4555.5098950195315,UP,4915.490234375,4380.881645507812,UP,0.9796086690524093,0.99732484441441,DOWN
2024-03-07,5157.35986328125,4560.2690942382815,UP,4974.22021484375,4384.294846191407,UP,0.9757525726442438,0.99732484441441,DOWN
2024-03-08,5123.68994140625,4564.988393554688,UP,4961.10986328125,4388.0101953125,UP,0.980445105107365,0.99732484441441,DOWN
2024-03-11,5117.93994140625,4569.472993164062,UP,4930.419921875,4391.374245605469,UP,0.9901962108642253,0.99732484441441,DOWN
2024-03-12,5175.27001953125,4573.937492675781,UP,4983.2001953125,4394.672646484375,UP,0.9813385589969199,0.99732484441441,DOWN
2024-03-13,5165.31005859375,4578.395092773438,UP,5000.5498046875,4398.209194335937,UP,0.9981507946545092,0.9973334225478627,DOWN
2024-03-14,5150.47998046875,4582.7282421875,UP,4993.1201171875,4401.698693847657,UP,1.0044838547290882,0.9973334225478627,DOWN
2024-03-15,5117.08984375,4586.976091308594,UP,4986.02001953125,4405.169243164062,UP,1.015093721375348,0.9973334225478627,UP
2024-03-18,5149.419921875,4591.2535400390625,UP,4982.759765625,4408.594641113281,UP,1.015021139473562,0.9973334225478627,UP
2024-03-19,5178.509765625,4595.651789550781,UP,5007.919921875,4412.185290527344,UP,1.0141652819829303,0.9976233652390947,UP
2024-03-20,5224.6201171875,4600.0802392578125,UP,5000.31005859375,4415.604389648437,UP,1.0083626897253342,0.99801182187582,UP
2024-03-21,5241.52978515625,4604.442839355469,UP,5052.31005859375,4419.128190917969,UP,1.0107002946303172,0.9981343307810788,UP
2024-03-22,5234.18017578125,4608.750791015625,UP,5031.14990234375,4422.404040527344,UP,1.008449121399282,0.9982804719292062,UP
2024-03-25,5218.18994140625,4612.712541503906,UP,5044.18994140625,4425.799389648438,UP,1.0160822823250124,0.9987363929095918,UP
2024-03-26,5203.580078125,4616.682492675781,UP,5064.18017578125,4429.14619140625,UP,1.0161051155197804,0.9996721015903907,UP
2024-03-27,5248.490234375,4620.876994628907,UP,5081.740234375,4432.742993164063,UP,1.0115006800633681,1.001072541461515,UP
2024-03-28,5254.35009765625,4625.2051953125,UP,5083.419921875,4436.444392089844,UP,1.0194651722124102,1.0019403132192688,UP
2024-04-01,5243.77001953125,4629.595595703125,UP,5083.419921875,4440.247741699219,UP,1.0259866448817478,1.0023442523920896,UP
2024-04-02,5205.81005859375,4633.7151953125,UP,5042.0,4443.935390625,UP,1.0408496053877794,1.0026713947031707,UP
2024-04-03,5211.490234375,4638.03099609375,UP,5069.25,4447.923591308594,UP,1.0461635121375716,1.0033231820552002,UP
2024-04-04,5147.2099609375,4642.122946777344,UP,5070.759765625,4451.874541015625,UP,1.053318398057606,1.0042294120681592,UP
2024-04-05,5204.33984375,4646.2525952148435,UP,5014.75,4455.4219921875,UP,1.0546375002864588,1.0046903685105746,UP
2024-04-08,5202.39013671875,4650.380246582031,UP,5046.0498046875,4458.928491210938,UP,1.0486229381625243,1.0051256428770863,UP
2024-04-09,5209.91015625,4654.44759765625,UP,4990.89990234375,4462.109541015625,UP,1.0401785175751166,1.0054557731239082,UP
2024-04-10,5160.64013671875,4657.998898925781,UP,5000.830078125,4465.1182421875,UP,1.0544897609230697,1.0059744899517349,UP
2024-04-11,5199.06005859375,4661.71625,UP,4966.68017578125,4467.960893554688,UP,1.0411472685676362,1.0068615717912832,UP
2024-04-12,5123.41015625,4665.0553515625,UP,4955.009765625,4470.780991210938,UP,1.0429694806737058,1.0076254908257007,UP
2024-04-15,5061.81982421875,4668.1303515625,UP,4984.47998046875,4473.949841308594,UP,1.0550167321482096,1.008141182455967,UP
2024-04-16,5051.41015625,4671.329453125,UP,4916.990234375,4477.4193432617185,UP,1.0538314019956474,1.008405905562308,UP
2024-04-17,5022.2099609375,4674.445751953125,UP,4914.1298828125,4480.8069921875,UP,1.0562711065282973,1.0093295413483196,UP
2024-04-18,5011.1201171875,4677.4537036132815,UP,4936.56982421875,4484.207292480469,UP,1.0619319142580135,1.0104551279638372,UP
2024-04-19,4967.22998046875,4680.0935546875,UP,4918.08984375,4487.36494140625,UP,1.0795187757571223,1.0111004873468428,UP
2024-04-22,5010.60009765625,4682.785754394531,UP,4936.85009765625,4490.246892089844,UP,1.0774123320839133,1.0121710692010253,UP
2024-04-23,5070.5498046875,4685.588303222657,UP,5008.169921875,4493.328942871094,UP,1.067911860831453,1.0135033701608063,UP
2024-04-24,5071.6298828125,4688.419353027344,UP,4989.8798828125,4496.27779296875,UP,1.0614378307424543,1.0145386182508278,UP
2024-04-25,5048.419921875,4691.047502441406,UP,4939.009765625,4499.188891601562,UP,1.065411161403404,1.0149665469961437,UP
2024-04-26,5099.9599609375,4693.77240234375,UP,5006.85009765625,4502.3744921875,UP,1.0570549061072079,1.0150574304244548,UP
2024-04-29,5116.169921875,4696.524650878906,UP,4981.08984375,4505.468542480468,UP,1.0477545037804403,1.0151351578965615,UP
2024-04-30,5035.68994140625,4699.02875,UP,4921.22021484375,4508.205993652344,UP,1.0484090843489524,1.0154905823145324,UP
2024-05-01,5018.39013671875,4701.439001464843,UP,4921.22021484375,4510.855043945313,UP,1.044945518208546,1.0158138998332245,UP
2024-05-02,5064.2001953125,4703.986801757813,UP,4890.60986328125,4513.3929443359375,UP,1.034415437245044,1.0159527558900856,UP
2024-05-03,5127.7900390625,4706.7884521484375,UP,4921.47998046875,4516.043845214844,UP,1.0215232631343458,1.0160936989223965,UP
2024-05-06,5180.740234375,4709.858403320312,UP,4956.9599609375,4519.097895507813,UP,1.0222427723749097,1.01659646889519,UP
2024-05-07,5187.7001953125,4713.109853515625,UP,5016.10009765625,4521.941196289063,UP,1.0252056944629013,1.0182764972415048,UP
2024-05-08,5187.669921875,4716.1370532226565,UP,5038.169921875,4524.799545898438,UP,1.023530795873472,1.0201892558580057,UP
2024-05-09,5214.080078125,4719.262653808593,UP,5038.169921875,4527.633845214844,UP,1.025364796569873,1.0212183013189735,UP
2024-05-10,5222.68017578125,4722.492404785156,UP,5085.080078125,4530.7026953125,UP,1.0251105109337362,1.0218830177546279,UP
2024-05-13,5221.419921875,4726.0325537109375,UP,5078.9599609375,4534.414995117188,UP,1.0223606716796745,1.0222487239126727,UP
2024-05-14,5246.68017578125,4729.75650390625,UP,5080.2900390625,4538.2932958984375,UP,1.0169485490050016,1.0218830177546279,UP
2024-05-15,5308.14990234375,4733.9071044921875,UP,5100.89990234375,4542.133244628906,UP,1.0063324627597088,1.020494217673378,DOWN
2024-05-16,5297.10009765625,4737.800405273438,UP,5072.4501953125,4545.807995605469,UP,1.0085866943694324,1.0182068606087058,DOWN
2024-05-17,5303.27001953125,4741.819855957031,UP,5064.14013671875,4549.684445800781,UP,1.0183738590880653,1.0176612040465334,DOWN
2024-05-20,5308.1298828125,4746.021955566406,UP,5064.14013671875,4553.41849609375,UP,1.013353733070956,1.016526832262391,DOWN
2024-05-21,5321.41015625,4750.284855957031,UP,5046.990234375,4556.733247070312,UP,1.008561927815319,1.0160936989223965,DOWN
2024-05-22,5307.009765625,4754.499655761719,UP,5025.169921875,4560.252446289062,UP,1.0008045593087778,1.0156294383713937,DOWN
2024-05-23,5267.83984375,4758.39025390625,UP,5037.60009765625,4563.789296875,UP,1.0052607066150008,1.0151351578965615,DOWN
2024-05-24,5304.72021484375,4762.724555664063,UP,5035.41015625,4567.523498535156,UP,1.0024926581320865,1.0150574304244548,DOWN
2024-05-27,5304.72021484375,4767.226506347656,UP,5059.2001953125,4571.398149414063,UP,1.0024926581320865,1.0149665469961437,DOWN
2024-05-28,5306.0400390625,4771.9049072265625,UP,5030.35009765625,4575.410749511719,UP,1.006218167059447,1.0145386182508278,DOWN
2024-05-29,5266.9501953125,4776.391108398438,UP,4963.2001953125,4579.161999511719,UP,1.0008647399706811,1.0137595075269432,DOWN
2024-05-30,5235.47998046875,4780.569658203125,UP,4982.18017578125,4582.948549804688,UP,1.0054132408324388,1.0124272065671622,DOWN
2024-05-31,5277.509765625,4785.019458007812,UP,4983.669921875,4586.565048828125,UP,1.0112919522514965,1.0113963161574322,DOWN
2024-06-03,5283.39990234375,4789.256408691406,UP,5003.5400390625,4590.249399414062,UP,0.9978130457981738,1.0109961234409068,DOWN
2024-06-04,5291.33984375,4793.831557617187,UP,4953.3701171875,4593.855148925782,UP,0.9866329131502386,1.009643494499875,DOWN
2024-06-05,5354.02978515625,4798.573156738281,UP,5035.66015625,4597.852199707031,UP,0.9799712802377731,1.0085743110923757,DOWN
2024-06-06,5352.9599609375,4803.17140625,UP,5069.08984375,4601.72919921875,UP,0.9849027603333058,1.0085055246073005,DOWN
2024-06-07,5346.990234375,4807.418208007813,UP,5051.31005859375,4605.3533984375,UP,0.9829247696863213,1.008405905562308,DOWN
2024-06-10,5360.7900390625,4811.647807617188,UP,5016.47998046875,4608.859248046875,UP,0.982647013273613,1.007846998095068,DOWN
2024-06-11,5375.31982421875,4815.986105957031,UP,4965.08984375,4612.199147949219,UP,0.9737211908687146,1.0068318846122553,DOWN
2024-06-12,5421.02978515625,4820.512404785156,UP,5034.43017578125,4615.9580981445315,UP,0.9593104130799215,1.006275314909578,DOWN
2024-06-13,5433.740234375,4825.102255859375,UP,4935.5,4619.236247558594,UP,0.9518913384438064,1.005887654922576,DOWN
2024-06-14,5431.60009765625,4829.776105957031,UP,4839.14013671875,4622.086147460937,UP,0.9472133834222027,1.005485191809072,DOWN
2024-06-17,5473.22998046875,4834.814855957031,UP,4880.419921875,4625.296948242188,UP,0.9438413103185452,1.0053838221472753,DOWN
2024-06-18,5487.02978515625,4839.994304199219,UP,4915.47021484375,4628.76919921875,UP,0.9479227999900904,1.0053075550385562,DOWN
2024-06-19,5487.02978515625,4845.142001953125,UP,4885.4501953125,4632.010500488282,UP,0.9479227999900904,1.005078794453531,DOWN
2024-06-20,5473.169921875,4850.070551757813,UP,4947.72998046875,4635.4775,UP,0.9589542405684124,1.0046903685105746,DOWN
2024-06-21,5464.6201171875,4855.084152832032,UP,4907.2998046875,4638.802648925781,UP,0.9532773830296104,1.0042294120681592,DOWN
2024-06-24,5447.8701171875,4859.986303710937,UP,4950.97998046875,4642.440148925782,UP,0.974828541735672,1.0033231820552002,DOWN
2024-06-25,5469.2998046875,4864.807302246094,UP,4935.97021484375,4645.72125,UP,0.9669749334953637,1.0026713947031707,DOWN
2024-06-26,5477.89990234375,4869.945202636719,UP,4915.93994140625,4648.825700683594,UP,0.9593880334605096,1.0025820264176286,DOWN
2024-06-27,5482.8701171875,4875.091904296875,UP,4902.60009765625,4652.109301757812,UP,0.9568422705534767,1.0024926581320865,DOWN
2024-06-28,5460.47998046875,4880.174553222656,UP,4894.02001953125,4655.365900878906,UP,0.9619148066349411,1.0022548841065475,DOWN
2024-07-01,5475.08984375,4885.539001464844,UP,4929.990234375,4658.635952148437,UP,0.9606455148949526,1.0019403132192688,DOWN
2024-07-02,5509.009765625,4891.434050292969,UP,4906.330078125,4662.1046533203125,UP,0.9549576322012298,1.0013641281641052,DOWN
2024-07-03,5537.02001953125,4897.5188500976565,UP,4965.7998046875,4665.8978515625,UP,0.95050190716234,1.0008346496397293,DOWN
2024-07-04,5537.02001953125,4903.516750488281,UP,4987.47998046875,4669.998400878906,UP,0.95050190716234,1.0005430629371395,DOWN
2024-07-05,5567.18994140625,4909.985051269531,UP,4979.39013671875,4674.249450683594,UP,0.9420512162120563,0.9996721015903907,DOWN
2024-07-08,5572.85009765625,4916.476752929688,UP,4969.830078125,4678.440200195312,UP,0.9342796111589181,0.9987363929095918,DOWN
2024-07-09,5576.97998046875,4922.8631518554685,UP,4903.6201171875,4682.150500488281,UP,0.9289486216988031,0.9982804719292062,DOWN
2024-07-10,5633.91015625,4929.592453613282,UP,4958.85986328125,4686.071499023437,UP,0.9247857950952607,0.9981343307810788,DOWN
2024-07-11,5584.5400390625,4936.073203125,UP,4976.1298828125,4690.2639990234375,UP,0.9397979394582692,0.9979654563529112,DOWN
2024-07-12,5615.35009765625,4943.002702636719,UP,5043.02001953125,4695.00114868164,UP,0.9334475706700051,0.9975769997161859,DOWN
2024-07-15,5631.22021484375,4949.840053710937,UP,4983.10986328125,4699.417447509765,UP,0.9424476743315093,0.9973334225478627,DOWN
2024-07-16,5667.2001953125,4956.885104980469,UP,4947.830078125,4703.657547607422,UP,0.9435119626906865,0.9972238680171044,DOWN
2024-07-17,5588.27001953125,4963.283955078125,UP,4891.4599609375,4707.392696533203,UP,0.9667150022109702,0.9967360664997486,DOWN
2024-07-18,5544.58984375,4969.328603515625,UP,4870.1201171875,4711.1804479980465,UP,0.9653104232554516,0.9957521572942147,DOWN
2024-07-19,5505.0,4975.06240234375,UP,4827.240234375,4714.2904992675785,UP,0.9634522792007262,0.9926751185129193,DOWN
2024-07-22,5564.41015625,4980.999702148438,UP,4897.43994140625,4717.773699951172,UP,0.9491061014163519,0.988414562007232,DOWN
2024-07-23,5555.740234375,4987.030354003906,UP,4916.7998046875,4721.366549072266,UP,0.9471652439273324,0.9862503977052658,DOWN
2024-07-24,5427.1298828125,4992.527104492187,UP,4861.8701171875,4724.995299072266,UP,0.9697706395565384,0.9853853212967993,DOWN
2024-07-25,5399.22021484375,4997.655056152344,UP,4811.27978515625,4728.302398681641,UP,0.9849226493700912,0.9849127048516986,DOWN
2024-07-26,5459.10009765625,5003.0845556640625,UP,4862.5,4731.8532995605465,UP,0.9789295101327851,0.9845874715727316,DOWN
2024-07-29,5463.5400390625,5008.8292553710935,UP,4815.39013671875,4735.400950927735,UP,0.9703946605230614,0.9835984762492394,DOWN
2024-07-30,5436.43994140625,5014.621455078125,UP,4841.0,4739.1543005371095,UP,0.9869312582626023,0.9835984762492394,DOWN
2024-07-31,5522.2998046875,5021.112153320312,UP,4872.93994140625,4743.395600585937,UP,0.9718671998443149,0.9828521352909134,DOWN
2024-08-01,5446.68017578125,5027.260354003906,UP,4872.93994140625,4747.551550292968,UP,0.9730884562169904,0.9827132570845594,DOWN
2024-08-02,5346.56005859375,5032.7547534179685,UP,4638.7001953125,4750.418200683594,DOWN,0.9724055852686246,0.9822529554341427,DOWN
2024-08-05,5186.330078125,5037.752553710938,UP,4571.60009765625,4752.909450683594,DOWN,0.9827336281407677,0.9822529554341427,DOWN
2024-08-06,5240.02978515625,5043.266552734375,UP,4575.22021484375,4755.538552246094,DOWN,0.9751932540869708,0.9815987282957961,DOWN
2024-08-07,5199.5,5048.677202148438,UP,4668.06005859375,4758.807052001953,DOWN,0.9878236325846814,0.9815987282957961,DOWN
2024-08-08,5319.31005859375,5054.439653320313,UP,4668.740234375,4762.009152832031,DOWN,0.9816116640483475,0.9814751115226337,DOWN
2024-08-09,5344.16015625,5060.191455078125,UP,4675.27978515625,4765.079951171875,DOWN,0.9804410861992754,0.9808918320521425,DOWN
2024-08-12,5344.39013671875,5065.724106445313,UP,4671.8798828125,4767.98080078125,DOWN,0.9813098178726901,0.9808774614900275,DOWN
2024-08-13,5434.43017578125,5071.307358398438,UP,4694.919921875,4770.6072998046875,DOWN,0.9593055437876353,0.9804430956533202,DOWN
2024-08-14,5455.2099609375,5076.791708984375,UP,4727.60009765625,4773.371950683594,DOWN,0.9620093103230476,0.9803762632590352,DOWN
2024-08-15,5543.22021484375,5082.67791015625,UP,4807.77001953125,4776.617600097657,DOWN,0.953212751662352,0.980141360278284,DOWN
2024-08-16,5554.25,5088.557260742187,UP,4840.52001953125,4780.053349609375,UP,0.9517602205082667,0.9797899746450912,DOWN
2024-08-19,5608.25,5094.684611816407,UP,4871.41015625,4783.51794921875,UP,0.9437074414966199,0.9795807587806957,DOWN
2024-08-20,5597.1201171875,5100.933461914063,UP,4857.580078125,4786.659848632812,UP,0.9345353998344162,0.9792411793208837,DOWN
2024-08-21,5620.85009765625,5106.961511230469,UP,4885.27978515625,4790.0994482421875,UP,0.9287680560856969,0.9787609860275688,DOWN
2024-08-22,5570.64013671875,5112.756962890625,UP,4885.0,4793.363498535156,UP,0.9432488296566014,0.978555602943078,DOWN
2024-08-23,5634.60986328125,5118.451511230469,UP,4909.2001953125,4796.4508984375,UP,0.941401211896044,0.9781316385156795,DOWN
2024-08-26,5616.83984375,5124.021311035156,UP,4896.68994140625,4799.35669921875,UP,0.9540548755448988,0.9777445330675556,DOWN
2024-08-27,5625.7998046875,5129.609108886719,UP,4898.77978515625,4802.338347167969,UP,0.9504717362623655,0.9775270841276316,DOWN
2024-08-28,5592.18017578125,5134.9999096679685,UP,4913.02978515625,4805.199645996094,UP,0.9543433556989279,0.9769513092053848,DOWN
2024-08-29,5591.9599609375,5140.2228100585935,UP,4966.27001953125,4808.3189453125,UP,0.9669528990157326,0.976458841001765,DOWN
2024-08-30,5648.39990234375,5145.773859863281,UP,4957.97998046875,4811.449345703125,UP,0.9585499821164418,0.9761901193852838,DOWN
2024-09-02,5648.39990234375,5151.232758789062,UP,4973.06982421875,4814.554594726563,UP,0.9585499821164418,0.9759040563171715,DOWN
2024-09-03,5528.93017578125,5156.094309082031,UP,4912.52001953125,4817.310595703125,UP,0.9617684568854948,0.9755687648144504,DOWN
2024-09-04,5520.06982421875,5160.897958984375,UP,4848.18017578125,4819.69099609375,UP,0.9538553605904659,0.9752891055358139,DOWN
2024-09-05,5503.41015625,5165.662858886719,UP,4815.14990234375,4821.994694824219,UP,0.9456894949073882,0.9750108979113215,DOWN
2024-09-06,5408.419921875,5169.9305078125,UP,4738.06005859375,4823.944895019531,DOWN,0.9515910713656888,0.9746389179254432,DOWN
2024-09-09,5471.0498046875,5174.532856445312,UP,4778.66015625,4825.985546875,DOWN,0.9464423541291425,0.9743114644711972,DOWN
2024-09-10,5495.52001953125,5179.171457519531,UP,4747.2001953125,4827.8091967773435,DOWN,0.9238548689683292,0.9741445640430705,DOWN
2024-09-11,5554.1298828125,5183.968957519532,UP,4763.580078125,4829.534548339844,DOWN,0.9067248154470282,0.9739183420638378,DOWN
2024-09-12,5595.759765625,5189.098857421875,UP,4814.080078125,4831.530197753907,DOWN,0.9086534561032787,0.9736512061046598,DOWN
2024-09-13,5626.02001953125,5194.393056640625,UP,4843.990234375,4833.486298828125,DOWN,0.9065396672942668,0.9734210452646835,DOWN
2024-09-16,5633.08984375,5199.811806640625,UP,4827.6298828125,4835.208149414062,DOWN,0.9165093696092909,0.9731746627028761,DOWN
2024-09-17,5634.580078125,5205.0567578125,UP,4860.77978515625,4837.143198242187,DOWN,0.9241921905952217,0.9731746627028761,DOWN
2024-09-18,5618.259765625,5210.126206054688,UP,4835.2998046875,4838.703146972656,DOWN,0.9275292936915273,0.9731746627028761,DOWN
2024-09-19,5713.64013671875,5215.58220703125,UP,4943.3798828125,4840.719096679688,UP,0.923951493685775,0.9731746627028761,DOWN
2024-09-20,5702.5498046875,5220.876455078125,UP,4871.5400390625,4842.3937475585935,UP,0.9207919005048418,0.9731746627028761,DOWN
2024-09-23,5718.56982421875,5225.933854980469,UP,4885.56982421875,4844.170646972656,UP,0.9200026835780742,0.9731746627028761,DOWN
2024-09-24,5732.93017578125,5231.000756835938,UP,4940.72021484375,4846.178447265625,UP,0.9189075044697541,0.9731746627028761,DOWN
2024-09-25,5722.259765625,5236.016105957031,UP,4916.89013671875,4848.015698242188,UP,0.9082613777594856,0.9731746627028761,DOWN
2024-09-26,5745.3701171875,5241.04015625,UP,5032.58984375,4850.572998046875,UP,0.9016634751225462,0.9731746627028761,DOWN
2024-09-27,5738.169921875,5245.889155273438,UP,5067.4501953125,4853.233249511719,UP,0.9107674862100513,0.9727723879754315,DOWN
2024-09-30,5762.47998046875,5251.2098046875,UP,5000.4501953125,4855.566401367188,UP,0.9102210056709086,0.9724463408452815,DOWN
2024-10-01,5708.75,5256.0198046875,UP,4954.14990234375,4857.7128515625,UP,0.9289071120971598,0.9724309525012487,DOWN
2024-10-02,5709.5400390625,5260.79435546875,UP,4963.2900390625,4859.921950683593,UP,0.9333824456628192,0.9722026514092861,DOWN
2024-10-03,5699.93994140625,5265.420305175781,UP,4921.330078125,4861.92125,UP,0.9416655854950571,0.9719334586971311,DOWN
2024-10-04,5751.06982421875,5270.26775390625,UP,4954.93994140625,4864.054050292969,UP,0.9433385791767823,0.9713904664873227,DOWN
2024-10-07,5695.93994140625,5274.830703125,UP,4969.7099609375,4866.330700683594,UP,0.9550874442675049,0.9713904664873227,DOWN
2024-10-08,5751.1298828125,5279.737202148437,UP,4949.0,4868.467451171875,UP,0.9322154399841677,0.9713904664873227,DOWN
2024-10-09,5792.0400390625,5284.983251953125,UP,4982.56982421875,4870.77205078125,UP,0.930873621412517,0.9708958620805166,DOWN
2024-10-10,5780.0498046875,5290.359450683593,UP,4970.33984375,4873.383100585937,UP,0.9395601147156613,0.9706363257768822,DOWN
2024-10-11,5815.02978515625,5295.991198730469,UP,5003.919921875,4876.032651367187,UP,0.9453600440268496,0.9703493399006405,DOWN
2024-10-14,5859.85009765625,5301.804248046875,UP,5041.009765625,4878.920151367188,UP,0.9359992808119544,0.970037329417379,DOWN
2024-10-15,5815.259765625,5307.062846679688,UP,4946.72998046875,4881.2264013671875,UP,0.9273276263318498,0.9694285218423407,DOWN
2024-10-16,5842.47021484375,5312.492697753906,UP,4908.7099609375,4883.4341015625,UP,0.9259508820010143,0.9690864041281431,DOWN
2024-10-17,5841.47021484375,5317.7827978515625,UP,4947.2998046875,4885.825700683594,UP,0.9299239568606028,0.9690864041281431,DOWN
2024-10-18,5864.669921875,5323.204946289063,UP,4986.27001953125,4888.545651855468,UP,0.9244735144605982,0.9690864041281431,DOWN
2024-10-21,5853.97998046875,5328.555695800781,UP,4941.22021484375,4890.8516528320315,UP,0.9246402611128544,0.9688751463303742,DOWN
2024-10-22,5851.2001953125,5333.892546386719,UP,4939.31005859375,4893.274802246094,UP,0.9282570196663888,0.9684743256430681,DOWN
2024-10-23,5797.419921875,5339.04974609375,UP,4922.5498046875,4895.655002441406,UP,0.9318322284974725,0.9684743256430681,DOWN
2024-10-24,5809.85986328125,5344.402995605469,UP,4935.4501953125,4898.316853027343,UP,0.9204252748229961,0.9684743256430681,DOWN
2024-10-25,5808.1201171875,5349.538896484375,UP,4943.08984375,4900.767053222657,UP,0.9182653583142041,0.9684743256430681,DOWN
2024-10-28,5823.52001953125,5354.457446289062,UP,4969.830078125,4903.372053222656,UP,0.9136533307895348,0.9684743256430681,DOWN
2024-10-29,5832.919921875,5359.369895019531,UP,4950.02001953125,4905.720554199219,UP,0.9065391183253384,0.9684743256430681,DOWN
2024-10-30,5813.669921875,5364.115244140625,UP,4885.75,4907.819753417969,UP,0.9175975401134048,0.9684743256430681,DOWN
2024-10-31,5705.4501953125,5368.29974609375,UP,4827.6298828125,4909.137353515625,DOWN,0.9324957757203906,0.9684743256430681,DOWN
2024-11-01,5728.7998046875,5372.472944335937,UP,4877.75,4910.6148046875,DOWN,0.9260092726408069,0.9682576911613855,DOWN
2024-11-04,5712.68994140625,5376.58154296875,UP,4852.10009765625,4911.697954101563,DOWN,0.9352023257828288,0.9678128139836663,DOWN
2024-11-05,5782.759765625,5380.855690917969,UP,4870.330078125,4912.852805175781,DOWN,0.92686994526052,0.9673363710653912,DOWN
2024-11-06,5929.0400390625,5385.876040039063,UP,4800.6298828125,4913.542453613281,DOWN,0.9391923317933923,0.9671263336140268,DOWN
2024-11-07,5973.10009765625,5391.513291015625,UP,4851.9599609375,4914.56025390625,DOWN,0.9245452603007203,0.9669639162555481,DOWN
2024-11-08,5995.5400390625,5396.960041503906,UP,4802.759765625,4915.3810522460935,DOWN,0.9157793785210774,0.9668339506133514,DOWN
2024-11-11,6001.35009765625,5402.173742675781,UP,4854.02978515625,4916.378452148438,DOWN,0.9144158398309914,0.9668339506133514,DOWN
2024-11-12,5983.990234375,5407.379643554687,UP,4744.68994140625,4916.825551757813,DOWN,0.9144315081966478,0.9668339506133514,DOWN
2024-11-13,5985.3798828125,5412.535393066406,UP,4740.33984375,4917.072900390625,DOWN,0.91499913003958,0.9660127127332109,DOWN
2024-11-14,5949.169921875,5417.305942382813,UP,4833.52978515625,4917.846298828125,DOWN,0.9208473368829333,0.9660127127332109,DOWN
2024-11-15,5870.6201171875,5421.6694921875,UP,4794.85009765625,4918.266650390625,DOWN,0.9285811904672671,0.9660127127332109,DOWN
2024-11-18,5893.6201171875,5426.004543457031,UP,4790.330078125,4918.638950195313,DOWN,0.9330553686347917,0.9660127127332109,DOWN
2024-11-19,5916.97998046875,5430.480244140625,UP,4751.22998046875,4918.663349609375,DOWN,0.9247202969023293,0.9660127127332109,DOWN
2024-11-20,5917.10986328125,5435.299943847656,UP,4729.7099609375,4918.865500488281,DOWN,0.9304170064342856,0.9646829514000115,DOWN
2024-11-21,5948.7099609375,5440.040393066406,UP,4755.830078125,4919.0985498046875,DOWN,0.9319672420046461,0.9646829514000115,DOWN
2024-11-22,5969.33984375,5444.7384423828125,UP,4789.080078125,4919.328100585937,DOWN,0.9317479866079251,0.9637538793726488,DOWN
2024-11-25,5987.3701171875,5449.647443847656,UP,4799.8701171875,4919.499201660156,DOWN,0.9211906595935103,0.9631721092740209,DOWN
2024-11-26,6021.6298828125,5454.727744140625,UP,4761.990234375,4919.493803710938,DOWN,0.914139109798935,0.9624506248351816,DOWN
2024-11-27,5998.740234375,5459.843896484375,UP,4733.14990234375,4919.358154296875,DOWN,0.9185504187096469,0.9619620584789943,DOWN
2024-11-28,5998.740234375,5464.928598632812,UP,4758.64990234375,4919.274853515625,DOWN,0.9185504187096469,0.961841631760218,DOWN
2024-11-29,6032.3798828125,5469.655349121093,UP,4804.39990234375,4919.020053710938,DOWN,0.9157616825096554,0.9612069858902237,DOWN
2024-12-02,6047.14990234375,5474.447099609375,UP,4846.72998046875,4918.890854492188,DOWN,0.9078139698654597,0.9600167741777311,DOWN
2024-12-03,6049.8798828125,5479.348850097656,UP,4878.509765625,4918.961953125,DOWN,0.9084460907878916,0.9593492232702155,DOWN
2024-12-04,6086.490234375,5484.390400390625,UP,4919.02001953125,4919.128352050781,DOWN,0.8885750124864122,0.9593079784337784,DOWN
2024-12-05,6075.10986328125,5489.417150878906,UP,4951.580078125,4919.46740234375,DOWN,0.8874105416456615,0.9591298921780238,DOWN
2024-12-06,6090.27001953125,5494.387150878906,UP,4977.77978515625,4919.967451171875,UP,0.8749643932832097,0.9587521113424271,DOWN
2024-12-09,6052.85009765625,5498.966000976562,UP,4985.4599609375,4920.420451660157,UP,0.8776107281229308,0.9585499821164418,DOWN
2024-12-10,6034.91015625,5503.48580078125,UP,4951.740234375,4920.6145532226565,UP,0.8816309869878209,0.9576961263349593,DOWN
2024-12-11,6084.18994140625,5508.513500976563,UP,4959.35009765625,4920.9459545898435,UP,0.8756644208949952,0.9559648574104909,DOWN
2024-12-12,6051.25,5513.245952148438,UP,4965.52978515625,4921.19615234375,UP,0.8745947509146393,0.9550225382343673,DOWN
2024-12-13,6051.08984375,5517.714602050782,UP,4967.9501953125,4921.164802246094,UP,0.8692451228224565,0.9546504939500788,DOWN
2024-12-16,6074.080078125,5522.466552734375,UP,4947.02978515625,4921.094401855469,UP,0.8544864038307812,0.9541991156219134,DOWN
2024-12-17,6050.60986328125,5527.12990234375,UP,4942.580078125,4921.155202636719,UP,0.851002337128168,0.9539551180676824,DOWN
2024-12-18,5872.16015625,5530.614353027344,UP,4957.27978515625,4921.025600585937,UP,0.8602732908335594,0.9535663718100382,DOWN
2024-12-19,5867.080078125,5534.123203125,UP,4879.0,4920.4178515625,UP,0.8581791139289034,0.9532450673459811,DOWN
2024-12-20,5930.85009765625,5538.025053710938,UP,4862.27978515625,4919.763649902344,DOWN,0.8573850343308422,0.9525520450530791,DOWN
2024-12-23,5974.06982421875,5542.309953613281,UP,4852.93017578125,4919.098200683594,DOWN,0.8542423140038468,0.9518257794760365,DOWN
2024-12-24,6040.0400390625,5546.7630541992185,UP,4852.93017578125,4918.449052734375,DOWN,0.8502226685993028,0.9516756459369777,DOWN
2024-12-26,6037.58984375,5551.058454589844,UP,4852.93017578125,4917.674104003906,DOWN,0.8505870878340536,0.9510464892640144,DOWN
2024-12-27,5970.83984375,5554.789553222657,UP,4898.8798828125,4917.166953125,DOWN,0.8591274605189272,0.95050190716234,DOWN
2024-12-30,5906.93994140625,5558.116604003906,UP,4869.27978515625,4916.251801757812,DOWN,0.8659966683165801,0.9504868217123528,DOWN
2024-12-31,5881.6298828125,5561.353852539062,UP,4869.27978515625,4915.442451171875,DOWN,0.8757673524739421,0.9497889188393587,DOWN
2025-01-02,5868.5498046875,5564.605651855469,UP,4869.27978515625,4914.567900390625,DOWN,0.8831283605234977,0.9485144507032212,DOWN
2025-01-03,5942.47021484375,5568.300102539062,UP,4871.4501953125,4913.604250488282,DOWN,0.8726528602327087,0.9479227999900904,DOWN
2025-01-06,5975.3798828125,5571.93455078125,UP,4986.64013671875,4913.12875,UP,0.8698714967749621,0.9475680917061466,DOWN
2025-01-07,5909.02978515625,5575.20794921875,UP,5011.81982421875,4912.770749511718,UP,0.8867121915052764,0.9471893136747676,DOWN
2025-01-08,5918.25,5578.580349121094,UP,4996.39013671875,4912.335600585938,UP,0.8872466692535881,0.9468037990282374,DOWN
2025-01-09,5918.25,5582.142548828125,UP,5017.91015625,4912.215151367188,UP,0.8872466692535881,0.9460659245182653,DOWN
2025-01-10,5827.0400390625,5585.2202978515625,UP,4977.259765625,4911.755200195313,UP,0.9006579719320796,0.9455247694671189,DOWN
2025-01-13,5836.22021484375,5588.665349121094,UP,4954.2099609375,4911.172451171875,UP,0.9151163825667179,0.9446006771726974,DOWN
2025-01-14,5842.91015625,5591.858200683594,UP,4980.47021484375,4911.001052246093,UP,0.9201560442515256,0.9437743759075825,DOWN
2025-01-15,5949.91015625,5595.59580078125,UP,5032.31005859375,4910.932353515625,UP,0.9185796687542661,0.9436097020936531,DOWN
2025-01-16,5937.33984375,5599.23294921875,UP,5106.93017578125,4911.512504882812,UP,0.9208979981103665,0.9434252709337344,DOWN
2025-01-17,5996.66015625,5603.413049316407,UP,5148.2998046875,4912.249853515625,UP,0.915958234593164,0.9432937044166918,DOWN
2025-01-20,5996.66015625,5607.401049804687,UP,5164.43994140625,4913.23865234375,UP,0.915958234593164,0.9428482519940553,DOWN
2025-01-21,6049.240234375,5612.030200195312,UP,5165.9599609375,4914.293403320313,UP,0.908082512065381,0.9422494452717829,DOWN
2025-01-22,6086.3701171875,5617.152951660156,UP,5205.830078125,4915.400153808594,UP,0.8977695915403866,0.9418584008535567,DOWN
2025-01-23,6118.7099609375,5622.4894506835935,UP,5217.5,4916.9027026367185,UP,0.8968665262341654,0.9415333986955505,DOWN
2025-01-24,6101.240234375,5627.884602050781,UP,5219.3701171875,4918.4289038085935,UP,0.8977420191241465,0.9405995756771566,DOWN
2025-01-27,6012.27978515625,5632.890400390625,UP,5188.4501953125,4919.688305664063,UP,0.912453520759727,0.9396790270869653,DOWN
2025-01-28,6067.7001953125,5638.392751464844,UP,5195.7099609375,4921.07640625,UP,0.9021435630074087,0.9393762232545269,DOWN
2025-01-29,6039.31005859375,5643.536301269532,UP,5230.66015625,4922.545456542969,UP,0.9076976901535962,0.9375958063026734,DOWN
2025-01-30,6071.169921875,5648.539401855469,UP,5282.2099609375,4923.9156567382815,UP,0.9054295915632615,0.9356008032973916,DOWN
2025-01-31,6040.52978515625,5653.383901367188,UP,5286.8701171875,4925.400607910156,UP,0.897992234384669,0.9348688628086226,DOWN
2025-02-03,5994.56982421875,5658.114650878906,UP,5217.91015625,4926.795109863281,UP,0.908617324533992,0.9344075054966672,DOWN
2025-02-04,6037.8798828125,5662.8042504882815,UP,5264.58984375,4928.08380859375,UP,0.9085345455535943,0.9338635909144616,DOWN
2025-02-05,6061.47998046875,5667.53080078125,UP,5271.1201171875,4929.533959960938,UP,0.9048676070190491,0.9334150081664121,DOWN
2025-02-06,6083.56982421875,5672.770200195312,UP,5356.6298828125,4931.711008300781,UP,0.8993500680981624,0.9332189071488055,DOWN
2025-02-07,6025.990234375,5677.808200683594,UP,5325.39990234375,4933.731906738281,UP,0.9051219286210215,0.9327755721775911,DOWN
2025-02-10,6066.43994140625,5682.819399414063,UP,5358.2998046875,4936.070356445312,UP,0.9059609184692299,0.9323556078522791,DOWN
2025-02-11,6068.5,5687.52294921875,UP,5390.91015625,4938.417507324219,UP,0.9130248994562845,0.9320913409944069,DOWN
2025-02-12,6051.97021484375,5691.8790991210935,UP,5405.64990234375,4940.66095703125,UP,0.9034120841149267,0.9318997352510593,DOWN
2025-02-13,6115.06982421875,5696.515947265625,UP,5500.5,4943.0829565429685,UP,0.9007842146965981,0.9317901075526989,DOWN
2025-02-14,6114.6298828125,5701.150747070313,UP,5493.39990234375,4945.359106445312,UP,0.9019498141962683,0.931310804010221,DOWN
2025-02-17,6114.6298828125,5705.65349609375,UP,5519.830078125,4947.767407226563,UP,0.9019498141962683,0.9306453139234012,DOWN
2025-02-18,6129.580078125,5710.187995605469,UP,5533.83984375,4950.011206054687,UP,0.9084920640719796,0.9301704816474442,DOWN
2025-02-19,6144.14990234375,5714.801645507812,UP,5461.169921875,4951.922255859375,UP,0.9095367336002854,0.929436289279703,DOWN
2025-02-20,6117.52001953125,5719.1558447265625,UP,5461.02978515625,4953.825954589844,UP,0.911365377815307,0.9289278668979815,DOWN
2025-02-21,6013.1298828125,5722.680744628906,UP,5474.85009765625,4955.695705566406,UP,0.9142429018786108,0.9288375840914284,DOWN
2025-02-24,5983.25,5726.111494140625,UP,5453.759765625,4957.602253417968,UP,0.9208241822126324,0.928674623276482,DOWN
2025-02-25,5955.25,5729.371394042969,UP,5447.89990234375,4959.521052246094,UP,0.9209693269462008,0.928419105066828,DOWN
2025-02-26,5956.06005859375,5732.611044921875,UP,5527.990234375,4961.840302734375,UP,0.9142332952731873,0.9278931566789581,DOWN
2025-02-27,5861.56982421875,5735.311843261718,UP,5472.56005859375,4963.968151855469,UP,0.936404684233893,0.9278931566789581,DOWN
2025-02-28,5954.5,5738.549294433594,UP,5463.5400390625,4966.1600024414065,UP,0.9337510997418418,0.9278931566789581,DOWN
2025-03-03,5849.72021484375,5741.458696289063,UP,5540.68994140625,4968.675451660156,UP,0.9305039472605798,0.9278931566789581,DOWN
2025-03-04,5778.14990234375,5743.8258447265625,UP,5387.31005859375,4970.434951171875,UP,0.9262866265857345,0.9274284600116885,DOWN
2025-03-05,5842.6298828125,5746.515393066406,UP,5489.1201171875,4972.58455078125,UP,0.917570409354136,0.927098785796185,DOWN
2025-03-06,5738.52001953125,5748.67779296875,UP,5520.47021484375,4975.035151367188,UP,0.9371776678705251,0.927098785796185,UP
2025-03-07,5770.2001953125,5751.19404296875,UP,5468.41015625,4977.561201171875,UP,0.935397500935039,0.927098785796185,UP
2025-03-10,5614.56005859375,5753.089443359375,DOWN,5386.97998046875,4979.585200195313,UP,0.9537391018892337,0.927098785796185,UP
2025-03-11,5572.06982421875,5754.562243652344,DOWN,5309.89990234375,4981.216350097657,UP,0.9558331889186086,0.927098785796185,UP
2025-03-12,5599.2998046875,5756.141743164062,DOWN,5359.419921875,4982.995749511719,UP,0.9501390515447838,0.927098785796185,UP
2025-03-13,5521.52001953125,5757.292644042969,DOWN,5328.39013671875,4984.870849609375,UP,0.9627300108009106,0.927098785796185,UP
2025-03-14,5638.93994140625,5758.7171948242185,DOWN,5404.18017578125,4986.713449707031,UP,0.9585438497057972,0.927098785796185,UP
2025-03-17,5675.1201171875,5760.3279956054685,DOWN,5445.5498046875,4988.595749511719,UP,0.9641269862208008,0.927098785796185,UP
2025-03-18,5614.66015625,5761.666345214844,DOWN,5485.009765625,4990.764248046875,UP,0.9767085666357395,0.927098785796185,UP
2025-03-19,5675.2900390625,5763.238845214843,DOWN,5507.35986328125,4993.218647460937,UP,0.975464191888515,0.927098785796185,UP
2025-03-20,5662.89013671875,5764.676696777344,DOWN,5450.93017578125,4995.647849121094,UP,0.9792482061520987,0.927098785796185,UP
2025-03-21,5667.56005859375,5765.909348144532,DOWN,5423.830078125,4997.5948486328125,UP,0.9731365768241287,0.927098785796185,UP
2025-03-24,5767.56982421875,5767.57849609375,DOWN,5415.7900390625,4999.996298828125,UP,0.9645267682143446,0.927098785796185,UP
2025-03-25,5776.64990234375,5769.303745117188,DOWN,5475.080078125,5003.175998535156,UP,0.967930501562433,0.927098785796185,UP
2025-03-26,5712.2001953125,5770.498596191406,DOWN,5411.68994140625,5005.832348632813,UP,0.9801698840234775,0.927098785796185,UP
2025-03-27,5693.31005859375,5771.529997558594,DOWN,5381.080078125,5008.160397949218,UP,0.980616677389404,0.927098785796185,UP
2025-03-28,5580.93994140625,5771.999548339843,DOWN,5331.39990234375,5010.390146484375,UP,0.9878092328453844,0.927098785796185,UP
2025-03-31,5611.85009765625,5772.69294921875,DOWN,5248.39013671875,5011.893447265625,UP,0.9954738203859742,0.927098785796185,UP
2025-04-01,5633.06982421875,5773.535197753907,DOWN,5320.2998046875,5013.958447265625,UP,0.9915662853254285,0.927098785796185,UP
2025-04-02,5670.97021484375,5774.650698242188,DOWN,5303.9501953125,5015.7232983398435,UP,0.9870062661815674,0.927098785796185,UP
2025-04-03,5396.52001953125,5774.286799316406,DOWN,5113.27978515625,5016.609846191406,UP,0.9807645868577293,0.927098785796185,UP
2025-04-04,5074.080078125,5772.2677001953125,DOWN,4878.31005859375,5016.421696777344,DOWN,0.9643623952327489,0.927098785796185,UP
2025-04-07,5062.25,5770.164599609375,DOWN,4656.41015625,5015.190747070313,DOWN,0.9622438691382605,0.927098785796185,UP
2025-04-08,4982.77001953125,5767.776049804687,DOWN,4773.64990234375,5014.588896484375,DOWN,0.9621441952468173,0.927098785796185,UP
2025-04-09,5456.89990234375,5767.685100097657,DOWN,4622.14013671875,5013.049645996094,DOWN,0.9357261043452387,0.927098785796185,UP
2025-04-10,5268.0498046875,5766.480300292968,DOWN,4818.919921875,5012.612595214844,DOWN,0.9317655264155935,0.927098785796185,UP
2025-04-11,5363.35986328125,5765.611999511719,DOWN,4787.22998046875,5011.71974609375,DOWN,0.9378505291790756,0.927098785796185,UP
2025-04-14,5405.97021484375,5764.956750488282,DOWN,4911.39013671875,5011.339296875,DOWN,0.933945313850614,0.927098785796185,UP
2025-04-15,5396.6298828125,5764.103950195313,DOWN,4970.43017578125,5011.294497070313,DOWN,0.9325917615032181,0.927098785796185,UP
2025-04-16,5275.7001953125,5762.618200683593,DOWN,4966.5,5011.277846679687,DOWN,0.9541779718415249,0.927098785796185,UP
2025-04-17,5282.7001953125,5761.146801757813,DOWN,4935.33984375,5011.4364453125,DOWN,0.9621316881348404,0.927098785796185,UP
2025-04-21,5158.2001953125,5758.768251953125,DOWN,4935.33984375,5011.318845214843,DOWN,0.967820571007999,0.9274284600116885,UP
2025-04-22,5287.759765625,5757.284350585937,DOWN,4961.4501953125,5011.245446777344,DOWN,0.9644245476369246,0.9274284600116885,UP
2025-04-23,5375.85986328125,5756.086899414063,DOWN,5098.740234375,5011.5240478515625,UP,0.9473385867319013,0.9274284600116885,UP
2025-04-24,5484.77001953125,5755.3546484375,DOWN,5114.97998046875,5012.1833984375,UP,0.9407738282792977,0.9274284600116885,UP
2025-04-25,5525.2099609375,5754.644697265625,DOWN,5154.1201171875,5013.214848632812,UP,0.9280501038010792,0.9274284600116885,UP
2025-04-28,5528.75,5754.347097167969,DOWN,5170.490234375,5014.61,UP,0.9291475348143404,0.9274284600116885,UP
2025-04-29,5560.830078125,5754.428298339843,DOWN,5161.89990234375,5016.0688989257815,UP,0.9239223974766488,0.927098785796185,UP
2025-04-30,5569.06005859375,5754.748598632813,DOWN,5160.22021484375,5017.733798828125,UP,0.9141768098143138,0.9265782859231273,DOWN
2025-05-01,5604.14013671875,5754.947248535156,DOWN,5160.22021484375,5019.047700195312,UP,0.907780954136835,0.9261479496132707,DOWN
2025-05-02,5686.669921875,5755.6018969726565,DOWN,5285.18994140625,5020.889650878907,UP,0.9079363072965863,0.9259800773209106,DOWN
2025-05-05,5650.3798828125,5756.7181469726565,DOWN,5283.0498046875,5022.995549316406,UP,0.9036437906547453,0.9253355894516717,DOWN
2025-05-06,5606.91015625,5757.756596679687,DOWN,5263.3798828125,5025.256049804688,UP,0.9085304374374058,0.9246802790075919,DOWN
2025-05-07,5631.27978515625,5758.617495117188,DOWN,5230.18994140625,5027.094499511719,UP,0.9007315275760321,0.9245927607067873,DOWN
2025-05-08,5663.93994140625,5759.619494628906,DOWN,5288.93994140625,5029.4622485351565,UP,0.9065778691665882,0.9245093873806592,DOWN
2025-05-09,5659.91015625,5760.736845703125,DOWN,5309.740234375,5031.805949707032,UP,0.9096965390934221,0.92433285252791,DOWN
2025-05-12,5844.18994140625,5762.346296386719,UP,5392.35986328125,5034.403049316406,UP,0.8986251353145019,0.9240718421404983,DOWN
2025-05-13,5886.5498046875,5764.54564453125,UP,5416.2099609375,5037.119399414062,UP,0.8965616402945285,0.9239369455812119,DOWN
2025-05-14,5892.580078125,5767.275744628906,UP,5403.43994140625,5040.943098144531,UP,0.889869555552381,0.923888633222489,DOWN
2025-05-15,5916.93017578125,5770.928745117188,UP,5412.080078125,5045.145498046875,UP,0.8875629206802278,0.9225227642809197,DOWN
2025-05-16,5958.3798828125,5774.520495605469,UP,5427.52978515625,5049.407045898438,UP,0.8828041054778866,0.9210799932698556,DOWN
2025-05-19,5963.60009765625,5778.34099609375,UP,5427.22998046875,5053.202895507812,UP,0.8793992575441892,0.9209336625282837,DOWN
2025-05-20,5940.4599609375,5781.446745605469,UP,5454.64990234375,5057.132443847656,UP,0.8803045062468313,0.9208726674966499,DOWN
2025-05-21,5844.60986328125,5783.948994140625,UP,5454.4599609375,5061.028344726563,UP,0.8855210429943856,0.9208357595477829,DOWN
2025-05-22,5842.009765625,5786.437092285156,UP,5424.47998046875,5064.791345214844,UP,0.8840679162142541,0.9208080413587372,DOWN
2025-05-23,5802.81982421875,5788.279040527344,UP,5326.31005859375,5067.948295898437,UP,0.8895982371249554,0.920608587663919,DOWN
2025-05-26,5802.81982421875,5790.01708984375,UP,5395.330078125,5071.286945800781,UP,0.8895982371249554,0.9202906595372609,DOWN
2025-05-27,5921.5400390625,5791.908688964843,UP,5415.4501953125,5074.325346679688,UP,0.8784442806543705,0.9200793639147999,DOWN
2025-05-28,5888.5498046875,5793.580187988281,UP,5378.39013671875,5077.014697265625,UP,0.8757903286044239,0.9194550940239141,DOWN
2025-05-29,5912.169921875,5795.099787597656,UP,5378.39013671875,5079.549597167968,UP,0.8761224995449391,0.9187435866120102,DOWN
2025-05-30,5911.68994140625,5796.67263671875,UP,5366.58984375,5082.094645996094,UP,0.8736083735661003,0.9185650437319566,DOWN
2025-06-02,5935.93994140625,5798.2480859375,UP,5355.56005859375,5084.446047363282,UP,0.8780943737274,0.9185504187096469,DOWN
2025-06-03,5970.3701171875,5800.2467358398435,UP,5375.7001953125,5086.899548339844,UP,0.8785623488758583,0.9184078885119256,DOWN
2025-06-04,5970.81005859375,5801.927736816407,UP,5405.14990234375,5089.379296875,UP,0.8733807700486453,0.9179314492138044,DOWN
2025-06-05,5939.2998046875,5803.540036621093,UP,5410.5498046875,5091.948596191406,UP,0.8801665019096225,0.9175839747337704,DOWN
2025-06-06,6000.35986328125,5805.412836914063,UP,5430.169921875,5094.605546875,UP,0.8828091749187927,0.9170398894817134,DOWN
2025-06-09,6005.8798828125,5807.481335449219,UP,5430.169921875,5097.191247558594,UP,0.8806100553359271,0.9162338021012274,DOWN
2025-06-10,6038.81005859375,5809.7155859375,UP,5415.3798828125,5099.436796875,UP,0.8804437993339038,0.915958234593164,DOWN
2025-06-11,6022.240234375,5811.584787597656,UP,5393.14990234375,5101.612646484375,UP,0.889283777679111,0.9158688065571207,DOWN
2025-06-12,6045.259765625,5813.569086914063,UP,5360.81982421875,5103.551396484375,UP,0.8867341549642771,0.9157705305153664,DOWN
2025-06-13,5976.97021484375,5815.809287109375,UP,5290.47021484375,5105.441147460938,UP,0.9004499776926291,0.9154390325381867,DOWN
2025-06-16,6033.10986328125,5818.374487304687,UP,5339.56982421875,5107.898095703125,UP,0.8950626566647878,0.915057756303149,DOWN
2025-06-17,5982.72021484375,5820.771037597657,UP,5288.68017578125,5110.2657470703125,UP,0.9077002981032314,0.9147153191181139,DOWN
2025-06-18,5980.8701171875,5823.633288574219,UP,5266.91015625,5112.909997558594,UP,0.9043054411997065,0.9144236740138196,DOWN
2025-06-19,5980.8701171875,5826.182390136719,UP,5197.02978515625,5115.001845703125,UP,0.9043054411997065,0.914329370854801,DOWN
2025-06-20,5967.83984375,5828.543989257812,UP,5233.580078125,5117.433745117188,UP,0.9088276081743968,0.9142380985758991,DOWN
2025-06-23,6025.169921875,5830.899189453125,UP,5221.89990234375,5119.725344238282,UP,0.8860157928267894,0.9142380985758991,DOWN
2025-06-24,6092.18017578125,5833.381291503906,UP,5297.06982421875,5122.14029296875,UP,0.8735719897117596,0.9142380985758991,DOWN
2025-06-25,6092.16015625,5835.7119921875,UP,5252.009765625,5124.180390625,UP,0.8746619218090774,0.9142380985758991,DOWN
2025-06-26,6141.02001953125,5838.251643066406,UP,5244.02978515625,5126.262390136719,UP,0.8781230488119196,0.9142050525437506,DOWN
2025-06-27,6173.06982421875,5840.944091796875,UP,5325.64013671875,5128.586691894531,UP,0.871809670651269,0.9141579598066244,DOWN
2025-06-30,6204.9501953125,5843.877543945313,UP,5303.240234375,5130.926394042969,UP,0.8683978298036186,0.9138962202942349,DOWN
2025-07-01,6198.009765625,5846.299392089843,UP,5282.43017578125,5132.621645507813,UP,0.8780402770783436,0.9133391151229097,DOWN
2025-07-02,6227.419921875,5848.923742675781,UP,5318.72021484375,5134.857546386719,UP,0.8837104035720439,0.9127392101080057,DOWN
2025-07-03,6279.35009765625,5851.727644042969,UP,5343.14990234375,5137.145446777344,UP,0.8791411000145222,0.911909449287517,DOWN
2025-07-04,6279.35009765625,5854.459743652344,UP,5288.81005859375,5138.8858959960935,UP,0.8791411000145222,0.9110664320126791,DOWN
2025-07-07,6229.97998046875,5856.998344726562,UP,5341.5400390625,5141.009145507813,UP,0.8790898908151524,0.9110664320126791,DOWN
2025-07-08,6225.52001953125,5859.399094238282,UP,5371.9501953125,5142.705947265625,UP,0.888001158086805,0.9110664320126791,DOWN
2025-07-09,6263.259765625,5862.0245434570315,UP,5445.64990234375,5144.596945800781,UP,0.883111874155762,0.9107931917431078,DOWN
2025-07-10,6280.4599609375,5864.614443359375,UP,5438.27001953125,5146.786044921875,UP,0.8836365730816316,0.9105309584543646,DOWN
2025-07-11,6259.75,5867.369443359375,UP,5383.47998046875,5148.9326953125,UP,0.8854018026689991,0.9096166363468537,DOWN
2025-07-14,6268.56005859375,5870.164543457031,UP,5370.85009765625,5150.970495605468,UP,0.8790641657079729,0.9091821708873411,DOWN
2025-07-15,6243.759765625,5872.883642578125,UP,5354.169921875,5153.134694824219,UP,0.8705157827696786,0.9087224663541944,DOWN
2025-07-16,6263.7001953125,5875.446794433594,UP,5298.06982421875,5154.850344238282,UP,0.8670746123955891,0.9085759350437932,DOWN
2025-07-17,6297.35986328125,5878.453894042968,UP,5377.14990234375,5156.887543945312,UP,0.8691827552203155,0.9085324914955,DOWN
2025-07-18,6296.7900390625,5881.182194824219,UP,5359.22998046875,5158.938693847656,UP,0.8629557251785017,0.9085112507546926,DOWN
2025-07-21,6305.60009765625,5883.749995117188,UP,5342.97998046875,5160.740744628906,UP,0.8571413376008112,0.9084690774299355,DOWN
2025-07-22,6309.6201171875,5886.397846679687,UP,5290.47998046875,5162.3414453125,UP,0.8585527856151364,0.9082643014266363,DOWN
2025-07-23,6358.91015625,5889.117248535156,UP,5344.25,5164.043095703125,UP,0.8625044253670778,0.9080094096809836,DOWN
2025-07-24,6363.35009765625,5891.634748535156,UP,5355.2001953125,5165.614047851563,UP,0.866104199934495,0.907875138581023,DOWN
2025-07-25,6388.64013671875,5894.501650390625,UP,5352.16015625,5167.641198730469,UP,0.8632039255113878,0.9077974620011473,DOWN
2025-07-28,6389.77001953125,5897.238149414063,UP,5337.580078125,5169.785549316406,UP,0.8637847485678547,0.9077406261200331,DOWN
2025-07-29,6370.85986328125,5899.88509765625,UP,5379.2001953125,5171.945051269531,UP,0.8653364335896712,0.9076989941284138,DOWN
2025-07-30,6362.89990234375,5902.376247558594,UP,5393.18017578125,5173.979602050781,UP,0.8584375017048217,0.9071377796600922,DOWN
2025-07-31,6339.39013671875,5904.803298339843,UP,5319.919921875,5175.873100585937,UP,0.8579995282186318,0.9065584937459633,DOWN
2025-08-01,6238.009765625,5906.737346191407,UP,5319.919921875,5177.776149902344,UP,0.8575044794654566,0.9062500183972841,DOWN
2025-08-04,6329.93994140625,5909.399946289062,UP,5242.31982421875,5179.375,UP,0.8474178440079788,0.9056952550162457,DOWN
2025-08-05,6299.18994140625,5911.8465966796875,UP,5249.58984375,5180.945698242187,UP,0.8500916244302812,0.9052757600921415,DOWN
2025-08-06,6345.06005859375,5914.531296386719,UP,5263.2900390625,5182.54669921875,UP,0.8392982119881675,0.9049947678200353,DOWN
2025-08-07,6340.0,5917.113696289062,UP,5332.06982421875,5184.357897949219,UP,0.8350093878733806,0.9045865241093778,DOWN
2025-08-08,6389.4501953125,5919.89634765625,UP,5347.740234375,5186.346499023438,UP,0.8374451596320756,0.9043054411997065,DOWN
2025-08-11,6373.4501953125,5922.695249023437,UP,5331.85009765625,5188.576999511719,UP,0.8376098301203231,0.9039746159272259,DOWN
2025-08-12,6445.759765625,5926.396796875,UP,5335.97021484375,5191.118701171875,UP,0.8345003722222806,0.9035279373848359,DOWN
2025-08-13,6466.580078125,5930.085698242187,UP,5388.25,5193.671201171875,UP,0.8373120421058966,0.9027778235611676,DOWN
2025-08-14,6468.5400390625,5933.864948730468,UP,5434.7001953125,5196.584201660156,UP,0.8397429864141335,0.9020466886018386,DOWN
2025-08-15,6449.7998046875,5937.200148925781,UP,5448.60986328125,5199.475600585937,UP,0.8397152361062444,0.9019498141962683,DOWN
2025-08-18,6449.14990234375,5939.8006982421875,UP,5434.64013671875,5202.645651855469,UP,0.8373081828517274,0.9013670144464332,DOWN
2025-08-19,6411.3701171875,5941.992048339844,UP,5483.27978515625,5205.802250976562,UP,0.8400289438556785,0.9007578711363151,DOWN
2025-08-20,6395.77978515625,5943.9932470703125,UP,5472.31982421875,5209.150051269531,UP,0.8497506194965422,0.9006947497540558,DOWN
2025-08-21,6370.169921875,5945.837346191406,UP,5462.16015625,5212.190703125,UP,0.8567378722698618,0.9005539748123543,DOWN
2025-08-22,6466.91015625,5948.251945800781,UP,5488.22998046875,5215.908403320313,UP,0.8553261763809341,0.8999000228953957,DOWN
2025-08-25,6439.31982421875,5950.5216455078125,UP,5443.9599609375,5219.42650390625,UP,0.8581563716228386,0.8989876017063322,DOWN
2025-08-26,6465.93994140625,5953.105495605469,UP,5383.68017578125,5222.177255859375,UP,0.8558143277800312,0.8983086848495855,DOWN
2025-08-27,6481.39990234375,5956.15939453125,UP,5393.06982421875,5225.168354492187,UP,0.857708883743591,0.8978809129625278,DOWN
2025-08-28,6501.85986328125,5959.2005932617185,UP,5396.72998046875,5228.200354003906,UP,0.8595259815598019,0.8977558053322665,DOWN
2025-08-29,6460.259765625,5961.9169921875,UP,5351.72998046875,5231.202854003906,UP,0.8699903693204932,0.897304272679156,DOWN
2025-09-01,6460.259765625,5964.632741699219,UP,5367.080078125,5234.389704589844,UP,0.8699903693204932,0.896714083264347,DOWN
2025-09-02,6415.5400390625,5966.966892089844,UP,5291.0400390625,5237.065754394531,UP,0.8785321371798701,0.8958121484796582,DOWN
2025-09-03,6448.259765625,5969.361491699219,UP,5325.009765625,5239.745402832032,UP,0.8660720042441614,0.8924661061085843,DOWN
2025-09-04,6502.080078125,5971.935041503906,UP,5346.7099609375,5242.479602050781,UP,0.8626358123231482,0.8897338963386683,DOWN
2025-09-05,6481.5,5974.234392089844,UP,5318.14990234375,5245.260400390625,UP,0.8515486869058867,0.8895982371249554,DOWN
2025-09-08,6495.14990234375,5976.716440429687,UP,5362.81005859375,5248.408701171875,UP,0.8509426965835178,0.8894410074020332,DOWN
2025-09-09,6512.60986328125,5979.285788574219,UP,5368.81982421875,5251.45955078125,UP,0.8498690525468179,0.8889293950827617,DOWN
2025-09-10,6532.0400390625,5981.7840893554685,UP,5361.47021484375,5254.24490234375,UP,0.8505674183513299,0.8882880852866086,DOWN
2025-09-11,6587.47021484375,5984.485690917969,UP,5386.77001953125,5256.945102539063,UP,0.8475562606003498,0.8877820393835164,DOWN
2025-09-12,6584.2900390625,5987.157741699219,UP,5390.7099609375,5259.506103515625,UP,0.8430189909394458,0.8874867311629446,DOWN
2025-09-15,6615.27978515625,5989.801689453125,UP,5440.39990234375,5262.113002929687,UP,0.8363624121561597,0.8873286054496248,DOWN
2025-09-16,6606.759765625,5992.459938964844,UP,5372.31005859375,5264.216652832031,UP,0.8446638858805948,0.8872466692535881,DOWN
2025-09-17,6600.35009765625,5995.010339355469,UP,5369.7001953125,5266.176254882813,UP,0.8475706812433251,0.8872466692535881,DOWN
2025-09-18,6631.9599609375,5997.905888671875,UP,5456.669921875,5268.5323046875,UP,0.8412361803651807,0.8872466692535881,DOWN
2025-09-19,6664.35986328125,6001.053137207031,UP,5458.419921875,5271.065703125,UP,0.8318792018708554,0.8872466692535881,DOWN
2025-09-22,6693.75,6004.1009375,UP,5442.0498046875,5273.479201660156,UP,0.8255502067545005,0.8872466692535881,DOWN
2025-09-23,6656.919921875,6007.129287109375,UP,5472.39013671875,5276.013503417968,UP,0.8343845618542688,0.8872466692535881,DOWN
2025-09-24,6637.97021484375,6010.063688964844,UP,5464.56005859375,5278.496552734375,UP,0.8373617304307935,0.8872466692535881,DOWN
2025-09-25,6604.72021484375,6012.716889648437,UP,5444.89013671875,5280.985854492187,UP,0.8441326533791816,0.8872466692535881,DOWN
2025-09-26,6643.7001953125,6015.682341308594,UP,5499.7001953125,5283.771455078125,UP,0.8423723673246769,0.8872466692535881,DOWN
2025-09-29,6661.2099609375,6019.627590332031,UP,5506.85009765625,5286.519306640625,UP,0.8337761954807664,0.8872466692535881,DOWN
2025-09-30,6688.4599609375,6023.7344897460935,UP,5529.9599609375,5289.774106445312,UP,0.8284617458972852,0.8872466692535881,DOWN
2025-10-01,6711.2001953125,6027.636240234375,UP,5581.2099609375,5293.368757324219,UP,0.8186575522832501,0.8872466692535881,DOWN
2025-10-02,6715.35009765625,6031.342641601563,UP,5645.81005859375,5297.333156738281,UP,0.8172907312979838,0.8872466692535881,DOWN
2025-10-03,6715.7900390625,6034.721391601563,UP,5651.7099609375,5301.327055664063,UP,0.8223237681741705,0.8872466692535881,DOWN
2025-10-06,6740.27978515625,6038.234841308594,UP,5628.72021484375,5305.206005859375,UP,0.8198245828514553,0.8872466692535881,DOWN
2025-10-07,6714.58984375,6041.953591308594,UP,5613.6201171875,5308.77970703125,UP,0.826907427919365,0.8872466692535881,DOWN
2025-10-08,6753.72021484375,6046.187492675781,UP,5649.72998046875,5312.681958007813,UP,0.8186368477711217,0.8872466692535881,DOWN
2025-10-09,6735.10986328125,6050.454892578125,UP,5625.56005859375,5316.463359375,UP,0.8128975718772312,0.8872466692535881,DOWN
2025-10-10,6552.509765625,6053.874692382812,UP,5531.31982421875,5319.7735595703125,UP,0.8152807177389589,0.8872466692535881,DOWN
2025-10-13,6654.72021484375,6057.435942382813,UP,5568.18994140625,5323.257258300781,UP,0.8108273946093153,0.8872466692535881,DOWN
2025-10-14,6644.31005859375,6060.780593261718,UP,5552.0498046875,5326.084306640625,UP,0.8142462195103888,0.8872466692535881,DOWN
2025-10-15,6671.06005859375,6064.590744628907,UP,5605.02978515625,5329.050356445313,UP,0.8070462218431805,0.8872466692535881,DOWN
2025-10-16,6629.06982421875,6068.14484375,UP,5652.009765625,5332.328454589844,UP,0.8003056761941096,0.8869904121089326,DOWN
2025-10-17,6664.009765625,6071.873642578125,UP,5607.39013671875,5335.275854492187,UP,0.8007864514233797,0.8863749738955333,DOWN
2025-10-20,6735.1298828125,6076.414091796875,UP,5680.93017578125,5338.794206542969,UP,0.8028842347882508,0.8857684179105876,DOWN
2025-10-21,6735.35009765625,6080.909741210938,UP,5686.830078125,5342.457307128906,UP,0.7982298063215529,0.8854614228316924,DOWN
2025-10-22,6699.39990234375,6085.1921899414065,UP,5639.2099609375,5345.751005859375,UP,0.8075365446846455,0.8847348594416267,DOWN
2025-10-23,6738.43994140625,6089.134838867188,UP,5668.330078125,5348.931105957031,UP,0.8114157001180814,0.883889159893149,DOWN
2025-10-24,6791.68994140625,6093.406589355469,UP,5674.5,5351.768955078125,UP,0.8040253138241754,0.8836734883268378,DOWN
2025-10-27,6875.16015625,6097.799089355469,UP,5711.06005859375,5354.582756347656,UP,0.7952212503554791,0.8833742236186968,DOWN
2025-10-28,6890.89013671875,6102.270239257812,UP,5704.35009765625,5357.282307128906,UP,0.7912042652374289,0.8829605245372774,DOWN
2025-10-29,6890.58984375,6106.476987304687,UP,5705.81005859375,5359.981557617188,UP,0.7905966356035319,0.8828066401983397,DOWN
2025-10-30,6822.33984375,6110.1568359375,UP,5699.18017578125,5362.448308105469,UP,0.7965866837922468,0.8817070804069068,DOWN
2025-10-31,6840.2001953125,6113.764287109375,UP,5662.0400390625,5364.671008300781,UP,0.7935215585055763,0.8805269273349154,DOWN
2025-11-03,6851.97021484375,6117.5179370117185,UP,5679.25,5366.9704077148435,UP,0.7895401543459215,0.8803741527903676,DOWN
2025-11-04,6771.5498046875,6121.314287109375,UP,5660.2001953125,5369.329157714844,UP,0.7982194437037348,0.8802355040782269,DOWN
2025-11-05,6796.2900390625,6124.957236328125,UP,5669.1298828125,5371.696257324219,UP,0.7959446820417745,0.8797828797269058,DOWN
2025-11-06,6720.31982421875,6128.36228515625,UP,5611.18017578125,5373.598857421875,UP,0.8106223145797995,0.8792701787793558,DOWN
2025-11-07,6728.7998046875,6131.650434570312,UP,5566.52978515625,5375.0204565429685,UP,0.8158597938009999,0.8791411000145222,DOWN
2025-11-10,6832.43017578125,6135.609936523438,UP,5664.4599609375,5376.908405761718,UP,0.8111312335995099,0.8791154954148372,DOWN
2025-11-11,6846.60986328125,6139.87013671875,UP,5725.7001953125,5379.4473559570315,UP,0.8192425232038476,0.8790770282615626,DOWN
2025-11-12,6850.919921875,6143.935336914063,UP,5787.31005859375,5382.06095703125,UP,0.8176518715111596,0.8788132572919156,DOWN
2025-11-13,6737.490234375,6147.315388183593,UP,5742.7900390625,5384.419306640625,UP,0.8316997766586601,0.8785472430278642,DOWN
2025-11-14,6734.10986328125,6150.568088378906,UP,5693.77001953125,5386.105007324219,UP,0.8323203775050444,0.8784882089171203,DOWN
2025-11-17,6672.41015625,6153.800187988281,UP,5640.93994140625,5387.6827075195315,UP,0.8274983839082275,0.8782836647331451,DOWN
2025-11-18,6617.31982421875,6156.554587402344,UP,5534.7099609375,5388.564758300781,UP,0.841129195026738,0.8781087112696597,DOWN
2025-11-19,6642.16015625,6159.422888183593,UP,5542.0498046875,5389.320456542969,UP,0.8365526730124466,0.8780673254028718,DOWN
2025-11-20,6538.759765625,6161.8568359375,UP,5569.919921875,5390.141806640625,UP,0.8427335929315525,0.8770813883116414,DOWN
2025-11-21,6602.990234375,6164.2964379882815,UP,5515.08984375,5390.214755859375,UP,0.8414617768182968,0.8759564140746815,DOWN
2025-11-24,6705.1201171875,6167.248889160156,UP,5528.669921875,5390.391105957031,UP,0.8298594577809714,0.8752261252067506,DOWN
2025-11-25,6765.8798828125,6170.505139160156,UP,5573.91015625,5390.6615063476565,UP,0.8255186359918969,0.8741351476875889,DOWN
2025-11-26,6812.60986328125,6173.9202880859375,UP,5655.580078125,5391.270207519531,UP,0.8253141956204469,0.87359018163893,DOWN
2025-11-27,6812.60986328125,6177.262587890625,UP,5653.169921875,5392.230207519531,UP,0.8253141956204469,0.8734763798802025,DOWN
2025-11-28,6849.08984375,6180.920437011719,UP,5668.169921875,5393.265908203125,UP,0.8278310663626717,0.8725952203499572,DOWN
2025-12-01,6812.6298828125,6184.917937011719,UP,5667.47998046875,5394.229057617187,UP,0.833298052982586,0.8711627267104738,DOWN
2025-12-02,6829.3701171875,6189.148537597656,UP,5686.169921875,5395.391108398438,UP,0.8250474931583228,0.870253076045086,DOWN
2025-12-03,6849.72021484375,6193.620888671875,UP,5694.56005859375,5396.624409179687,UP,0.8318481105393417,0.8699903693204932,DOWN
2025-12-04,6857.1201171875,6198.126188964844,UP,5718.080078125,5397.574858398438,UP,0.8330888231057336,0.8695865622704044,DOWN
2025-12-05,6870.39990234375,6203.170339355469,UP,5723.93017578125,5398.831708984375,UP,0.8298136964771179,0.868790292511967,DOWN
2025-12-08,6846.509765625,6207.630388183594,UP,5725.58984375,5400.141958007813,UP,0.8252108597119687,0.8677362210996038,DOWN
2025-12-09,6840.509765625,6212.5843359375,UP,5718.31982421875,5401.030107421875,UP,0.8253113219741448,0.8665894061650421,DOWN
2025-12-10,6886.68017578125,6218.126987304688,UP,5708.1201171875,5402.634157714844,UP,0.829518009905475,0.8660881020893282,DOWN
2025-12-11,6901.0,6223.418837890625,UP,5753.9599609375,5403.958356933594,UP,0.8341990795427459,0.8657042189169163,DOWN
2025-12-12,6827.41015625,6228.863288574219,UP,5720.7099609375,5404.9595556640625,UP,0.8397787734123009,0.8645605910787629,DOWN
2025-12-15,6816.509765625,6234.094836425781,UP,5752.52001953125,5406.380104980469,UP,0.8364073388854076,0.8634943370396213,DOWN
2025-12-16,6800.259765625,6240.023334960937,UP,5717.830078125,5408.03435546875,UP,0.824599618233693,0.8630798253449448,DOWN
2025-12-17,6721.43017578125,6245.77013671875,UP,5681.669921875,5409.893205566406,UP,0.844321036023774,0.862795768750825,DOWN
2025-12-18,6774.759765625,6251.647436523437,UP,5741.7099609375,5411.804655761719,UP,0.829097042333899,0.862570118845113,DOWN
2025-12-19,6834.5,6258.212336425781,UP,5760.35009765625,5413.964455566406,UP,0.8280173285648494,0.8610152034634398,DOWN
2025-12-22,6878.490234375,6264.410087890625,UP,5743.68994140625,5415.662004394531,UP,0.8329519527710316,0.8590393835874691,DOWN
2025-12-23,6909.7900390625,6270.5834375,UP,5749.27978515625,5417.180654296875,UP,0.8355482311136411,0.858495143659979,DOWN
2025-12-24,6932.0498046875,6277.170385742187,UP,5749.27978515625,5418.5020043945315,UP,0.8330554369185043,0.8582969366638302,DOWN
2025-12-26,6929.93994140625,6283.443635253906,UP,5749.27978515625,5419.711604003906,UP,0.8334415432627134,0.8580779499207352,DOWN
2025-12-29,6905.740234375,6289.657885742187,UP,5751.7099609375,5421.215502929687,UP,0.8356054944778344,0.8578542059811114,DOWN
2025-12-30,6896.240234375,6295.801286621094,UP,5796.22021484375,5423.077453613281,UP,0.8398914807341604,0.8576066816045238,DOWN
2025-12-31,6845.5,6301.1909375,UP,5796.22021484375,5424.979604492188,UP,0.8404808592691884,0.857322908533134,DOWN
2026-01-02,6858.47021484375,6306.6000390625,UP,5796.22021484375,5426.585305175781,UP,0.8502850603741944,0.8569396049353365,DOWN
2026-01-05,6902.0498046875,6312.549287109375,UP,5923.68994140625,5429.145305175782,UP,0.8641412509345987,0.8569396049353365,DOWN
2026-01-06,6944.81982421875,6318.8068359375,UP,5931.7900390625,5431.898854980469,UP,0.8525486250186973,0.8562761000249465,DOWN
2026-01-07,6920.93017578125,6325.506787109375,UP,5923.56982421875,5434.859704589844,UP,0.8471773848128841,0.8555702520804827,DOWN
2026-01-08,6921.4599609375,6332.054836425781,UP,5904.31982421875,5438.1393530273435,UP,0.8624938064987477,0.8555702520804827,DOWN
2026-01-09,6966.27978515625,6338.720886230469,UP,5997.47021484375,5441.525205078125,UP,0.856098490187667,0.8555702520804827,DOWN
2026-01-12,6977.27001953125,6345.252385253906,UP,6016.2998046875,5445.086953125,UP,0.8530704079783666,0.8541982921796504,DOWN
2026-01-13,6963.740234375,6353.088486328125,UP,6029.830078125,5449.669704589844,UP,0.8548658050371885,0.8539681065077775,DOWN
2026-01-14,6926.60009765625,6362.351086425781,UP,6005.0498046875,5455.303403320312,UP,0.8674035172426462,0.8539681065077775,UP
2026-01-15,6944.47021484375,6371.7621875,UP,6041.14013671875,5462.227053222657,UP,0.8597440366114413,0.8539681065077775,UP
2026-01-16,6940.009765625,6381.548386230469,UP,6029.4501953125,5468.5060546875,UP,0.8587829804731897,0.8539681065077775,UP
2026-01-19,6940.009765625,6388.963935546875,UP,5925.81982421875,5475.024453125,UP,0.8587829804731897,0.8539681065077775,UP
2026-01-20,6796.85986328125,6396.607985839843,UP,5892.080078125,5480.39025390625,UP,0.8736699060618339,0.8539681065077775,UP
2026-01-21,6875.6201171875,6404.169287109375,UP,5882.8798828125,5485.868503417969,UP,0.8773687035798519,0.8539681065077775,UP
2026-01-22,6913.35009765625,6411.706186523437,UP,5956.169921875,5491.09240234375,UP,0.8777259503857221,0.8539681065077775,UP
2026-01-23,6915.60986328125,6419.301086425781,UP,5948.2001953125,5495.9812524414065,UP,0.8798185205808446,0.8539681065077775,UP
2026-01-26,6950.22998046875,6427.673735351563,UP,5957.7998046875,5500.937751464844,UP,0.8808951294727544,0.8539681065077775,UP
2026-01-27,6978.60009765625,6436.153234863281,UP,5994.58984375,5506.2340014648435,UP,0.8769008619090025,0.8539681065077775,UP
2026-01-28,6978.02978515625,6445.2523828125,UP,5933.2001953125,5511.223303222656,UP,0.8821417095990186,0.8539681065077775,UP
2026-01-29,6969.009765625,6453.6586328125,UP,5891.9501953125,5515.875803222656,UP,0.8952663426192377,0.8539681065077775,UP
2026-01-30,6939.02978515625,6461.474482421875,UP,5947.81005859375,5520.12115234375,UP,0.8967855985585582,0.8539681065077775,UP
2026-02-02,6976.43994140625,6468.93283203125,UP,6007.509765625,5524.583801269531,UP,0.8862507127225072,0.8539681065077775,UP
2026-02-03,6917.81005859375,6475.895832519531,UP,5995.35009765625,5528.789951171875,UP,0.9112703786409614,0.8539681065077775,UP
2026-02-04,6882.72021484375,6482.66568359375,UP,5970.47021484375,5532.789851074219,UP,0.9356200667031958,0.8539681065077775,UP
2026-02-05,6798.39990234375,6488.853532714844,UP,5925.7001953125,5536.608852539062,UP,0.9340240896962634,0.8539681065077775,UP
2026-02-06,6932.2998046875,6495.669731445312,UP,5998.39990234375,5540.799750976563,UP,0.9308643116819793,0.8539681065077775,UP
2026-02-09,6964.81982421875,6502.473129882813,UP,6059.009765625,5545.293698730468,UP,0.9300667955320798,0.8539681065077775,UP
2026-02-10,6941.81005859375,6508.7488305664065,UP,6047.06005859375,5549.103049316406,UP,0.9257651306472308,0.8539681065077775,UP
2026-02-11,6941.47021484375,6515.204282226562,UP,6035.64013671875,5552.866000976563,UP,0.9341228319360924,0.8539681065077775,UP
2026-02-12,6832.759765625,6521.333530273438,UP,6011.2900390625,5556.6055517578125,UP,0.9277290752307136,0.8539681065077775,UP
2026-02-13,6836.169921875,6527.357980957031,UP,5985.22998046875,5560.380751953125,UP,0.9251619500273061,0.8539681065077775,UP
2026-02-16,6836.169921875,6533.219130859375,UP,5978.8798828125,5563.8304516601565,UP,0.9251619500273061,0.8539681065077775,UP
2026-02-17,6843.22021484375,6539.135681152344,UP,6021.85009765625,5567.391000976562,UP,0.9191901641727167,0.8539681065077775,UP
2026-02-18,6881.31005859375,6544.321281738281,UP,6103.3701171875,5570.946052246094,UP,0.9310367296312038,0.8539681065077775,UP
2026-02-19,6861.89013671875,6549.197983398438,UP,6059.6201171875,5574.163103027344,UP,0.9351694669365213,0.8539681065077775,UP
2026-02-20,6909.509765625,6554.2826318359375,UP,6131.31005859375,5577.802453613282,UP,0.9301648482729844,0.8539681065077775,UP
2026-02-23,6837.75,6558.886730957031,UP,6113.919921875,5581.3116528320315,UP,0.936035604395207,0.8539681065077775,UP
2026-02-24,6890.06982421875,6563.545180664062,UP,6116.60009765625,5584.757004394532,UP,0.9270953913952086,0.8539681065077775,UP
2026-02-25,6946.1298828125,6568.457829589844,UP,6173.31982421875,5588.487453613281,UP,0.921522649608029,0.8539681065077775,UP
2026-02-26,6908.85986328125,6573.299829101563,UP,6161.56005859375,5592.022004394531,UP,0.9304652926009118,0.8539681065077775,UP
2026-02-27,6878.8798828125,6578.471179199219,UP,6138.41015625,5595.441755371094,UP,0.9389966053831121,0.8539681065077775,UP
2026-03-02,6881.6201171875,6583.669230957032,UP,5986.93017578125,5598.254006347656,UP,0.9519303355580855,0.8539681065077775,UP
2026-03-03,6816.6298828125,6588.73828125,UP,5771.72998046875,5600.481105957031,UP,0.9543634083251408,0.8539681065077775,UP
2026-03-04,6869.5,6594.071682128906,UP,5870.919921875,5602.859055175782,UP,0.9431469939973973,0.8539681065077775,UP
2026-03-05,6830.7099609375,6598.617531738281,UP,5782.89013671875,5604.696254882812,UP,0.9435560618173676,0.8539681065077775,UP
2026-03-06,6740.02001953125,6602.8748828125,UP,5719.89990234375,5606.403803710938,UP,0.9595974060461948,0.8539681065077775,UP
2026-03-09,6795.990234375,6607.293984375,UP,5685.2001953125,5607.937854003906,UP,0.9470733737468235,0.8539681065077775,UP
2026-03-10,6781.47998046875,6611.642934570313,UP,5837.169921875,5610.290754394531,UP,0.9458068425179665,0.8539681065077775,UP
2026-03-11,6775.7998046875,6615.8422338867185,UP,5794.68017578125,5612.486354980469,UP,0.9573463804695918,0.8539681065077775,UP
2026-03-12,6672.6201171875,6619.353483886719,UP,5748.89013671875,5614.3523046875,UP,0.9747003845418418,0.8539681065077775,UP
2026-03-13,6632.18994140625,6622.660383300781,UP,5716.60986328125,5615.909604492187,UP,0.9760390201149163,0.8539681065077775,UP
2026-03-16,6699.3798828125,6626.4607836914065,UP,5739.009765625,5617.551904296875,UP,0.9662275137391733,0.8539681065077775,UP
2026-03-17,6725.27001953125,6630.0853344726565,UP,5769.25,5619.2473046875,UP,0.9730642653483129,0.8539681065077775,UP
